BPL,ID HK,NQR,P/W,LN,Lernort,ID LK,Beschreibung LK,ID LFE,Handlungsnotwendiges Wissen,Abfolge,Lektionen,ID LZ,Beschreibung LZ,Taxonomie LZ,Semester,Note zu HKB
ET,9999 b.01,NQR 4,P,LN 4,BFS,ET b1 07,Sie erarbeiten klassische Grundschaltungen.,LFB_El_DT1,"Analog-Digital, Binärsystem, Spannung, Strom, logische Operationen, Wertetabelle",1,25,LZ_4242,Sie zeichnen Wertetabellen mit Eingangs- und Ausgangsvariablen auf.,K3,1. Sem.,1
ET,9999 b.01,NQR 4,P,LN 4,BFS,ET b1 07,Sie erarbeiten klassische Grundschaltungen.,LFB_El_DT1,,,,LZ_130,"Sie beschreiben die Grundverknüpfungen UND, ODER, NICHT, NAND, NOR und erkennen deren Symbole.",K2,1. Sem.,1
ET,9999 b.01,NQR 4,P,LN 4,BFS,ET b1 07,Sie erarbeiten klassische Grundschaltungen.,LFB_El_DT1,,,,LZ_2224,Sie entwickeln kombinatorische Schaltungen.,K5,1. Sem.,1
ET,9999 b.01,NQR 4,P,LN 4,BFS,ET b1 07,Sie erarbeiten klassische Grundschaltungen.,LFB_El_DT1,,,,LZ_2225,Sie wenden die grundlegenden Gesetze der Schaltalgebra an.,K3,1. Sem.,1
ET,9999 b.01,NQR 4,P,LN 4,BFS,ET b1 07,Sie erarbeiten klassische Grundschaltungen.,LFB_El_DT1,,,,LZ_2226,Sie entwerfen und zeichnen logische Signalverknüpfungen.,K5,1. Sem.,1
ET,9999 b.01,NQR 4,P,LN 4,BFS,ET b1 07,Sie erarbeiten klassische Grundschaltungen.,LFB_El_DT1,,,,LZ_4255,Sie erläutern die digitalen Pegel der Schaltkreisfamilien.,K2,1. Sem.,1
ET,9999 b.01,NQR 4,P,LN 4,BFS,ET b1 07,Sie erarbeiten klassische Grundschaltungen.,LFB_El_DT1,,,,LZ_4256,Sie geben die wichtigsten Eigenschaften der aktuellen Schaltkreisfamilien wieder.,K1,1. Sem.,1
ET,9999 b.01,NQR 4,P,LN 4,BFS,ET b1 07,Sie erarbeiten klassische Grundschaltungen.,LFB_El_DT1,,,,LZ_2229,Sie wenden arithmetische und logische Operationen am Byte sowie Halb- und Volladdierer an.,K3,1. Sem.,1
ET,9999 b.01,NQR 4,P,LN 4,BFS,ET b1 07,Sie erarbeiten klassische Grundschaltungen.,LFB_El_DT1,,,,LZ_4258,"Sie beschreiben Binär-, BCD-, Gray-Code, Unicode und ASCII-Code.",K2,1. Sem.,1
ET,9999 b.01,NQR 4,P,LN 4,BFS,ET b1 07,Sie erarbeiten klassische Grundschaltungen.,LFB_El_DT1,,,,LZ_27,"Sie stellen den Zusammenhang zwischen einer Funktionsgleichung, einer Wertetabelle und dem Graphen einer Funktion her.",K3,1. Sem.,1
ET,9999 b.01,NQR 4,P,LN 4,BFS,ET b1 07,Sie erarbeiten klassische Grundschaltungen.,LFB_El_DT1,,,,LZ_29,"Sie unterscheiden logische Grundfunktionen anhand des Symbols, der Wertetabelle, der Funktionsgleichung und des Zeitdiagrammes.",K4,1. Sem.,1
ET,9999 b.01,NQR 4,P,LN 4,BFS,ET b1 07,Sie erarbeiten klassische Grundschaltungen.,LFB_El_DT1,,,,LZ_2223,"Sie nennen Beispiele von integrierten Schaltungen wie AND, OR, NOT.",K1,1. Sem.,1
ET,9999 b.01,NQR 4,P,LN 4,BFS,ET b1 08,Sie simulieren elektronische Schaltungen.,LFB_El_DT1,Grundkenntnisse Simulationstool,2,5,LZ_2230,Sie simulieren Grundschaltungen im digitalen Bereich.,K4,1. Sem.,1
ET,9999 b.01,NQR 4,P,LN 4,BFS,ET b1 08,Sie simulieren elektronische Schaltungen.,LFB_El_DT1,,,,LZ_2227,Sie analysieren und entwickeln einfache Logikschaltungen.,K4,1. Sem.,1
ET,9999 b.01,NQR 4,P,LN 4,BFS,ET b1 07,Sie erarbeiten klassische Grundschaltungen.,LFB_El_DT2,"Digitale Grundfunktionen; FlipFlop als: 1Bit Speicher, Baustein für Zähler, Schieberegister",1,15,LZ_9041,Sie erklären die Grundfunktion einer einfachen Speicherschaltung mit Flipflops.,K2,2. Sem.,1
ET,9999 b.01,NQR 4,P,LN 4,BFS,ET b1 07,Sie erarbeiten klassische Grundschaltungen.,LFB_El_DT2,,,,LZ_9042,Sie erklären die Funktion und unterscheiden taktzustands- und taktflankengesteuerter Flipflops.,K2,2. Sem.,1
ET,9999 b.01,NQR 4,P,LN 4,BFS,ET b1 07,Sie erarbeiten klassische Grundschaltungen.,LFB_El_DT2,,,,LZ_9043,Sie setzen unterschiedliche Speicherschaltungen in einer digitalen Schaltung ein.,K3,2. Sem.,1
ET,9999 b.01,NQR 4,P,LN 4,BFS,ET b1 07,Sie erarbeiten klassische Grundschaltungen.,LFB_El_DT2,,,,LZ_9044,Sie setzen zeitabhängige Monoflops/ Verzögerungsglieder in Schaltungen ein.,K3,2. Sem.,1
ET,9999 b.01,NQR 4,P,LN 4,BFS,ET b1 07,Sie erarbeiten klassische Grundschaltungen.,LFB_El_DT2,,,,LZ_9045,Sie unterscheiden unterschiedliche Arten von Zählerbausteinen und setzen diese in digitalen Schaltungen ein.,K3,2. Sem.,1
ET,9999 b.01,NQR 4,P,LN 4,BFS,ET b1 08,Sie simulieren elektronische Schaltungen.,LFB_El_DT2,Grundkenntnisse Simulationstool,2,5,LZ_9039,Sie simulieren Schaltungen mit Flipflops.,K3,2. Sem.,1
ET,9999 a.02,NQR 5,P,LN 3,BFS,MEM 08 03,Sie wenden bei der Bearbeitung technischer Problemstellungen mathematische Konzepte an.,LFB_El_Dim1,"Herangehensweise an eine mathematische Problemstellung, Umstellen von Formeln, Umgang mit Einheiten",1,2,LZ_6957,Sie berechnen einfache Parallelschaltungen (maximal zwei Widerstände).,K3,1. Sem.,0
ET,9999 a.02,NQR 5,P,LN 3,BFS,MEM 08 03,Sie wenden bei der Bearbeitung technischer Problemstellungen mathematische Konzepte an.,LFB_El_Dim1,,,,LZ_1923,Sie vereinfachen schrittweise Netzwerke aus drei Widerständen und führen Berechnungen für gemischte Schaltungen durch.,K4,1. Sem.,0
ET,9999 a.02,NQR 5,P,LN 3,BFS,MEM 08 03,Sie wenden bei der Bearbeitung technischer Problemstellungen mathematische Konzepte an.,LFB_El_Dim1,,,,LZ_44,Sie setzen Zahlen mit den entsprechenden Einheiten in vorgegebene Formeln ein und berechnen diese.,K3,1. Sem.,0
ET,9999 a.02,NQR 5,P,LN 3,BFS,MEM 08 03,Sie wenden bei der Bearbeitung technischer Problemstellungen mathematische Konzepte an.,LFB_El_Dim1,,,,LZ_3115,Sie führen Berechnungen von SI-Einheiten und den gebräuchlichen Massvorsätzen aus.,K3,1. Sem.,0
ET,9999 a.02,NQR 5,P,LN 3,BFS,MEM 08 01,"Sie planen ihre Arbeit unter Einbezug der Werkstoff-, Fertigungs- und Maschinentechnik und führen sie aus.",LFB_El_Dim1,"Physikalische Eigenschaften von Widerstandswerkstoffen, Verhalten bei Temperaturänderungen",2,1,LZ_3611,"Sie kennen Werkstoffe für elektrische Widerstände (darunter Draht-, Kohleschicht-, Metallschicht- und Metalloxydwiderstand) in Bezug auf spezifischem Widerstand, Temperaturkoeffizient und Langzeitstabilität.",K1,1. Sem.,0
ET,9999 a.02,NQR 5,P,LN 3,BFS,MEM 08 01,"Sie planen ihre Arbeit unter Einbezug der Werkstoff-, Fertigungs- und Maschinentechnik und führen sie aus.",LFB_El_Dim1,,,,LZ_1918,Sie berechnen die Änderung des Widerstands als Resultat der Temperaturveränderung.,K3,1. Sem.,0
ET,9999 a.02,NQR 5,P,LN 3,BFS,MEM 08 02,Sie planen ihre Arbeit unter Einbezug naturwissenschaftlicher Aspekte und führen sie aus.,LFB_El_Dim1,Umgang mit Mess-/Prüfprotokollen,3,1,LZ_7857,Sie füllen die vorgegebenen Prüfprotokolle aus.,K3,1. Sem.,0
ET,9999 a.02,NQR 5,P,LN 3,BFS,MEM 08 02,Sie planen ihre Arbeit unter Einbezug naturwissenschaftlicher Aspekte und führen sie aus.,LFB_El_Dim1,,,,LZ_7995,Sie handhaben vorgegebene Prüfdokumente und dokumentieren die Prüfergebnisse im Prüfprotokoll.,K3,1. Sem.,0
ET,9999 b.01,NQR 4,P,LN 4,BFS,ET b1 07,Sie erarbeiten klassische Grundschaltungen.,LFB_El_Dim1,"Ohm'sches Gesetz, Knotenregel, Maschensatz, Quellen, Ersatzschaltungen",4,8,LZ_1899,Sie unterscheiden und berechnen die Schaltungen von Spannungsteilern und Vorwiderständen.,K4,1. Sem.,1
ET,9999 b.01,NQR 4,P,LN 4,BFS,ET b1 07,Sie erarbeiten klassische Grundschaltungen.,LFB_El_Dim1,,,,LZ_1923,Sie vereinfachen schrittweise Netzwerke aus drei Widerständen und führen Berechnungen für gemischte Schaltungen durch.,K4,1. Sem.,1
ET,9999 b.01,NQR 4,P,LN 4,BFS,ET b1 07,Sie erarbeiten klassische Grundschaltungen.,LFB_El_Dim1,,,,LZ_3826,Sie berechnen den Ersatzwiderstand.,K3,1. Sem.,1
ET,9999 b.01,NQR 4,P,LN 4,BFS,ET b1 07,Sie erarbeiten klassische Grundschaltungen.,LFB_El_Dim1,,,,LZ_1891,Sie berechnen die Parallel- und Serienschaltung.,K3,1. Sem.,1
ET,9999 b.01,NQR 4,P,LN 4,BFS,ET b1 07,Sie erarbeiten klassische Grundschaltungen.,LFB_El_Dim1,,,,LZ_1924,Sie berechnen einfache gemischte Schaltungen.,K3,1. Sem.,1
ET,9999 b.01,NQR 4,P,LN 4,BFS,ET b1 07,Sie erarbeiten klassische Grundschaltungen.,LFB_El_Dim1,,,,LZ_1943,Sie berechnen die Spannungsverhältnisse von unbelasteten Brückenschaltungen.,K3,1. Sem.,1
ET,9999 b.01,NQR 4,P,LN 4,BFS,ET b1 07,Sie erarbeiten klassische Grundschaltungen.,LFB_El_Dim1,,,,LZ_1908,Sie berechnen die Klemmenspannung bei Belastung.,K3,1. Sem.,1
ET,9999 b.01,NQR 4,P,LN 4,BFS,ET b1 07,Sie erarbeiten klassische Grundschaltungen.,LFB_El_Dim1,,,,LZ_3850,Sie erklären die Abhängigkeit der Klemmenspannung vom Laststrom.,K2,1. Sem.,1
ET,9999 b.01,NQR 4,P,LN 4,BFS,ET b1 07,Sie erarbeiten klassische Grundschaltungen.,LFB_El_Dim1,,,,LZ_3855,Sie berechnen die Leerlaufspannung und den Kurzschlussstrom aus der Lastkennlinie.,K3,1. Sem.,1
ET,9999 b.01,NQR 4,P,LN 4,BFS,ET b1 07,Sie erarbeiten klassische Grundschaltungen.,LFB_El_Dim1,,,,LZ_3862,Sie berechnen die Umwandlung von Quellen (Strom- und Spannungsquellen).,K3,1. Sem.,1
ET,9999 b.01,NQR 4,P,LN 4,BFS,ET b1 07,Sie erarbeiten klassische Grundschaltungen.,LFB_El_Dim1,,,,LZ_5580,"Sie unterscheiden die Betriebsbedingungen Leerlauf, Belastung und Kurzschluss an der Lastkennlinie.",K4,1. Sem.,1
ET,9999 b.01,NQR 4,P,LN 4,BFS,ET b1 06,Sie dimensionieren elektronische Komponenten.,LFB_El_Dim1,"Ohm'sches Gesetz, Knotenregel, Maschensatz, Verlustleistung, Toleranzen, Normreihen",5,5,LZ_1905,Sie berechnen den Widerstand und den Leitwert.,K3,1. Sem.,1
ET,9999 b.01,NQR 4,P,LN 4,BFS,ET b1 06,Sie dimensionieren elektronische Komponenten.,LFB_El_Dim1,,,,LZ_4147,Sie unterscheiden Spannungs- und Stromquellen hinsichtlich ihres Innenwiderstands und ihres Verhaltens unter Last.,K4,1. Sem.,1
ET,9999 b.01,NQR 4,P,LN 4,BFS,ET b1 06,Sie dimensionieren elektronische Komponenten.,LFB_El_Dim1,,,,LZ_1915,Sie erklären und berechnen bei Erzeugern die Abhängigkeit der Klemmenspannung vom Laststrom.,K2,1. Sem.,1
ET,9999 b.01,NQR 4,P,LN 4,BFS,ET b1 06,Sie dimensionieren elektronische Komponenten.,LFB_El_Dim1,,,,LZ_3844,Sie berechnen die Brückenschaltung.,K3,1. Sem.,1
ET,9999 b.01,NQR 4,P,LN 4,BFS,ET b1 08,Sie simulieren elektronische Schaltungen.,LFB_El_Dim1,Handhabung einer Simulationssoftware,6,4,LZ_1949,"Sie zeichnen gemischte Schaltungen auf, erklären, berechnen und messen sie aus.",K3,1. Sem.,1
ET,9999 b.01,NQR 4,P,LN 4,BFS,ET b1 08,Sie simulieren elektronische Schaltungen.,LFB_El_Dim1,,,,LZ_1952,"Sie zeichnen, berechnen und vermessen Serien- und Parallelschaltungen.",K3,1. Sem.,1
ET,9999 b.01,NQR 4,P,LN 4,BFS,ET b1 08,Sie simulieren elektronische Schaltungen.,LFB_El_Dim1,,,,LZ_9030,Sie messen Schaltungen in einem Simulationstool aus.,K3,1. Sem.,1
ET,9999 b.04,NQR 4,P,LN 4,BFS,ET b4 09,Sie schätzen den Einfluss von Messgeräten auf Beispielschaltungen ab.,LFB_El_Dim1,"Umgang mit Labormessgeräten, Aufbau eines Messgeräts",7,5,LZ_1993,Sie erklären den Einfluss des Innenwiderstandes.,K2,1. Sem.,1
ET,9999 b.04,NQR 4,P,LN 4,BFS,ET b4 09,Sie schätzen den Einfluss von Messgeräten auf Beispielschaltungen ab.,LFB_El_Dim1,,,,LZ_124,"Sie wenden Messgeräte zur Messung von Spannung, Strom und Widerstand an.",K3,1. Sem.,1
ET,9999 b.04,NQR 4,P,LN 4,BFS,ET b4 09,Sie schätzen den Einfluss von Messgeräten auf Beispielschaltungen ab.,LFB_El_Dim1,,,,LZ_1948,Sie führen Strom- und Spannungsmessungen in Stromkreisen durch.,K3,1. Sem.,1
ET,9999 b.04,NQR 4,P,LN 4,BFS,ET b4 09,Sie schätzen den Einfluss von Messgeräten auf Beispielschaltungen ab.,LFB_El_Dim1,,,,LZ_1951,Sie erläutern die Eigenschaften von digitalen und analogen Messgeräten.,K2,1. Sem.,1
ET,9999 a.02,NQR 5,P,LN 3,BFS,MEM 08 03,Sie wenden bei der Bearbeitung technischer Problemstellungen mathematische Konzepte an.,LFB_El_Dim2,"Herangehensweise an eine mathematische Problemstellung, Umstellen von Formeln, Umgang mit Einheiten",1,2,LZ_44,Sie setzen Zahlen mit den entsprechenden Einheiten in vorgegebene Formeln ein und berechnen diese.,K3,3. Sem.,0
ET,9999 a.02,NQR 5,P,LN 3,BFS,MEM 08 03,Sie wenden bei der Bearbeitung technischer Problemstellungen mathematische Konzepte an.,LFB_El_Dim2,,,,LZ_3115,Sie führen Berechnungen von SI-Einheiten und den gebräuchlichen Massvorsätzen aus.,K3,3. Sem.,0
ET,9999 a.02,NQR 5,P,LN 3,BFS,MEM 08 01,"Sie planen ihre Arbeit unter Einbezug der Werkstoff-, Fertigungs- und Maschinentechnik und führen sie aus.",LFB_El_Dim2,"Physikalische Eigenschaften von el. Werkstoffen, Verhalten bei Temperaturänderungen",2,1,LZ_3967,"Sie beschreiben den Aufbau, die Eigenschaften und die Anwendungsbereiche der wichtigsten Kondensatortypen.",K2,3. Sem.,0
ET,9999 a.02,NQR 5,P,LN 3,BFS,MEM 08 02,Sie planen ihre Arbeit unter Einbezug naturwissenschaftlicher Aspekte und führen sie aus.,LFB_El_Dim2,Umgang mit Mess-/Prüfprotokollen,3,2,LZ_7857,Sie füllen die vorgegebenen Prüfprotokolle aus.,K3,3. Sem.,0
ET,9999 a.02,NQR 5,P,LN 3,BFS,MEM 08 02,Sie planen ihre Arbeit unter Einbezug naturwissenschaftlicher Aspekte und führen sie aus.,LFB_El_Dim2,,,,LZ_7995,Sie handhaben vorgegebene Prüfdokumente und dokumentieren die Prüfergebnisse im Prüfprotokoll.,K3,3. Sem.,0
ET,9999 b.01,NQR 4,P,LN 4,BFS,ET b1 07,Sie erarbeiten klassische Grundschaltungen.,LFB_El_Dim2,"Ohm'sches Gesetz, Grundlagen zu Kapazitäten und Induktivitäten",4,14,LZ_1891,Sie berechnen die Parallel- und Serienschaltung.,K3,3. Sem.,1
ET,9999 b.01,NQR 4,P,LN 4,BFS,ET b1 07,Sie erarbeiten klassische Grundschaltungen.,LFB_El_Dim2,,,,LZ_1924,Sie berechnen einfache gemischte Schaltungen.,K3,3. Sem.,1
ET,9999 b.01,NQR 4,P,LN 4,BFS,ET b1 07,Sie erarbeiten klassische Grundschaltungen.,LFB_El_Dim2,,,,LZ_2052,"Sie beschreiben die Anwendungen des Kondensators, einschliesslich der Zeitverzögerung, Energiespeicherung, Überspannungsschutz, Störschutz und Kompensation.",K2,3. Sem.,1
ET,9999 b.01,NQR 4,P,LN 4,BFS,ET b1 07,Sie erarbeiten klassische Grundschaltungen.,LFB_El_Dim2,,,,LZ_9027,"Sie beschreiben die Anwendungen der Spule, einschliesslich der Induktionsspannung, Energiespeicherung, Filterung, Entstörung und Blindleistungskompensation.",K2,3. Sem.,1
ET,9999 b.01,NQR 4,P,LN 4,BFS,ET b1 06,Sie dimensionieren elektronische Komponenten.,LFB_El_Dim2,"Ohm'sches Gesetz, Grundlagen zu Kapazitäten und Induktivitäten",5,13,LZ_3977,Sie berechnen Serie- und Parallelschaltungen von Kondensatoren.,K3,3. Sem.,1
ET,9999 b.01,NQR 4,P,LN 4,BFS,ET b1 06,Sie dimensionieren elektronische Komponenten.,LFB_El_Dim2,,,,LZ_2639,Sie unterscheiden den Aufbau und die Kennzeichnung von polarisierten und unpolarisierten Kondensatoren und nennen deren Anwendungen.,K4,3. Sem.,1
ET,9999 b.01,NQR 4,P,LN 4,BFS,ET b1 06,Sie dimensionieren elektronische Komponenten.,LFB_El_Dim2,,,,LZ_3966,"Sie beschreiben den Zusammenhang zwischen Ladung, Kapazität, Energie, Spannung, Strom und Zeit und führen Berechnungen durch.",K2,3. Sem.,1
ET,9999 b.01,NQR 4,P,LN 4,BFS,ET b1 06,Sie dimensionieren elektronische Komponenten.,LFB_El_Dim2,,,,LZ_9025,Sie berechnen Serie- und Parallelschaltungen von Spulen.,K3,3. Sem.,1
ET,9999 b.01,NQR 4,P,LN 4,BFS,ET b1 06,Sie dimensionieren elektronische Komponenten.,LFB_El_Dim2,,,,LZ_9026,"Sie erläutern den Zusammenhang zwischen Induktivität, Strom, Energie, Spannung, Magnetfeld und Zeit und wenden dieses Wissen zur Durchführung von Berechnungen an.",K3,3. Sem.,1
ET,9999 b.04,NQR 4,P,LN 3,BFS,ET b4 08,Sie stellen die Signalverläufe von klassischen Grundschaltungen grafisch dar.,LFB_El_Dim2,Umgang mit Tabellenkalkulationsprogrammen,6,4,LZ_1990,Sie berechnen Lade- und Entladekapazitäten.,K3,3. Sem.,1
ET,9999 b.04,NQR 4,P,LN 3,BFS,ET b4 08,Sie stellen die Signalverläufe von klassischen Grundschaltungen grafisch dar.,LFB_El_Dim2,,,,LZ_3982,Sie zeichnen das zeitliche Verhalten von Spannungen und Strömen in RC-Schaltungen auf und berechnen die Grössen (e-Funktion).,K3,3. Sem.,1
ET,9999 b.04,NQR 4,P,LN 3,BFS,ET b4 08,Sie stellen die Signalverläufe von klassischen Grundschaltungen grafisch dar.,LFB_El_Dim2,,,,LZ_3988,Sie zeichnen und berechnen die Lade- und Entladefunktion des Kondensators bei konstantem Strom.,K3,3. Sem.,1
ET,9999 b.04,NQR 4,P,LN 3,BFS,ET b4 08,Sie stellen die Signalverläufe von klassischen Grundschaltungen grafisch dar.,LFB_El_Dim2,,,,LZ_3994,Sie zeichnen das Impulsverhalten von RC-Schaltungen auf.,K3,3. Sem.,1
ET,9999 b.04,NQR 4,P,LN 3,BFS,ET b4 08,Sie stellen die Signalverläufe von klassischen Grundschaltungen grafisch dar.,LFB_El_Dim2,,,,LZ_2057,Sie beschreiben den Prozess der Induktion und Selbstinduktion.,K2,3. Sem.,1
ET,9999 b.04,NQR 4,P,LN 3,BFS,ET b4 08,Sie stellen die Signalverläufe von klassischen Grundschaltungen grafisch dar.,LFB_El_Dim2,,,,LZ_9024,Sie zeichnen das Impulsverhalten von RL-Schaltungen auf.,K3,3. Sem.,1
ET,9999 b.01,NQR 4,P,LN 4,BFS,ET b1 08,Sie simulieren elektronische Schaltungen.,LFB_El_Dim2,Handhabung einer Simulationssoftware,7,4,LZ_1949,"Sie zeichnen gemischte Schaltungen auf, erklären, berechnen und messen sie aus.",K3,3. Sem.,1
ET,9999 b.01,NQR 4,P,LN 4,BFS,ET b1 07,Sie erarbeiten klassische Grundschaltungen.,LFB_El_Dim3,"Ohm'sches Gesetz, Grundlagen zu Kapazitäten und Induktivitäten, Verhalten bei Wechselstrom",1,10,LZ_1891,Sie berechnen die Parallel- und Serienschaltung.,K3,4. Sem.,1
ET,9999 b.01,NQR 4,P,LN 4,BFS,ET b1 07,Sie erarbeiten klassische Grundschaltungen.,LFB_El_Dim3,,,,LZ_1924,Sie berechnen einfache gemischte Schaltungen.,K3,4. Sem.,1
ET,9999 b.01,NQR 4,P,LN 4,BFS,ET b1 07,Sie erarbeiten klassische Grundschaltungen.,LFB_El_Dim3,,,,LZ_4029,Sie berechnen die Güte und den Verlustfaktor von L und C und zeichnen die entsprechenden Ersatzschaltungen.,K3,4. Sem.,1
ET,9999 b.01,NQR 4,P,LN 4,BFS,ET b1 07,Sie erarbeiten klassische Grundschaltungen.,LFB_El_Dim3,,,,LZ_1896,Sie berechnen die Strom- und Spannungsverhältnisse im Serie- und Parallelschwingkreis.,K3,4. Sem.,1
ET,9999 b.01,NQR 4,P,LN 4,BFS,ET b1 07,Sie erarbeiten klassische Grundschaltungen.,LFB_El_Dim3,,,,LZ_4143,Sie beschreiben den Aufbau und die Funktionsweise eines Quarzes.,K2,4. Sem.,1
ET,9999 b.01,NQR 4,P,LN 4,BFS,ET b1 07,Sie erarbeiten klassische Grundschaltungen.,LFB_El_Dim3,,,,LZ_1854,Sie nennen die Erzeugung von Spannung durch Induktion bei Generatoren und Transformatoren.,K2,4. Sem.,1
ET,9999 b.01,NQR 4,P,LN 4,BFS,ET b1 06,Sie dimensionieren elektronische Komponenten.,LFB_El_Dim3,"Ohm'sches Gesetz, Grundlagen zu Kapazitäten und Induktivitäten, Verhalten bei Wechselstrom",2,10,LZ_1896,Sie berechnen die Strom- und Spannungsverhältnisse im Serie- und Parallelschwingkreis.,K3,4. Sem.,1
ET,9999 b.01,NQR 4,P,LN 4,BFS,ET b1 06,Sie dimensionieren elektronische Komponenten.,LFB_El_Dim3,,,,LZ_3977,Sie berechnen Serie- und Parallelschaltungen von Kondensatoren.,K3,4. Sem.,1
ET,9999 b.01,NQR 4,P,LN 4,BFS,ET b1 06,Sie dimensionieren elektronische Komponenten.,LFB_El_Dim3,,,,LZ_4005,Sie definieren und berechnen den Blindwiderstand von L und C.,K3,4. Sem.,1
ET,9999 b.01,NQR 4,P,LN 4,BFS,ET b1 06,Sie dimensionieren elektronische Komponenten.,LFB_El_Dim3,,,,LZ_4029,Sie berechnen die Güte und den Verlustfaktor von L und C und zeichnen die entsprechenden Ersatzschaltungen.,K3,4. Sem.,1
ET,9999 b.01,NQR 4,P,LN 4,BFS,ET b1 06,Sie dimensionieren elektronische Komponenten.,LFB_El_Dim3,,,,LZ_2051,Sie ordnen Kondensatoren für Gleich- und Wechselstrom zu.,K4,4. Sem.,1
ET,9999 b.01,NQR 4,P,LN 4,BFS,ET b1 06,Sie dimensionieren elektronische Komponenten.,LFB_El_Dim3,,,,LZ_4141,Sie beschreiben den Einfluss des Quarzes auf die Stabilität des Schwingkreises.,K2,4. Sem.,1
ET,9999 b.01,NQR 4,P,LN 4,BFS,ET b1 06,Sie dimensionieren elektronische Komponenten.,LFB_El_Dim3,,,,LZ_9025,Sie berechnen Serie- und Parallelschaltungen von Spulen.,K3,4. Sem.,1
ET,9999 b.04,NQR 4,P,LN 3,BFS,ET b4 08,Sie stellen die Signalverläufe von klassischen Grundschaltungen grafisch dar.,LFB_El_Dim3,"Umgang mit Tabellenkalkulationsprogrammen, Logarithmische Darstellung",3,5,LZ_2146,"Sie berechnen und erklären Wirk-, Blind- und Scheinleistung sowie den cosj.",K3,4. Sem.,1
ET,9999 b.04,NQR 4,P,LN 3,BFS,ET b4 08,Sie stellen die Signalverläufe von klassischen Grundschaltungen grafisch dar.,LFB_El_Dim3,,,,LZ_4024,Sie berechnen den Amplituden- und Phasengang an passiven Filtern (Hoch- und Tiefpass) und stellen diese im Bodediagramm dar.,K3,4. Sem.,1
ET,9999 b.04,NQR 4,P,LN 3,BFS,ET b4 08,Sie stellen die Signalverläufe von klassischen Grundschaltungen grafisch dar.,LFB_El_Dim3,,,,LZ_4136,Sie ordnen Hoch- und Tiefpassfilter nach ihrer Ordnungszahl ein und zeichnen entsprechende idealisierte Amplitudengänge auf.,K4,4. Sem.,1
ET,9999 b.04,NQR 4,P,LN 3,BFS,ET b4 08,Sie stellen die Signalverläufe von klassischen Grundschaltungen grafisch dar.,LFB_El_Dim3,,,,LZ_4020,"Sie zeichnen das Strom-, Spannungs- und Widerstandsvektordiagramm von RL- und RC-Schaltungen.",K3,4. Sem.,1
ET,9999 b.04,NQR 4,P,LN 3,BFS,ET b4 08,Sie stellen die Signalverläufe von klassischen Grundschaltungen grafisch dar.,LFB_El_Dim3,,,,LZ_4008,Sie beschreiben den Amplitudengang an einem RC-Hochpass und RC-Tiefpass.,K2,4. Sem.,1
ET,9999 b.01,NQR 4,P,LN 4,BFS,ET b1 08,Sie simulieren elektronische Schaltungen.,LFB_El_Dim3,"Handhabung einer Simulationssoftware, Analyse AC und DC Signale",4,5,LZ_1949,"Sie zeichnen gemischte Schaltungen auf, erklären, berechnen und messen sie aus.",K3,4. Sem.,1
ET,9999 b.01,NQR 4,P,LN 4,BFS,ET b1 08,Sie simulieren elektronische Schaltungen.,LFB_El_Dim3,,,,LZ_4146,Sie zeichnen und beschreiben das Ersatzschaltbild des Schwingquarzes.,K3,4. Sem.,1
ET,9999 b.01,NQR 4,P,LN 4,BFS,ET b1 08,Sie simulieren elektronische Schaltungen.,LFB_El_Dim3,,,,LZ_108_1,Sie unterscheiden zwischen den verschiedenen Arten von Strom und Spannung (AC/DC).,K4,4. Sem.,1
ET,9999 b.01,NQR 4,P,LN 4,BFS,ET b1 08,Sie simulieren elektronische Schaltungen.,LFB_El_Dim3,,,,LZ_3865,"Sie erklären und berechnen die Periodendauer, die Frequenz, die Amplitude, den Momentanwert, den arithmetischen Mittelwert und den Effektivwert mit Hilfe von Liniendiagrammen.",K2,4. Sem.,1
ET,9999 a.02,NQR 5,P,LN 3,BFS,MEM 08 01,"Sie planen ihre Arbeit unter Einbezug der Werkstoff-, Fertigungs- und Maschinentechnik und führen sie aus.",LFB_El_Dim4,"Aufbau der Elemente, Halbleiter, Leiter",1,2,LZ_1879,"Sie unterscheiden Leiter, Nichtleiter und Halbleiter.",K4,2. Sem.,0
ET,9999 a.02,NQR 5,P,LN 3,BFS,MEM 08 02,Sie planen ihre Arbeit unter Einbezug naturwissenschaftlicher Aspekte und führen sie aus.,LFB_El_Dim4,"Aufbau der Elemente, Halbleiter, Leiter",2,2,LZ_4067,"Sie erklären Begriffe wie Einkristall, Eigenleitung, sowie n- und p-Dotierung von Halbleiterwerkstoffen.",K2,2. Sem.,0
ET,9999 a.02,NQR 5,P,LN 3,BFS,MEM 08 02,Sie planen ihre Arbeit unter Einbezug naturwissenschaftlicher Aspekte und führen sie aus.,LFB_El_Dim4,,,,LZ_4066,Sie beschreiben die äussere Einwirkung von Wärme und elektrischem Feld auf Halbleitermaterialien.,K2,2. Sem.,0
ET,9999 b.01,NQR 4,P,LN 4,BFS,ET b1 07,Sie erarbeiten klassische Grundschaltungen.,LFB_El_Dim4,"Diode, LED, Optokoppler, Transistoren, FET",3,18,LZ_1894,Sie berechnen Reihenschaltungen mit Widerständen und Dioden.,K3,2. Sem.,1
ET,9999 b.01,NQR 4,P,LN 4,BFS,ET b1 07,Sie erarbeiten klassische Grundschaltungen.,LFB_El_Dim4,,,,LZ_2679,Sie zeigen Anwendungen von Transistorschaltungen auf.,K2,2. Sem.,1
ET,9999 b.01,NQR 4,P,LN 4,BFS,ET b1 07,Sie erarbeiten klassische Grundschaltungen.,LFB_El_Dim4,,,,LZ_9029,"Sie dimensionieren Grundschaltungen mit Dioden, LEDs, Optokopplern, Feldeffekttransistoren und Bipolartransistoren.",K3,2. Sem.,1
ET,9999 b.01,NQR 4,P,LN 4,BFS,ET b1 07,Sie erarbeiten klassische Grundschaltungen.,LFB_El_Dim4,,,,LZ_4112,Sie berechnen Gleichstromgrössen der Emitterschaltung und beschreiben das Verhalten des Wechselstroms.,K3,2. Sem.,1
ET,9999 b.01,NQR 4,P,LN 4,BFS,ET b1 06,Sie dimensionieren elektronische Komponenten.,LFB_El_Dim4,"Aufbau und Funktion von Diode, LED, Optokoppler, Transistoren, FET",4,14,LZ_5627,Sie erklären das Betriebsverhalten der Diode.,K2,2. Sem.,1
ET,9999 b.01,NQR 4,P,LN 4,BFS,ET b1 06,Sie dimensionieren elektronische Komponenten.,LFB_El_Dim4,,,,LZ_5628,"Sie erklären die grundlegende Funktion und Anwendungen von Z-Dioden, LEDs und Schalttransistoren.",K2,2. Sem.,1
ET,9999 b.01,NQR 4,P,LN 4,BFS,ET b1 06,Sie dimensionieren elektronische Komponenten.,LFB_El_Dim4,,,,LZ_2011,Sie beschreiben den Transistor als Schalter in Schaltungen.,K2,2. Sem.,1
ET,9999 b.01,NQR 4,P,LN 4,BFS,ET b1 06,Sie dimensionieren elektronische Komponenten.,LFB_El_Dim4,,,,LZ_4108,"Sie interpretieren Kennlinien, Grenz- und Kennwerte von Fotodioden, Fototransistoren, Leuchtdioden und Optokopplern.",K5,2. Sem.,1
ET,9999 b.01,NQR 4,P,LN 4,BFS,ET b1 06,Sie dimensionieren elektronische Komponenten.,LFB_El_Dim4,,,,LZ_4109,Sie bestimmen das Stromübertragungsverhältnis beim Optokoppler.,K4,2. Sem.,1
ET,9999 b.01,NQR 4,P,LN 4,BFS,ET b1 08,Sie simulieren elektronische Schaltungen.,LFB_El_Dim4,"Grundkenntnisse Simulationstool, Einbindung von Transistoren und Dioden",5,4,LZ_1949,"Sie zeichnen gemischte Schaltungen auf, erklären, berechnen und messen sie aus.",K3,2. Sem.,1
ET,9999 b.01,NQR 4,P,LN 4,BFS,ET b1 07,Sie erarbeiten klassische Grundschaltungen.,LFB_El_Dim5,"Operationsverstärker, Verstärkerschaltung, Nicht invertierender Verstärker, invertierender Verstärker",1,15,LZ_2234,Sie erklären die entsprechenden Grundschaltungen mit Operationsverstärkern.,K2,4. Sem.,1
ET,9999 b.01,NQR 4,P,LN 4,BFS,ET b1 07,Sie erarbeiten klassische Grundschaltungen.,LFB_El_Dim5,,,,LZ_4117,Sie zeichnen invertierende und nichtinvertierende Operationsverstärkerschaltungen (inklusive Impedanzwandler) auf und zu benennen.,K3,4. Sem.,1
ET,9999 b.01,NQR 4,P,LN 4,BFS,ET b1 07,Sie erarbeiten klassische Grundschaltungen.,LFB_El_Dim5,,,,LZ_4118,Sie erklären das Prinzip der Mit- und Gegenkopplung und beschreiben den Einfluss der Gegenkopplung auf die Verstärkung und Bandbreite.,K2,4. Sem.,1
ET,9999 b.01,NQR 4,P,LN 4,BFS,ET b1 06,Sie dimensionieren elektronische Komponenten.,LFB_El_Dim5,"Operationsverstärker, Verstärkerschaltung, Nicht invertierender Verstärker, invertierender Verstärker",2,10,LZ_4121,Sie dimensionieren invertierende und nichtinvertierende Operationsverstärkerschaltungen und berechnen Eingangs- und Ausgangswiderstände.,K4,4. Sem.,1
ET,9999 b.01,NQR 4,P,LN 4,BFS,ET b1 06,Sie dimensionieren elektronische Komponenten.,LFB_El_Dim5,,,,LZ_4123,Sie dimensionieren den symmetrischen (invertierten und nicht invertierten) Komparator/Schwellwertschalter (Schmitt-Trigger).,K4,4. Sem.,1
ET,9999 b.01,NQR 4,P,LN 4,BFS,ET b1 08,Sie simulieren elektronische Schaltungen.,LFB_El_Dim5,Grundkenntnisse Simulationstool,3,5,LZ_9030,Sie messen Schaltungen in einem Simulationstool aus.,K3,4. Sem.,1
ET,9999 b.01,NQR 4,P,LN 4,BFS,ET b1 07,Sie erarbeiten klassische Grundschaltungen.,LFB_El_Dim6,"Grundschaltungen OPV, RC-Verhalten im Gleich- und Wechselstrom, Wechselstromgrössen",1,18,LZ_4138,Sie zeichnen und berechnen RC-Filter (1. Ordnung) mit OPV.,K3,5. Sem.,1
ET,9999 b.01,NQR 4,P,LN 4,BFS,ET b1 07,Sie erarbeiten klassische Grundschaltungen.,LFB_El_Dim6,,,,LZ_4012,Sie beschreiben und messen das Prinzip der aktiven Filter höherer Ordnung.,K2,5. Sem.,1
ET,9999 b.01,NQR 4,P,LN 4,BFS,ET b1 06,Sie dimensionieren elektronische Komponenten.,LFB_El_Dim6,"Grundschaltungen OPV, RC-Verhalten im Gleich- und Wechselstrom, Wechselstromgrössen",2,25,LZ_4122,Sie dimensionieren Summier- und Subtrahierverstärker.,K4,5. Sem.,1
ET,9999 b.01,NQR 4,P,LN 4,BFS,ET b1 06,Sie dimensionieren elektronische Komponenten.,LFB_El_Dim6,,,,LZ_4130,Sie berechnen und zeichnen die Ausgangsspannungsverläufe für impulsförmige Eingangsspannungen beim Integrierverstärker.,K3,5. Sem.,1
ET,9999 b.01,NQR 4,P,LN 4,BFS,ET b1 06,Sie dimensionieren elektronische Komponenten.,LFB_El_Dim6,,,,LZ_9031,Sie erklären die entsprechenden erweiterten Grundschaltungen mit Operationsverstärkern.,K2,5. Sem.,1
ET,9999 b.01,NQR 4,P,LN 4,BFS,ET b1 06,Sie dimensionieren elektronische Komponenten.,LFB_El_Dim6,,,,LZ_4138,Sie zeichnen und berechnen RC-Filter (1. Ordnung) mit OPV.,K3,5. Sem.,1
ET,9999 b.01,NQR 4,P,LN 4,BFS,ET b1 06,Sie dimensionieren elektronische Komponenten.,LFB_El_Dim6,,,,LZ_4012,Sie beschreiben und messen das Prinzip der aktiven Filter höherer Ordnung.,K2,5. Sem.,1
ET,9999 b.01,NQR 4,P,LN 4,BFS,ET b1 06,Sie dimensionieren elektronische Komponenten.,LFB_El_Dim6,,,,LZ_4126,"Sie erklären das Verhalten von idealen und realen Operationsverstärkern, das die folgenden Aspekte umfasst: Differenzverstärkung, Gleichtaktverstärkung, Gleichtaktunterdrückung, Ausgangsaussteuerbarkeit, Eingangswiderstand, Eingangsoffsetspannung, Anstiegsgeschwindigkeit, Transitfrequenz und das Verstärkung-Bandbreiten-Produkt (GBW).",K2,5. Sem.,1
ET,9999 b.01,NQR 4,P,LN 4,BFS,ET b1 06,Sie dimensionieren elektronische Komponenten.,LFB_El_Dim7,"Elektronische Bauelemente, Schaltungen mit Operationsverstärkern, Schaltungstechnik",1,19,LZ_9034,"Sie berechnen die unterschiedlichen Komponenten von P-, I-, D-, PI-, PID-Reglern anhand des Regelverhaltens.",K3,8. Sem.,1
ET,9999 b.01,NQR 4,P,LN 4,BFS,ET b1 06,Sie dimensionieren elektronische Komponenten.,LFB_El_Dim7,,,,LZ_9035,"Sie wählen passende Leistungshalbleiter wie Thyristor, Triac, Power MOSFET und IGBT's für eine Leistungsendstufe aus.",K5,8. Sem.,1
ET,9999 b.01,NQR 4,P,LN 4,BFS,ET b1 06,Sie dimensionieren elektronische Komponenten.,LFB_El_Dim7,,,,LZ_9036,"Sie berechnen Wellenlängen, Leitungsreflexionen und Abstrahlung elektromagnetischer Wellen in verschiedenen Medien.",K3,8. Sem.,1
ET,9999 b.01,NQR 4,P,LN 4,BFS,ET b1 06,Sie dimensionieren elektronische Komponenten.,LFB_El_Dim7,,,,LZ_9037,Sie berechnen die verschiedenen Komponenten unterschiedlicher Arten von Spannungswandlerschaltungen aus.,K3,8. Sem.,1
ET,9999 b.01,NQR 4,P,LN 4,BFS,ET b1 07,Sie erarbeiten klassische Grundschaltungen.,LFB_El_Dim7,"Elektronische Bauelemente, Schaltungen mit Operationsverstärkern, Schaltungstechnik",2,20,LZ_4177,"Sie erklären die Begriffe Regelgrösse, Istwert, Führungsgrösse, Sollwert, Regelabweichung, Stellgrösse und Störgrösse.",K2,8. Sem.,1
ET,9999 b.01,NQR 4,P,LN 4,BFS,ET b1 07,Sie erarbeiten klassische Grundschaltungen.,LFB_El_Dim7,,,,LZ_2372,"Sie erklären grafisch das Übertragungsverhalten von P-, PI- und PID-Regeleinrichtungen.",K2,8. Sem.,1
ET,9999 b.01,NQR 4,P,LN 4,BFS,ET b1 07,Sie erarbeiten klassische Grundschaltungen.,LFB_El_Dim7,,,,LZ_4179,"Sie erklären das Prinzip von P-, I-, D-, PI-, PID-Reglern und zeichnen deren Sprungantworten auf.",K2,8. Sem.,1
ET,9999 b.01,NQR 4,P,LN 4,BFS,ET b1 07,Sie erarbeiten klassische Grundschaltungen.,LFB_El_Dim7,,,,LZ_129,Sie unterscheiden Steuerungen und Regelungen und stellen diese als Blockdiagramm dar.,K4,8. Sem.,1
ET,9999 b.01,NQR 4,P,LN 4,BFS,ET b1 07,Sie erarbeiten klassische Grundschaltungen.,LFB_El_Dim7,,,,LZ_4192,"Sie erklären die Arbeitsweise und Kennlinien von Thyristor, Triac und IGBT's.",K2,8. Sem.,1
ET,9999 b.01,NQR 4,P,LN 4,BFS,ET b1 07,Sie erarbeiten klassische Grundschaltungen.,LFB_El_Dim7,,,,LZ_4193,"Sie beschreiben Methoden der Leistungssteuerung, wie die geschaltete-PWM, Phasenanschnitt- und Phasenabschnittsteuerung.",K2,8. Sem.,1
ET,9999 b.01,NQR 4,P,LN 4,BFS,ET b1 07,Sie erarbeiten klassische Grundschaltungen.,LFB_El_Dim7,,,,LZ_4198,Sie beschreiben das Prinzip des elektronischen Lastrelais.,K2,8. Sem.,1
ET,9999 b.01,NQR 4,P,LN 4,BFS,ET b1 07,Sie erarbeiten klassische Grundschaltungen.,LFB_El_Dim7,,,,LZ_4151,Sie erläutern das Spektrum elektromagnetischer Wellen.,K2,8. Sem.,1
ET,9999 b.01,NQR 4,P,LN 4,BFS,ET b1 07,Sie erarbeiten klassische Grundschaltungen.,LFB_El_Dim7,,,,LZ_4153,"Sie beschreiben den Zusammenhang zwischen Wellenlänge, Ausbreitungsgeschwindigkeit und Frequenz.",K2,8. Sem.,1
ET,9999 b.01,NQR 4,P,LN 4,BFS,ET b1 07,Sie erarbeiten klassische Grundschaltungen.,LFB_El_Dim7,,,,LZ_4155,Sie beschreiben die Ausbreitung von elektromagnetischen Wellen.,K2,8. Sem.,1
ET,9999 b.01,NQR 4,P,LN 4,BFS,ET b1 07,Sie erarbeiten klassische Grundschaltungen.,LFB_El_Dim7,,,,LZ_4164,Sie unterscheiden zwischen analoger und digitaler Modulation.,K4,8. Sem.,1
ET,9999 b.01,NQR 4,P,LN 4,BFS,ET b1 07,Sie erarbeiten klassische Grundschaltungen.,LFB_El_Dim7,,,,LZ_4156,Sie erklären den Begriff elektromagnetische Verträglichkeit (EMV).,K2,8. Sem.,1
ET,9999 b.01,NQR 4,P,LN 4,BFS,ET b1 07,Sie erarbeiten klassische Grundschaltungen.,LFB_El_Dim7,,,,LZ_4157,"Sie erklären die Abstrahlung und Einkopplung elektromagnetischer Wellen, wobei ein Draht als Antenne fungiert.",K2,8. Sem.,1
ET,9999 b.01,NQR 4,P,LN 4,BFS,ET b1 07,Sie erarbeiten klassische Grundschaltungen.,LFB_El_Dim7,,,,LZ_9032,Sie erklären die Funktion von unterschiedlichen Stabilisierungsschaltungen für Spannung und Strom.,K3,8. Sem.,1
ET,9999 b.01,NQR 4,P,LN 4,BFS,ET b1 07,Sie erarbeiten klassische Grundschaltungen.,LFB_El_Dim7,,,,LZ_9033,Sie unterscheiden verschiedene Arten von Spannungswandlerschaltungen.,K2,8. Sem.,1
ET,9999 b.01,NQR 4,P,LN 2,BFS,ET b1 20,Sie erläutern die Prinzipien des Ecodesigns in Bezug auf material- und energieeffizientes Design.,LFB_El_Dim7,"Energiesparzustände von Ics, Wirkungsgrad von Grundschaltungen, Verluste bei Leistungsstufen",3,1,LZ_9038,Sie nennen verschiedene Ansätze für die ECO-Optimierung von komplexen Schaltungen.,K1,8. Sem.,1
ET,9999 b.03,NQR 3,P,LN 2,BFS,ET b3 15,Sie erläutern schädliche Einflüsse auf Leiterplatten oder Baugruppen.,LFB_El_LPUm,"Feuchtigkeit, Staub, Temperatur, Vibrationen, Chemikalien, Korrosion, Delamination, Rissbildung, Stösse, Biegung, Brüche, Kurzschlüsse, Überstrom, Überspannung, Überhitzung, Beschichtungen, Gehäuse, Schwingungsdämpfer, Überspannungsschutz, Sicherungen",1,4,LZ_9069,Sie können verschiedene Arten von schädlichen Umwelteinflüssen auf Leiterplatten und Baugruppen identifizieren.,K2,5. Sem.,1
ET,9999 b.03,NQR 3,P,LN 2,BFS,ET b3 15,Sie erläutern schädliche Einflüsse auf Leiterplatten oder Baugruppen.,LFB_El_LPUm,,,,LZ_9070,"Sie können erklären, wie mechanische Belastungen Leiterplatten und Baugruppen beschädigen können.",K2,5. Sem.,1
ET,9999 b.03,NQR 3,P,LN 2,BFS,ET b3 15,Sie erläutern schädliche Einflüsse auf Leiterplatten oder Baugruppen.,LFB_El_LPUm,,,,LZ_9071,Sie können die Auswirkungen von Überstrom und Überspannung auf elektronische Bauteile beschreiben.,K2,5. Sem.,1
ET,9999 b.03,NQR 3,P,LN 2,BFS,ET b3 15,Sie erläutern schädliche Einflüsse auf Leiterplatten oder Baugruppen.,LFB_El_LPUm,,,,LZ_9072,Sie können Massnahmen zum Schutz von Leiterplatten und Baugruppen vor schädlichen Einflüssen nennen und erklären.,K2,5. Sem.,1
ET,9999 b.03,NQR 3,P,LN 1,BFS,ET b3 13,Sie erklären die Effekte der elektrostatischen Entladung (ESD).,LFB_El_LPUm,"Elektrostatik, Ladung, Reibung, Entladung, Erdung, Arbeitsbekleidung, Werkzeuge",2,4,LZ_9064,Sie können die Entstehung elektrostatischer Ladungen erklären.,K2,5. Sem.,1
ET,9999 b.03,NQR 3,P,LN 1,BFS,ET b3 13,Sie erklären die Effekte der elektrostatischen Entladung (ESD).,LFB_El_LPUm,,,,LZ_9065,Sie können die Auswirkungen einer elektrostatischen Entladung (ESD) auf elektronische Bauteile beschreiben.,K2,5. Sem.,1
ET,9999 b.03,NQR 3,P,LN 1,BFS,ET b3 13,Sie erklären die Effekte der elektrostatischen Entladung (ESD).,LFB_El_LPUm,,,,LZ_9066,Sie können Massnahmen zum Schutz vor elektrostatischer Entladung (ESD) nennen und erklären.,K2,5. Sem.,1
ET,9999 b.03,NQR 3,P,LN 1,BFS,ET b3 13,Sie erklären die Effekte der elektrostatischen Entladung (ESD).,LFB_El_LPUm,,,,LZ_9067,Sie können die Funktionsweise eines ESD-Arbeitsplatzes erklären.,K2,5. Sem.,1
ET,9999 b.03,NQR 3,P,LN 1,BFS,ET b3 13,Sie erklären die Effekte der elektrostatischen Entladung (ESD).,LFB_El_LPUm,,,,LZ_9068,Sie können die Bedeutung von ESD-Schutz in der Elektronikindustrie erläutern.,K2,5. Sem.,1
ET,9999 b.03,NQR 3,P,LN 4,BFS,ET b3 16,Sie identifizieren in Datenblättern oder Inhaltsangaben problematische Stoffe und mögliche Gefahren bezüglich Arbeits- und Umweltschutz.,LFB_El_LPUm,"Gefährliche Stoffe, Sicherheitshinweise, Gefahrensymbole, H-Sätze (Gefahrenhinweise), P-Sätze (Sicherheitshinweise), menschliche Gesundheit, Umwelt, Toxizität, Entzündbarkeit, Umweltgefährlichkeit, Vorschriften, Entsorgungskategorie, Entsorgungswege, Ersatzstoffe",3,2,LZ_9073,"Sie können relevante Abschnitte in Datenblättern und Inhaltsangaben identifizieren, die Informationen zu gefährlichen Stoffen und Sicherheitshinweisen enthalten.",K2,5. Sem.,1
ET,9999 b.03,NQR 3,P,LN 4,BFS,ET b3 16,Sie identifizieren in Datenblättern oder Inhaltsangaben problematische Stoffe und mögliche Gefahren bezüglich Arbeits- und Umweltschutz.,LFB_El_LPUm,,,,LZ_9075,Sie können anhand von Informationen in Datenblättern und Inhaltsangaben die potenziellen Gefahren von Stoffen für die menschliche Gesundheit und die Umwelt bewerten.,K4,5. Sem.,1
ET,9999 b.03,NQR 3,P,LN 4,BFS,ET b3 16,Sie identifizieren in Datenblättern oder Inhaltsangaben problematische Stoffe und mögliche Gefahren bezüglich Arbeits- und Umweltschutz.,LFB_El_LPUm,,,,LZ_9076,Sie können anhand von Informationen in Datenblättern und Inhaltsangaben die Entsorgung von gefährlichen Stoffen gemäss den geltenden Vorschriften planen.,K3,5. Sem.,1
ET,9999 b.03,NQR 3,P,LN 4,BFS,ET b3 16,Sie identifizieren in Datenblättern oder Inhaltsangaben problematische Stoffe und mögliche Gefahren bezüglich Arbeits- und Umweltschutz.,LFB_El_LPUm,,,,LZ_9077,Sie können die Bedeutung von Substitution und Minimierung von gefährlichen Stoffen erläutern.,K2,5. Sem.,1
ET,9999 b.02,NQR 4,P,LN 1,BFS,ET b2 07,Sie erklären die grundlegenden Eigenschaften einer Leiterplatte.,LFB_El_Lay,"Verbundwerkstoffe, Materialkunde (Kupfer, Epoxidharz, Glasfaser, Lack)",1,2,LZ_9046,Sie zählen die drei am häufigsten eingesetzten Leiterplatten-Trägermaterialien auf.,K1,3. Sem.,1
ET,9999 b.02,NQR 4,P,LN 1,BFS,ET b2 07,Sie erklären die grundlegenden Eigenschaften einer Leiterplatte.,LFB_El_Lay,,,,LZ_9047,Sie beschreiben den Aufbau und die Bestandteile des Leiterplatten-Trägermaterials FR4.,K2,3. Sem.,1
ET,9999 b.02,NQR 4,P,LN 1,BFS,ET b2 07,Sie erklären die grundlegenden Eigenschaften einer Leiterplatte.,LFB_El_Lay,,,,LZ_9048,Sie beschreiben die chemischen und physikalischen Eigenschaften des Leiterplatten-Trägermaterials FR4.,K2,3. Sem.,1
ET,9999 b.02,NQR 4,P,LN 1,BFS,ET b2 07,Sie erklären die grundlegenden Eigenschaften einer Leiterplatte.,LFB_El_Lay,,,,LZ_9050,"Sie beschreiben das Phänomen, dass Lötstopplack dazu dient, Kurzschlüsse beim Löten zu verhindern und die Korrosion der Leiterbahnen verhindert.",K2,3. Sem.,1
ET,9999 b.02,NQR 4,P,LN 2,BFS,ET b2 09,Sie unterscheiden Komponenten Bauformen.,LFB_El_Lay,Bauformen von elektronischen und elektrotechnischen Bauteilen,2,2,LZ_9054,"Sie benennen die Abkürzungen THT und SMD, können deren Eigenschaften nennen und zählen die Vor- und Nachteile beider Bauteilmontagearten auf.",K2,3. Sem.,1
ET,9999 b.02,NQR 4,P,LN 2,BFS,ET b2 09,Sie unterscheiden Komponenten Bauformen.,LFB_El_Lay,,,,LZ_9055,Sie benennen die gängigsten THT- und SMD-Footprints.,K1,3. Sem.,1
ET,9999 b.02,NQR 4,P,LN 2,BFS,KR c1 07,Sie entscheiden sich für genormte Darstellungs- und Spezifikationsarten und wenden diese den Funktionen entsprechend an.,LFB_El_Lay,"Pläne, Zeichnungen, Stücklisten, Abläufe, Schemas, Übersichtsschemas, Stromlaufpläne, schematische Darstellungen, Bauteilbezeichnung, Datenblatt, Funktion, Footprint, Footprint-Übereinstimmung und Maßnahmen bei Abweichungen Grundsätze: Sie kennen die Grundsätze der ISO 8015 Grundsatz des Aufrufens, Grundsatz des Geometrieelementes, Grundsatz der Unabhängigkeit Grundstruktur einer Techn. Zeichnung: Sie kennen die Grundstruktur einer technischen Zeichnung Formate, Massstäbe, Vordruck und Schriftfeld, Nummerierungssystem Darstellungsprinzipien (Projektionsmethoden): Draufsicht, Seitenansicht von links, Seitenansicht von rechts, Unteransicht, Rückansicht Linienarten: Rangordnung, Linienstärken Bemassungsarten: Masseintragung, normgerechte Bemassung, Bemassungsarten, besondere Bemassungsarten, Massarten Masstoleranzen: Definition und Begriffe, Allgemeintoleranzen Modifikatoren für Masstoleranzen: E, CT, UF, Anzahl Geometrieelemente Bezüge anwenden: Einzelbezug, Gemeinsamer Bezug, Bezugssysteme Form- Lagetoleranzen: Position, Form einer beliebigen Fläche, Symmetrie Indikatoren für geometrische Toleranzen: Toleranzindikator, TED Geometrische Toleranzen: Allgemeintoleranzen Werkstückkanten: Angaben, Kanten, Übergänge",3,20,LZ_694,Sie erläutern technische Dokumente und unterscheiden deren Informationsgehalt in den Grundzügen.,K2,3. Sem.,1
ET,9999 b.02,NQR 4,P,LN 2,BFS,KR c1 07,Sie entscheiden sich für genormte Darstellungs- und Spezifikationsarten und wenden diese den Funktionen entsprechend an.,LFB_El_Lay,,,,LZ_1075,Sie interpretieren Übersichtsschemas und Stromlaufpläne in zusammenhängender und aufgelöster Darstellung.,K5,3. Sem.,1
ET,9999 b.02,NQR 4,P,LN 2,BFS,KR c1 07,Sie entscheiden sich für genormte Darstellungs- und Spezifikationsarten und wenden diese den Funktionen entsprechend an.,LFB_El_Lay,,,,LZ_1090,Sie lesen und interpretieren schematische Darstellungen.,K4,3. Sem.,1
ET,9999 b.02,NQR 4,P,LN 2,BFS,KR c1 07,Sie entscheiden sich für genormte Darstellungs- und Spezifikationsarten und wenden diese den Funktionen entsprechend an.,LFB_El_Lay,,,,LZ_9062,Sie suchen aufgrund der Bauteilbezeichnung das vom Hersteller herausgegebene Datenblatt und können damit die grundsätzliche Funktion des Bauteils herleiten.,K4,3. Sem.,1
ET,9999 b.02,NQR 4,P,LN 2,BFS,KR c1 07,Sie entscheiden sich für genormte Darstellungs- und Spezifikationsarten und wenden diese den Funktionen entsprechend an.,LFB_El_Lay,,,,LZ_9063,"Sie stellen sicher, dass der Footprint auf der Leiterplatte mit dem tatsächlichen Footprint des Bauteile übereinstimmt und leiten bei Abweichungen entsprechende Massnahmen ein.",K4,3. Sem.,1
ET,9999 b.02,NQR 4,P,LN 2,BFS,KR c1 07,Sie entscheiden sich für genormte Darstellungs- und Spezifikationsarten und wenden diese den Funktionen entsprechend an.,LFB_El_Lay,,,,LZ_9458,Sie beschreiben die Grundsätze der ISO 8015.,K1,3. Sem.,1
ET,9999 b.02,NQR 4,P,LN 2,BFS,KR c1 07,Sie entscheiden sich für genormte Darstellungs- und Spezifikationsarten und wenden diese den Funktionen entsprechend an.,LFB_El_Lay,,,,LZ_9011,Sie zeigen die Grundstruktur einer technischen Zeichnung auf.,K2,3. Sem.,1
ET,9999 b.02,NQR 4,P,LN 2,BFS,KR c1 07,Sie entscheiden sich für genormte Darstellungs- und Spezifikationsarten und wenden diese den Funktionen entsprechend an.,LFB_El_Lay,,,,LZ_9603_2,Sie benennen die Projektionsmethoden.,K1,3. Sem.,1
ET,9999 b.02,NQR 4,P,LN 2,BFS,KR c1 07,Sie entscheiden sich für genormte Darstellungs- und Spezifikationsarten und wenden diese den Funktionen entsprechend an.,LFB_El_Lay,,,,LZ_9604_2,Sie unterscheiden normierte Linienarten.,K1,3. Sem.,1
ET,9999 b.02,NQR 4,P,LN 2,BFS,KR c1 07,Sie entscheiden sich für genormte Darstellungs- und Spezifikationsarten und wenden diese den Funktionen entsprechend an.,LFB_El_Lay,,,,LZ_9019,"Sie interpretieren Masseintragungen, Massarten und Massanordnungen.",K2,3. Sem.,1
ET,9999 b.02,NQR 4,P,LN 2,BFS,KR c1 07,Sie entscheiden sich für genormte Darstellungs- und Spezifikationsarten und wenden diese den Funktionen entsprechend an.,LFB_El_Lay,,,,LZ_9605_2,Sie benennen und interpretieren Definitionen von Mass- und Allgemeintoleranzen.,K2,3. Sem.,1
ET,9999 b.02,NQR 4,P,LN 2,BFS,KR c1 07,Sie entscheiden sich für genormte Darstellungs- und Spezifikationsarten und wenden diese den Funktionen entsprechend an.,LFB_El_Lay,,,,LZ_9606_2,Sie unterscheiden Indikatoren für geometrische Toleranzen.,K1,3. Sem.,1
ET,9999 b.02,NQR 4,P,LN 2,BFS,KR c1 07,Sie entscheiden sich für genormte Darstellungs- und Spezifikationsarten und wenden diese den Funktionen entsprechend an.,LFB_El_Lay,,,,LZ_9016,Sie unterscheiden Massmodifikatoren für Masstoleranzen.,K2,3. Sem.,1
ET,9999 b.02,NQR 4,P,LN 2,BFS,KR c1 07,Sie entscheiden sich für genormte Darstellungs- und Spezifikationsarten und wenden diese den Funktionen entsprechend an.,LFB_El_Lay,,,,LZ_9020,Sie interpretieren Bezüge und Bezugssysteme.,K2,3. Sem.,1
ET,9999 b.02,NQR 4,P,LN 2,BFS,KR c1 07,Sie entscheiden sich für genormte Darstellungs- und Spezifikationsarten und wenden diese den Funktionen entsprechend an.,LFB_El_Lay,,,,LZ_810,Sie interpretieren Form- und Lagetoleranzen unter Berücksichtigung der entsprechenden Normen.,K5,3. Sem.,1
ET,9999 b.02,NQR 4,P,LN 2,BFS,KR c1 07,Sie entscheiden sich für genormte Darstellungs- und Spezifikationsarten und wenden diese den Funktionen entsprechend an.,LFB_El_Lay,,,,LZ_9460,Sie interpretieren geometrische Allgemeintoleranzen.,K2,3. Sem.,1
ET,9999 b.02,NQR 4,P,LN 2,BFS,KR c1 07,Sie entscheiden sich für genormte Darstellungs- und Spezifikationsarten und wenden diese den Funktionen entsprechend an.,LFB_El_Lay,,,,LZ_9005,Sie interpretieren Normbezeichnungen von Werkstückkanten.,K2,3. Sem.,1
ET,9999 b.03,NQR 3,P,LN 1,BFS,ET b3 14,Sie beschreiben die Eigenschaften von verschiedenen Leiter- und Steckertypen.,LFB_El_Lay,"Querschnitt, Material, Widerstand, Flexibilität, Stromdichte, Wärmeentwicklung, Strombelastbarkeit, Löten (Litzen), Kontaktwiderstand, Steckverbindungen, Spannungsfestigkeit, Leiterabstand, Durchschlagsfestigkeit, Kriechstrom, Luftfeuchtigkeit, Verschmutzung, Vibration, Zug, Wärmeableitung",4,2,LZ_9049,Sie beschreiben die Abhängigkeit der Strombelastbarkeit vom Leiterbahnquerschnitt.,K2,3. Sem.,1
ET,9999 b.03,NQR 3,P,LN 1,BFS,ET b3 14,Sie beschreiben die Eigenschaften von verschiedenen Leiter- und Steckertypen.,LFB_El_Lay,,,,LZ_9058,"Sie erklären, warum Litzen grundsätzlich nicht gelötet werden sollten und nennen den Grund dafür.",K2,3. Sem.,1
ET,9999 b.03,NQR 3,P,LN 1,BFS,ET b3 14,Sie beschreiben die Eigenschaften von verschiedenen Leiter- und Steckertypen.,LFB_El_Lay,,,,LZ_9059,Sie zeigen die Abhängigkeit der Strombelastbarkeit vom Leiterquerschnitt auf.,K3,3. Sem.,1
ET,9999 b.03,NQR 3,P,LN 1,BFS,ET b3 14,Sie beschreiben die Eigenschaften von verschiedenen Leiter- und Steckertypen.,LFB_El_Lay,,,,LZ_9060,"Sie erklären die Abhängigkeit der Spannungsfestigkeit vom Leiterabstand, Leiterisolation und Umgebung.",K2,3. Sem.,1
ET,9999 b.03,NQR 3,P,LN 1,BFS,ET b3 14,Sie beschreiben die Eigenschaften von verschiedenen Leiter- und Steckertypen.,LFB_El_Lay,,,,LZ_9061,"Sie berücksichtigen die mechanischen, thermischen und elektrischen Anforderungen bei der Auswahl der eingesetzten Steckverbindungen.",K3,3. Sem.,1
ET,9999 b.02,NQR 4,P,LN 4,BFS,ET b2 08,Sie erstellen unter Berücksichtigung der physikalischen Begebenheiten das Layout von Leiterplatten.,LFB_El_Lay,"Elektromagnetische Verträglichkeit, Ohmsches Gesetz, Kriechstrom, Kondensator",5,12,LZ_4156,Sie erklären den Begriff elektromagnetische Verträglichkeit (EMV).,K2,3. Sem.,1
ET,9999 b.02,NQR 4,P,LN 4,BFS,ET b2 08,Sie erstellen unter Berücksichtigung der physikalischen Begebenheiten das Layout von Leiterplatten.,LFB_El_Lay,,,,LZ_9049,Sie beschreiben die Abhängigkeit der Strombelastbarkeit vom Leiterbahnquerschnitt.,K2,3. Sem.,1
ET,9999 b.02,NQR 4,P,LN 4,BFS,ET b2 08,Sie erstellen unter Berücksichtigung der physikalischen Begebenheiten das Layout von Leiterplatten.,LFB_El_Lay,,,,LZ_9051,Sie beschreiben die Abhängigkeit der Spannungsfestigkeit vom Leiterbahnabstand.,K2,3. Sem.,1
ET,9999 b.02,NQR 4,P,LN 4,BFS,ET b2 08,Sie erstellen unter Berücksichtigung der physikalischen Begebenheiten das Layout von Leiterplatten.,LFB_El_Lay,,,,LZ_9052,Sie setzen niederohmige und sternförmige Auslegung von Speisungsnetzen ohne Schleifenbildung ein.,K3,3. Sem.,1
ET,9999 b.02,NQR 4,P,LN 4,BFS,ET b2 08,Sie erstellen unter Berücksichtigung der physikalischen Begebenheiten das Layout von Leiterplatten.,LFB_El_Lay,,,,LZ_9053,Sie setzen die Prinzipien der korrekten Platzierung und des Anschlusses von Blockkondensatoren ein.,K3,3. Sem.,1
ET,9999 b.02,NQR 4,P,LN 4,BFS,ET b2 08,Sie erstellen unter Berücksichtigung der physikalischen Begebenheiten das Layout von Leiterplatten.,LFB_El_Lay,,,,LZ_1907,"Sie führen Berechnungen für Strom, Stromdichte und Spannung durch.",K3,3. Sem.,1
ET,9999 b.02,NQR 4,P,LN 1,BFS,ET b2 10,Sie erklären die Bedeutung der verschiedenen Produktionsdaten.,LFB_El_Lay,"Nullpunkt, Koordinatensystem, Drehwinkel, Textdateien, Tabellenverarbeitungsprogramm,",6,2,LZ_9056,Sie beschreiben den Inhalt einer Gerber- und einer NC-Drill-Datei.,K2,3. Sem.,1
ET,9999 b.02,NQR 4,P,LN 1,BFS,ET b2 10,Sie erklären die Bedeutung der verschiedenen Produktionsdaten.,LFB_El_Lay,,,,LZ_9057,"Sie erklären den Nutzen einer Stückliste und einer ""Pick and Place""-Datei und zählen auf, was diese Daten enthalten müssen.",K2,3. Sem.,1
ET,9999 b.01,NQR 4,P,LN 2,BFS,ET b1 10,Sie zeichnen leserliche Schemas.,LFB_El_Sch,"Bauteile platzieren, Kreuzungen minimieren, Netznamen, Labels, Querverweise, Baugruppen, Funktionsgruppen, Kommentare, Notation von Berechnungen",1,7,LZ_9082,"Sie platzieren die Bauteile im Schema so, dass möglichst wenige Kreuzungen der Verbindungen entstehen.",K4,2. Sem.,1
ET,9999 b.01,NQR 4,P,LN 2,BFS,ET b1 10,Sie zeichnen leserliche Schemas.,LFB_El_Sch,,,,LZ_9083,Sie vergeben allen Verbindungen aussagekräftige Netznamen (Labels).,K2,2. Sem.,1
ET,9999 b.01,NQR 4,P,LN 2,BFS,ET b1 10,Sie zeichnen leserliche Schemas.,LFB_El_Sch,,,,LZ_904,Sie tragen sauber Schemaänderungen nach.,K3,2. Sem.,1
ET,9999 b.01,NQR 4,P,LN 2,BFS,ET b1 10,Sie zeichnen leserliche Schemas.,LFB_El_Sch,,,,LZ_9084,Sie gliedern das Schema in logische Bau- und Funktionsgruppen.,K4,2. Sem.,1
ET,9999 b.01,NQR 4,P,LN 2,BFS,ET b1 10,Sie zeichnen leserliche Schemas.,LFB_El_Sch,,,,LZ_9086,Sie zeichnen die Signallaufrichtung von links nach rechts und von oben nach unten.,K3,2. Sem.,1
ET,9999 b.01,NQR 4,P,LN 2,BFS,ET b1 10,Sie zeichnen leserliche Schemas.,LFB_El_Sch,,,,LZ_9087,Sie versehen das Schema zur besseren Lesbarkeit mit Kommentaren und Berechnungshinweisen.,K4,2. Sem.,1
ET,9999 b.01,NQR 4,P,LN 2,BFS,ET b1 10,Sie zeichnen leserliche Schemas.,LFB_El_Sch,,,,LZ_9088,"Bei grösseren Schaltplänen verwenden sie Querverweise (Netznamen, Labels, Ports), um Verbindungen zwischen verschiedenen Seiten oder Bereichen des Schaltplans zu kennzeichnen.",K4,2. Sem.,1
ET,9999 b.01,NQR 4,P,LN 2,BFS,ET b1 09,Sie setzen für das Schema nach geltenden Normen die richtigen Symbole und Bezeichner ein.,LFB_El_Sch,"Normen, Schaltzeichen, Wert, Toleranz, Typenbezeichnung, Anschlüsse, Pinnummerierung",2,4,LZ_9078,Sie wenden die korrekten Kennbuchstaben der Betriebsmittel/Bauteile gemäss aktueller Norm an.,K3,2. Sem.,1
ET,9999 b.01,NQR 4,P,LN 2,BFS,ET b1 09,Sie setzen für das Schema nach geltenden Normen die richtigen Symbole und Bezeichner ein.,LFB_El_Sch,,,,LZ_9080,Sie zeichnen neue Schaltzeichen gemäss der gültigen Norm.,K3,2. Sem.,1
ET,9999 b.01,NQR 4,P,LN 2,BFS,ET b1 09,Sie setzen für das Schema nach geltenden Normen die richtigen Symbole und Bezeichner ein.,LFB_El_Sch,,,,LZ_9081,Sie passen bereits bestehende Schaltzeichen gemäss der gültigen Norm an.,K3,2. Sem.,1
ET,9999 b.01,NQR 4,P,LN 2,BFS,ET b1 09,Sie setzen für das Schema nach geltenden Normen die richtigen Symbole und Bezeichner ein.,LFB_El_Sch,,,,LZ_9085,"Sie achten darauf, dass bei allen Bauteilen der Wert, die Toleranz und gegebenenfalls die genaue Typenbezeichnung ersichtlich ist.",K2,2. Sem.,1
ET,9999 b.01,NQR 4,P,LN 2,BFS,ET b1 09,Sie setzen für das Schema nach geltenden Normen die richtigen Symbole und Bezeichner ein.,LFB_El_Sch,,,,LZ_9089,Sie beschriften bei allen Anschlüssen der Bauteile eindeutig und aussagekräftig und blenden die Pinnummer ein.,K3,2. Sem.,1
ET,9999 a.03,NQR 4,P,LN 2,BFS,MEM 10 07,Sie interpretieren technische Dokumentationen in englischer Sprache.,LFB_En_BASE1,-,0,10,LZ_11064,Sie teilen sich im technischen Umfeld in Wort und Schrift in englischer Sprache mit.,K3,3. Sem.,0
ET,9999 a.03,NQR 4,P,LN 2,BFS,MEM 10 07,Sie interpretieren technische Dokumentationen in englischer Sprache.,LFB_En_BASE1,,,,LZ_11065,"Sie verwenden die englischen Begriffe um Elemente der Elektronik, Elektrotechnik, Pneumatik und Hydraulik zu nennen und deren Funktion zu erläutern.",K2,3. Sem.,0
ET,9999 a.03,NQR 4,P,LN 2,BFS,MEM 10 07,Sie interpretieren technische Dokumentationen in englischer Sprache.,LFB_En_BASE1,,,,LZ_11066,"Sie verwenden die englischen Namen von Mess-, Prüf- und Hilfsmitteln und erklären deren Anwendung.",K2,3. Sem.,0
ET,9999 a.03,NQR 4,P,LN 2,BFS,MEM 10 07,Sie interpretieren technische Dokumentationen in englischer Sprache.,LFB_En_BASE1,,,,LZ_11067,Sie beschreiben das imperiale und das metrische Masssystem und erläutern die Unterschiede.,K2,3. Sem.,0
ET,9999 a.03,NQR 4,P,LN 2,BFS,MEM 10 07,Sie interpretieren technische Dokumentationen in englischer Sprache.,LFB_En_BASE1,,,,LZ_11068,Sie nennen die englischen Bezeichnungen von Werkzeugen und Maschinen und erklären ihre Verwendung.,K2,3. Sem.,0
ET,9999 a.03,NQR 4,P,LN 2,BFS,MEM 10 07,Sie interpretieren technische Dokumentationen in englischer Sprache.,LFB_En_BASE1,,,,LZ_11069,"Sie führen ein technisches Gespräch in Englisch mit einem Gegenüber vor Ort, via Telefon oder mit einem anderen Medium.",K2,3. Sem.,0
ET,9999 a.03,NQR 4,P,LN 2,BFS,MEM 10 07,Sie interpretieren technische Dokumentationen in englischer Sprache.,LFB_En_BASE1,,,,LZ_11070,Sie erläutern eine englische Projektdokumentationen in ihren Grundzügen.,K2,3. Sem.,0
ET,9999 a.03,NQR 4,P,LN 2,BFS,MEM 10 07,Sie interpretieren technische Dokumentationen in englischer Sprache.,LFB_En_BASE1,,,,LZ_11071,"Sie erläutern englische Begriffe und Befehle welche in Softwareapplikationen (CAD, CAM etc.) vorkommen.",K2,3. Sem.,0
ET,9999 a.03,NQR 4,P,LN 2,BFS,MEM 10 07,Sie interpretieren technische Dokumentationen in englischer Sprache.,LFB_En_BASE1,,,,LZ_11072,Sie verwenden die englischen Bezeichnungen der gebräuchlichsten Maschinenelemente und erklären deren Verwendung.,K2,3. Sem.,0
ET,9999 a.03,NQR 4,P,LN 2,BFS,MEM 10 07,Sie interpretieren technische Dokumentationen in englischer Sprache.,LFB_En_BASE1,,,,LZ_11073,"Sie erläutern die englischen Begriffe, welche im Projektmanagement vorkommen und setzen diese in einem Projekt korrekt ein (IPERKA).",K3,3. Sem.,0
ET,9999 a.03,NQR 4,P,LN 2,BFS,MEM 10 07,Sie interpretieren technische Dokumentationen in englischer Sprache.,LFB_En_BASE1,,,,LZ_11074,"Sie erläutern Arbeitsabläufe, Arbeitsschritte und Sicherheitsstandards in englischer Sprache.",K2,3. Sem.,0
ET,9999 a.03,NQR 4,P,LN 2,BFS,MEM 10 07,Sie interpretieren technische Dokumentationen in englischer Sprache.,LFB_En_BASE1,,,,LZ_11075,"Sie erklären technische Unterlagen, welche in englischer Sprache geschrieben sind.",K2,3. Sem.,0
ET,9999 a.03,NQR 4,P,LN 2,BFS,MEM 10 07,Sie interpretieren technische Dokumentationen in englischer Sprache.,LFB_En_BASE1,,,,LZ_11076,Sie setzen aktive und passive Satzstrukturen in Englisch korrekt ein.,K2,3. Sem.,0
ET,9999 a.03,NQR 4,P,LN 2,BFS,MEM 10 07,Sie interpretieren technische Dokumentationen in englischer Sprache.,LFB_En_BASE1,,,,LZ_11077,Sie formulieren korrekte Relativsätze in Englisch.,K3,3. Sem.,0
ET,9999 a.03,NQR 4,P,LN 2,BFS,MEM 10 07,Sie interpretieren technische Dokumentationen in englischer Sprache.,LFB_En_BASE1,,,,LZ_11078,"Sie verwenden in der englischen Sprache zählbare und unzählbare Nomen, die entsprechenden “Quantifiers” und setzen die Artikel (the, an, a) wenn nötig richtig ein.",K3,3. Sem.,0
ET,9999 a.03,NQR 4,P,LN 2,BFS,MEM 10 07,Sie interpretieren technische Dokumentationen in englischer Sprache.,LFB_En_BASE1,,,,LZ_11079,Sie verwenden die englischen Namen von elektrischen Messgeräten und erklären deren Einsatzmöglichkeiten.,K2,3. Sem.,0
ET,9999 a.03,NQR 4,P,LN 2,BFS,MEM 10 07,Sie interpretieren technische Dokumentationen in englischer Sprache.,LFB_En_BASE1,,,,LZ_11080,Sie nennen die englischen Bezeichnungen von elektrotechnischen und elektronischen Komponenten und erklären ihre Verwendung.,K2,3. Sem.,0
ET,9999 a.03,NQR 4,P,LN 2,BFS,MEM 10 07,Sie interpretieren technische Dokumentationen in englischer Sprache.,LFB_En_BASE1,,,,LZ_11081,Sie erläutern physikalische Grössen in englischer Sprache.,K3,3. Sem.,0
ET,9999 c.01,NQR 4,P,LN 3,BFS,MEM 10 05,Sie passen Inhalte von technischen Dokumenten in englischer Sprache an.,LFB_En_BASE1,-,0,15,LZ_11064,Sie teilen sich im technischen Umfeld in Wort und Schrift in englischer Sprache mit.,K3,3. Sem.,1
ET,9999 c.01,NQR 4,P,LN 3,BFS,MEM 10 05,Sie passen Inhalte von technischen Dokumenten in englischer Sprache an.,LFB_En_BASE1,,,,LZ_11065,"Sie verwenden die englischen Begriffe um Elemente der Elektronik, Elektrotechnik, Pneumatik und Hydraulik zu nennen und deren Funktion zu erläutern.",K2,3. Sem.,1
ET,9999 c.01,NQR 4,P,LN 3,BFS,MEM 10 05,Sie passen Inhalte von technischen Dokumenten in englischer Sprache an.,LFB_En_BASE1,,,,LZ_11066,"Sie verwenden die englischen Namen von Mess-, Prüf- und Hilfsmitteln und erklären deren Anwendung.",K2,3. Sem.,1
ET,9999 c.01,NQR 4,P,LN 3,BFS,MEM 10 05,Sie passen Inhalte von technischen Dokumenten in englischer Sprache an.,LFB_En_BASE1,,,,LZ_11067,Sie beschreiben das imperiale und das metrische Masssystem und erläutern die Unterschiede.,K2,3. Sem.,1
ET,9999 c.01,NQR 4,P,LN 3,BFS,MEM 10 05,Sie passen Inhalte von technischen Dokumenten in englischer Sprache an.,LFB_En_BASE1,,,,LZ_11068,Sie nennen die englischen Bezeichnungen von Werkzeugen und Maschinen und erklären ihre Verwendung.,K2,3. Sem.,1
ET,9999 c.01,NQR 4,P,LN 3,BFS,MEM 10 05,Sie passen Inhalte von technischen Dokumenten in englischer Sprache an.,LFB_En_BASE1,,,,LZ_11069,"Sie führen ein technisches Gespräch in Englisch mit einem Gegenüber vor Ort, via Telefon oder mit einem anderen Medium.",K2,3. Sem.,1
ET,9999 c.01,NQR 4,P,LN 3,BFS,MEM 10 05,Sie passen Inhalte von technischen Dokumenten in englischer Sprache an.,LFB_En_BASE1,,,,LZ_11070,Sie erläutern eine englische Projektdokumentationen in ihren Grundzügen.,K2,3. Sem.,1
ET,9999 c.01,NQR 4,P,LN 3,BFS,MEM 10 05,Sie passen Inhalte von technischen Dokumenten in englischer Sprache an.,LFB_En_BASE1,,,,LZ_11071,"Sie erläutern englische Begriffe und Befehle welche in Softwareapplikationen (CAD, CAM etc.) vorkommen.",K2,3. Sem.,1
ET,9999 c.01,NQR 4,P,LN 3,BFS,MEM 10 05,Sie passen Inhalte von technischen Dokumenten in englischer Sprache an.,LFB_En_BASE1,,,,LZ_11072,Sie verwenden die englischen Bezeichnungen der gebräuchlichsten Maschinenelemente und erklären deren Verwendung.,K2,3. Sem.,1
ET,9999 c.01,NQR 4,P,LN 3,BFS,MEM 10 05,Sie passen Inhalte von technischen Dokumenten in englischer Sprache an.,LFB_En_BASE1,,,,LZ_11073,"Sie erläutern die englischen Begriffe, welche im Projektmanagement vorkommen und setzen diese in einem Projekt korrekt ein (IPERKA).",K3,3. Sem.,1
ET,9999 c.01,NQR 4,P,LN 3,BFS,MEM 10 05,Sie passen Inhalte von technischen Dokumenten in englischer Sprache an.,LFB_En_BASE1,,,,LZ_11074,"Sie erläutern Arbeitsabläufe, Arbeitsschritte und Sicherheitsstandards in englischer Sprache.",K2,3. Sem.,1
ET,9999 c.01,NQR 4,P,LN 3,BFS,MEM 10 05,Sie passen Inhalte von technischen Dokumenten in englischer Sprache an.,LFB_En_BASE1,,,,LZ_11075,"Sie erklären technische Unterlagen, welche in englischer Sprache geschrieben sind.",K2,3. Sem.,1
ET,9999 c.01,NQR 4,P,LN 3,BFS,MEM 10 05,Sie passen Inhalte von technischen Dokumenten in englischer Sprache an.,LFB_En_BASE1,,,,LZ_11076,Sie setzen aktive und passive Satzstrukturen in Englisch korrekt ein.,K2,3. Sem.,1
ET,9999 c.01,NQR 4,P,LN 3,BFS,MEM 10 05,Sie passen Inhalte von technischen Dokumenten in englischer Sprache an.,LFB_En_BASE1,,,,LZ_11077,Sie formulieren korrekte Relativsätze in Englisch.,K3,3. Sem.,1
ET,9999 c.01,NQR 4,P,LN 3,BFS,MEM 10 05,Sie passen Inhalte von technischen Dokumenten in englischer Sprache an.,LFB_En_BASE1,,,,LZ_11078,"Sie verwenden in der englischen Sprache zählbare und unzählbare Nomen, die entsprechenden “Quantifiers” und setzen die Artikel (the, an, a) wenn nötig richtig ein.",K3,3. Sem.,1
ET,9999 c.01,NQR 4,P,LN 3,BFS,MEM 10 05,Sie passen Inhalte von technischen Dokumenten in englischer Sprache an.,LFB_En_BASE1,,,,LZ_11079,Sie verwenden die englischen Namen von elektrischen Messgeräten und erklären deren Einsatzmöglichkeiten.,K2,3. Sem.,1
ET,9999 c.01,NQR 4,P,LN 3,BFS,MEM 10 05,Sie passen Inhalte von technischen Dokumenten in englischer Sprache an.,LFB_En_BASE1,,,,LZ_11080,Sie nennen die englischen Bezeichnungen von elektrotechnischen und elektronischen Komponenten und erklären ihre Verwendung.,K2,3. Sem.,1
ET,9999 c.01,NQR 4,P,LN 3,BFS,MEM 10 05,Sie passen Inhalte von technischen Dokumenten in englischer Sprache an.,LFB_En_BASE1,,,,LZ_11081,Sie erläutern physikalische Grössen in englischer Sprache.,K3,3. Sem.,1
ET,9999 c.01,NQR 4,P,LN 3,BFS,MEM 10 06,Sie kommunizieren über technische Dokumentationen in englischer Sprache auf dem Niveau A2.,LFB_En_BASE1,-,0,15,LZ_11064,Sie teilen sich im technischen Umfeld in Wort und Schrift in englischer Sprache mit.,K3,3. Sem.,1
ET,9999 c.01,NQR 4,P,LN 3,BFS,MEM 10 06,Sie kommunizieren über technische Dokumentationen in englischer Sprache auf dem Niveau A2.,LFB_En_BASE1,,,,LZ_11065,"Sie verwenden die englischen Begriffe um Elemente der Elektronik, Elektrotechnik, Pneumatik und Hydraulik zu nennen und deren Funktion zu erläutern.",K2,3. Sem.,1
ET,9999 c.01,NQR 4,P,LN 3,BFS,MEM 10 06,Sie kommunizieren über technische Dokumentationen in englischer Sprache auf dem Niveau A2.,LFB_En_BASE1,,,,LZ_11066,"Sie verwenden die englischen Namen von Mess-, Prüf- und Hilfsmitteln und erklären deren Anwendung.",K2,3. Sem.,1
ET,9999 c.01,NQR 4,P,LN 3,BFS,MEM 10 06,Sie kommunizieren über technische Dokumentationen in englischer Sprache auf dem Niveau A2.,LFB_En_BASE1,,,,LZ_11067,Sie beschreiben das imperiale und das metrische Masssystem und erläutern die Unterschiede.,K2,3. Sem.,1
ET,9999 c.01,NQR 4,P,LN 3,BFS,MEM 10 06,Sie kommunizieren über technische Dokumentationen in englischer Sprache auf dem Niveau A2.,LFB_En_BASE1,,,,LZ_11068,Sie nennen die englischen Bezeichnungen von Werkzeugen und Maschinen und erklären ihre Verwendung.,K2,3. Sem.,1
ET,9999 c.01,NQR 4,P,LN 3,BFS,MEM 10 06,Sie kommunizieren über technische Dokumentationen in englischer Sprache auf dem Niveau A2.,LFB_En_BASE1,,,,LZ_11069,"Sie führen ein technisches Gespräch in Englisch mit einem Gegenüber vor Ort, via Telefon oder mit einem anderen Medium.",K2,3. Sem.,1
ET,9999 c.01,NQR 4,P,LN 3,BFS,MEM 10 06,Sie kommunizieren über technische Dokumentationen in englischer Sprache auf dem Niveau A2.,LFB_En_BASE1,,,,LZ_11070,Sie erläutern eine englische Projektdokumentationen in ihren Grundzügen.,K2,3. Sem.,1
ET,9999 c.01,NQR 4,P,LN 3,BFS,MEM 10 06,Sie kommunizieren über technische Dokumentationen in englischer Sprache auf dem Niveau A2.,LFB_En_BASE1,,,,LZ_11071,"Sie erläutern englische Begriffe und Befehle welche in Softwareapplikationen (CAD, CAM etc.) vorkommen.",K2,3. Sem.,1
ET,9999 c.01,NQR 4,P,LN 3,BFS,MEM 10 06,Sie kommunizieren über technische Dokumentationen in englischer Sprache auf dem Niveau A2.,LFB_En_BASE1,,,,LZ_11072,Sie verwenden die englischen Bezeichnungen der gebräuchlichsten Maschinenelemente und erklären deren Verwendung.,K2,3. Sem.,1
ET,9999 c.01,NQR 4,P,LN 3,BFS,MEM 10 06,Sie kommunizieren über technische Dokumentationen in englischer Sprache auf dem Niveau A2.,LFB_En_BASE1,,,,LZ_11073,"Sie erläutern die englischen Begriffe, welche im Projektmanagement vorkommen und setzen diese in einem Projekt korrekt ein (IPERKA).",K3,3. Sem.,1
ET,9999 c.01,NQR 4,P,LN 3,BFS,MEM 10 06,Sie kommunizieren über technische Dokumentationen in englischer Sprache auf dem Niveau A2.,LFB_En_BASE1,,,,LZ_11074,"Sie erläutern Arbeitsabläufe, Arbeitsschritte und Sicherheitsstandards in englischer Sprache.",K2,3. Sem.,1
ET,9999 c.01,NQR 4,P,LN 3,BFS,MEM 10 06,Sie kommunizieren über technische Dokumentationen in englischer Sprache auf dem Niveau A2.,LFB_En_BASE1,,,,LZ_11075,"Sie erklären technische Unterlagen, welche in englischer Sprache geschrieben sind.",K2,3. Sem.,1
ET,9999 c.01,NQR 4,P,LN 3,BFS,MEM 10 06,Sie kommunizieren über technische Dokumentationen in englischer Sprache auf dem Niveau A2.,LFB_En_BASE1,,,,LZ_11076,Sie setzen aktive und passive Satzstrukturen in Englisch korrekt ein.,K2,3. Sem.,1
ET,9999 c.01,NQR 4,P,LN 3,BFS,MEM 10 06,Sie kommunizieren über technische Dokumentationen in englischer Sprache auf dem Niveau A2.,LFB_En_BASE1,,,,LZ_11077,Sie formulieren korrekte Relativsätze in Englisch.,K3,3. Sem.,1
ET,9999 c.01,NQR 4,P,LN 3,BFS,MEM 10 06,Sie kommunizieren über technische Dokumentationen in englischer Sprache auf dem Niveau A2.,LFB_En_BASE1,,,,LZ_11078,"Sie verwenden in der englischen Sprache zählbare und unzählbare Nomen, die entsprechenden “Quantifiers” und setzen die Artikel (the, an, a) wenn nötig richtig ein.",K3,3. Sem.,1
ET,9999 c.01,NQR 4,P,LN 3,BFS,MEM 10 06,Sie kommunizieren über technische Dokumentationen in englischer Sprache auf dem Niveau A2.,LFB_En_BASE1,,,,LZ_11079,Sie verwenden die englischen Namen von elektrischen Messgeräten und erklären deren Einsatzmöglichkeiten.,K2,3. Sem.,1
ET,9999 c.01,NQR 4,P,LN 3,BFS,MEM 10 06,Sie kommunizieren über technische Dokumentationen in englischer Sprache auf dem Niveau A2.,LFB_En_BASE1,,,,LZ_11080,Sie nennen die englischen Bezeichnungen von elektrotechnischen und elektronischen Komponenten und erklären ihre Verwendung.,K2,3. Sem.,1
ET,9999 c.01,NQR 4,P,LN 3,BFS,MEM 10 06,Sie kommunizieren über technische Dokumentationen in englischer Sprache auf dem Niveau A2.,LFB_En_BASE1,,,,LZ_11081,Sie erläutern physikalische Grössen in englischer Sprache.,K3,3. Sem.,1
ET,9999 a.03,NQR 4,P,LN 2,BFS,MEM 10 07,Sie interpretieren technische Dokumentationen in englischer Sprache.,LFB_En_BASE2,-,0,10,LZ_11082,"Sie erläutern englische Begriffe, welche in der Technik verwendet werden.",K3,4. Sem.,0
ET,9999 a.03,NQR 4,P,LN 2,BFS,MEM 10 07,Sie interpretieren technische Dokumentationen in englischer Sprache.,LFB_En_BASE2,,,,LZ_11083,Sie nennen die englischen Bezeichnungen von verschiedenen Komponenten/Werkstoffen und erklären deren Eigenschaften und Verwendungen.,K2,4. Sem.,0
ET,9999 a.03,NQR 4,P,LN 2,BFS,MEM 10 07,Sie interpretieren technische Dokumentationen in englischer Sprache.,LFB_En_BASE2,,,,LZ_11084,Sie wenden Adjektive und Adverbien in der englischen Sprache korrekt an.,K3,4. Sem.,0
ET,9999 a.03,NQR 4,P,LN 2,BFS,MEM 10 07,Sie interpretieren technische Dokumentationen in englischer Sprache.,LFB_En_BASE2,,,,LZ_11085,Sie beschreiben verschiedene Fertigungsverfahren und erklären ihre Verwendung in englischer Sprache.,K2,4. Sem.,0
ET,9999 a.03,NQR 4,P,LN 2,BFS,MEM 10 07,Sie interpretieren technische Dokumentationen in englischer Sprache.,LFB_En_BASE2,,,,LZ_11086,Sie setzen die verschiedenen Zeitformen in der englischen Sprache korrekt ein.,K3,4. Sem.,0
ET,9999 a.03,NQR 4,P,LN 2,BFS,MEM 10 07,Sie interpretieren technische Dokumentationen in englischer Sprache.,LFB_En_BASE2,,,,LZ_11087,"Sie verwenden die englischen Begriffe um Zeitaufwand, Kosten und Qualität einer Lösung zu erklären.",K2,4. Sem.,0
ET,9999 a.03,NQR 4,P,LN 2,BFS,MEM 10 07,Sie interpretieren technische Dokumentationen in englischer Sprache.,LFB_En_BASE2,,,,LZ_11088,"Sie beschreiben unterschiedliche Softwarekonzepte (die Bausteine und Grundideen, die Softwareentwicklung strukturieren und ermöglichen).",K2,4. Sem.,0
ET,9999 a.03,NQR 4,P,LN 2,BFS,MEM 10 07,Sie interpretieren technische Dokumentationen in englischer Sprache.,LFB_En_BASE2,,,,LZ_11089,Sie verwenden die Möglichkeitsform (Conditionals) in Englisch korrekt an.,K3,4. Sem.,0
ET,9999 a.03,NQR 4,P,LN 2,BFS,MEM 10 07,Sie interpretieren technische Dokumentationen in englischer Sprache.,LFB_En_BASE2,,,,LZ_11090,"Sie erläutern in englischer Sprache die Installation, Inbetriebnahme, Fehlersuche und Reparatur eines Produktes.",K2,4. Sem.,0
ET,9999 a.03,NQR 4,P,LN 2,BFS,MEM 10 07,Sie interpretieren technische Dokumentationen in englischer Sprache.,LFB_En_BASE2,,,,LZ_11091,"Sie beschreiben Schäden, welche an Produkten entstehen können und deren Verhinderung in englischer Sprache.",K2,4. Sem.,0
ET,9999 a.03,NQR 4,P,LN 2,BFS,MEM 10 07,Sie interpretieren technische Dokumentationen in englischer Sprache.,LFB_En_BASE2,,,,LZ_11092,Sie unterscheiden wichtige Lötverfahren der Elektronik in englischer Sprache.,K2,4. Sem.,0
ET,9999 a.03,NQR 4,P,LN 2,BFS,MEM 10 07,Sie interpretieren technische Dokumentationen in englischer Sprache.,LFB_En_BASE2,,,,LZ_11093,Sie benennen Verbindungstechniken und beschreiben deren Anwendungen in englischer Sprache.,K2,4. Sem.,0
ET,9999 a.03,NQR 4,P,LN 2,BFS,MEM 10 07,Sie interpretieren technische Dokumentationen in englischer Sprache.,LFB_En_BASE2,,,,LZ_11094,Sie erläutern Grundbegriffe und Grundschaltungen der Elektrotechnik und der Elektronik in englischer Sprache.,K2,4. Sem.,0
ET,9999 a.03,NQR 4,P,LN 2,BFS,MEM 10 07,Sie interpretieren technische Dokumentationen in englischer Sprache.,LFB_En_BASE2,,,,LZ_11080,Sie nennen die englischen Bezeichnungen von elektrotechnischen und elektronischen Komponenten und erklären ihre Verwendung.,K2,4. Sem.,0
ET,9999 a.03,NQR 4,P,LN 2,BFS,MEM 10 07,Sie interpretieren technische Dokumentationen in englischer Sprache.,LFB_En_BASE2,,,,LZ_11064,Sie teilen sich im technischen Umfeld in Wort und Schrift in englischer Sprache mit.,K3,4. Sem.,0
ET,9999 a.03,NQR 4,P,LN 2,BFS,MEM 10 07,Sie interpretieren technische Dokumentationen in englischer Sprache.,LFB_En_BASE2,,,,LZ_11065,"Sie verwenden die englischen Begriffe um Elemente der Elektronik, Elektrotechnik, Pneumatik und Hydraulik zu nennen und deren Funktion zu erläutern.",K2,4. Sem.,0
ET,9999 a.03,NQR 4,P,LN 2,BFS,MEM 10 07,Sie interpretieren technische Dokumentationen in englischer Sprache.,LFB_En_BASE2,,,,LZ_11069,"Sie führen ein technisches Gespräch in Englisch mit einem Gegenüber vor Ort, via Telefon oder mit einem anderen Medium.",K2,4. Sem.,0
ET,9999 a.03,NQR 4,P,LN 2,BFS,MEM 10 07,Sie interpretieren technische Dokumentationen in englischer Sprache.,LFB_En_BASE2,,,,LZ_11099,Sie beschreiben den Ablauf verschiedener Tests und erklären die Resultate.,K2,4. Sem.,0
ET,9999 c.01,NQR 4,P,LN 3,BFS,MEM 10 05,Sie passen Inhalte von technischen Dokumenten in englischer Sprache an.,LFB_En_BASE2,-,0,15,LZ_11082,"Sie erläutern englische Begriffe, welche in der Technik verwendet werden.",K3,4. Sem.,1
ET,9999 c.01,NQR 4,P,LN 3,BFS,MEM 10 05,Sie passen Inhalte von technischen Dokumenten in englischer Sprache an.,LFB_En_BASE2,,,,LZ_11083,Sie nennen die englischen Bezeichnungen von verschiedenen Komponenten/Werkstoffen und erklären deren Eigenschaften und Verwendungen.,K2,4. Sem.,1
ET,9999 c.01,NQR 4,P,LN 3,BFS,MEM 10 05,Sie passen Inhalte von technischen Dokumenten in englischer Sprache an.,LFB_En_BASE2,,,,LZ_11084,Sie wenden Adjektive und Adverbien in der englischen Sprache korrekt an.,K3,4. Sem.,1
ET,9999 c.01,NQR 4,P,LN 3,BFS,MEM 10 05,Sie passen Inhalte von technischen Dokumenten in englischer Sprache an.,LFB_En_BASE2,,,,LZ_11085,Sie beschreiben verschiedene Fertigungsverfahren und erklären ihre Verwendung in englischer Sprache.,K2,4. Sem.,1
ET,9999 c.01,NQR 4,P,LN 3,BFS,MEM 10 05,Sie passen Inhalte von technischen Dokumenten in englischer Sprache an.,LFB_En_BASE2,,,,LZ_11086,Sie setzen die verschiedenen Zeitformen in der englischen Sprache korrekt ein.,K3,4. Sem.,1
ET,9999 c.01,NQR 4,P,LN 3,BFS,MEM 10 05,Sie passen Inhalte von technischen Dokumenten in englischer Sprache an.,LFB_En_BASE2,,,,LZ_11087,"Sie verwenden die englischen Begriffe um Zeitaufwand, Kosten und Qualität einer Lösung zu erklären.",K2,4. Sem.,1
ET,9999 c.01,NQR 4,P,LN 3,BFS,MEM 10 05,Sie passen Inhalte von technischen Dokumenten in englischer Sprache an.,LFB_En_BASE2,,,,LZ_11088,"Sie beschreiben unterschiedliche Softwarekonzepte (die Bausteine und Grundideen, die Softwareentwicklung strukturieren und ermöglichen).",K2,4. Sem.,1
ET,9999 c.01,NQR 4,P,LN 3,BFS,MEM 10 05,Sie passen Inhalte von technischen Dokumenten in englischer Sprache an.,LFB_En_BASE2,,,,LZ_11089,Sie verwenden die Möglichkeitsform (Conditionals) in Englisch korrekt an.,K3,4. Sem.,1
ET,9999 c.01,NQR 4,P,LN 3,BFS,MEM 10 05,Sie passen Inhalte von technischen Dokumenten in englischer Sprache an.,LFB_En_BASE2,,,,LZ_11090,"Sie erläutern in englischer Sprache die Installation, Inbetriebnahme, Fehlersuche und Reparatur eines Produktes.",K2,4. Sem.,1
ET,9999 c.01,NQR 4,P,LN 3,BFS,MEM 10 05,Sie passen Inhalte von technischen Dokumenten in englischer Sprache an.,LFB_En_BASE2,,,,LZ_11091,"Sie beschreiben Schäden, welche an Produkten entstehen können und deren Verhinderung in englischer Sprache.",K2,4. Sem.,1
ET,9999 c.01,NQR 4,P,LN 3,BFS,MEM 10 05,Sie passen Inhalte von technischen Dokumenten in englischer Sprache an.,LFB_En_BASE2,,,,LZ_11092,Sie unterscheiden wichtige Lötverfahren der Elektronik in englischer Sprache.,K2,4. Sem.,1
ET,9999 c.01,NQR 4,P,LN 3,BFS,MEM 10 05,Sie passen Inhalte von technischen Dokumenten in englischer Sprache an.,LFB_En_BASE2,,,,LZ_11093,Sie benennen Verbindungstechniken und beschreiben deren Anwendungen in englischer Sprache.,K2,4. Sem.,1
ET,9999 c.01,NQR 4,P,LN 3,BFS,MEM 10 05,Sie passen Inhalte von technischen Dokumenten in englischer Sprache an.,LFB_En_BASE2,,,,LZ_11094,Sie erläutern Grundbegriffe und Grundschaltungen der Elektrotechnik und der Elektronik in englischer Sprache.,K2,4. Sem.,1
ET,9999 c.01,NQR 4,P,LN 3,BFS,MEM 10 05,Sie passen Inhalte von technischen Dokumenten in englischer Sprache an.,LFB_En_BASE2,,,,LZ_11080,Sie nennen die englischen Bezeichnungen von elektrotechnischen und elektronischen Komponenten und erklären ihre Verwendung.,K2,4. Sem.,1
ET,9999 c.01,NQR 4,P,LN 3,BFS,MEM 10 05,Sie passen Inhalte von technischen Dokumenten in englischer Sprache an.,LFB_En_BASE2,,,,LZ_11064,Sie teilen sich im technischen Umfeld in Wort und Schrift in englischer Sprache mit.,K3,4. Sem.,1
ET,9999 c.01,NQR 4,P,LN 3,BFS,MEM 10 05,Sie passen Inhalte von technischen Dokumenten in englischer Sprache an.,LFB_En_BASE2,,,,LZ_11065,"Sie verwenden die englischen Begriffe um Elemente der Elektronik, Elektrotechnik, Pneumatik und Hydraulik zu nennen und deren Funktion zu erläutern.",K2,4. Sem.,1
ET,9999 c.01,NQR 4,P,LN 3,BFS,MEM 10 05,Sie passen Inhalte von technischen Dokumenten in englischer Sprache an.,LFB_En_BASE2,,,,LZ_11069,"Sie führen ein technisches Gespräch in Englisch mit einem Gegenüber vor Ort, via Telefon oder mit einem anderen Medium.",K2,4. Sem.,1
ET,9999 c.01,NQR 4,P,LN 3,BFS,MEM 10 05,Sie passen Inhalte von technischen Dokumenten in englischer Sprache an.,LFB_En_BASE2,,,,LZ_11099,Sie beschreiben den Ablauf verschiedener Tests und erklären die Resultate.,K2,4. Sem.,1
ET,9999 c.01,NQR 4,P,LN 3,BFS,MEM 10 06,Sie kommunizieren über technische Dokumentationen in englischer Sprache auf dem Niveau A2.,LFB_En_BASE2,-,0,15,LZ_11082,"Sie erläutern englische Begriffe, welche in der Technik verwendet werden.",K3,4. Sem.,1
ET,9999 c.01,NQR 4,P,LN 3,BFS,MEM 10 06,Sie kommunizieren über technische Dokumentationen in englischer Sprache auf dem Niveau A2.,LFB_En_BASE2,,,,LZ_11083,Sie nennen die englischen Bezeichnungen von verschiedenen Komponenten/Werkstoffen und erklären deren Eigenschaften und Verwendungen.,K2,4. Sem.,1
ET,9999 c.01,NQR 4,P,LN 3,BFS,MEM 10 06,Sie kommunizieren über technische Dokumentationen in englischer Sprache auf dem Niveau A2.,LFB_En_BASE2,,,,LZ_11084,Sie wenden Adjektive und Adverbien in der englischen Sprache korrekt an.,K3,4. Sem.,1
ET,9999 c.01,NQR 4,P,LN 3,BFS,MEM 10 06,Sie kommunizieren über technische Dokumentationen in englischer Sprache auf dem Niveau A2.,LFB_En_BASE2,,,,LZ_11085,Sie beschreiben verschiedene Fertigungsverfahren und erklären ihre Verwendung in englischer Sprache.,K2,4. Sem.,1
ET,9999 c.01,NQR 4,P,LN 3,BFS,MEM 10 06,Sie kommunizieren über technische Dokumentationen in englischer Sprache auf dem Niveau A2.,LFB_En_BASE2,,,,LZ_11086,Sie setzen die verschiedenen Zeitformen in der englischen Sprache korrekt ein.,K3,4. Sem.,1
ET,9999 c.01,NQR 4,P,LN 3,BFS,MEM 10 06,Sie kommunizieren über technische Dokumentationen in englischer Sprache auf dem Niveau A2.,LFB_En_BASE2,,,,LZ_11087,"Sie verwenden die englischen Begriffe um Zeitaufwand, Kosten und Qualität einer Lösung zu erklären.",K2,4. Sem.,1
ET,9999 c.01,NQR 4,P,LN 3,BFS,MEM 10 06,Sie kommunizieren über technische Dokumentationen in englischer Sprache auf dem Niveau A2.,LFB_En_BASE2,,,,LZ_11088,"Sie beschreiben unterschiedliche Softwarekonzepte (die Bausteine und Grundideen, die Softwareentwicklung strukturieren und ermöglichen).",K2,4. Sem.,1
ET,9999 c.01,NQR 4,P,LN 3,BFS,MEM 10 06,Sie kommunizieren über technische Dokumentationen in englischer Sprache auf dem Niveau A2.,LFB_En_BASE2,,,,LZ_11089,Sie verwenden die Möglichkeitsform (Conditionals) in Englisch korrekt an.,K3,4. Sem.,1
ET,9999 c.01,NQR 4,P,LN 3,BFS,MEM 10 06,Sie kommunizieren über technische Dokumentationen in englischer Sprache auf dem Niveau A2.,LFB_En_BASE2,,,,LZ_11090,"Sie erläutern in englischer Sprache die Installation, Inbetriebnahme, Fehlersuche und Reparatur eines Produktes.",K2,4. Sem.,1
ET,9999 c.01,NQR 4,P,LN 3,BFS,MEM 10 06,Sie kommunizieren über technische Dokumentationen in englischer Sprache auf dem Niveau A2.,LFB_En_BASE2,,,,LZ_11091,"Sie beschreiben Schäden, welche an Produkten entstehen können und deren Verhinderung in englischer Sprache.",K2,4. Sem.,1
ET,9999 c.01,NQR 4,P,LN 3,BFS,MEM 10 06,Sie kommunizieren über technische Dokumentationen in englischer Sprache auf dem Niveau A2.,LFB_En_BASE2,,,,LZ_11092,Sie unterscheiden wichtige Lötverfahren der Elektronik in englischer Sprache.,K2,4. Sem.,1
ET,9999 c.01,NQR 4,P,LN 3,BFS,MEM 10 06,Sie kommunizieren über technische Dokumentationen in englischer Sprache auf dem Niveau A2.,LFB_En_BASE2,,,,LZ_11093,Sie benennen Verbindungstechniken und beschreiben deren Anwendungen in englischer Sprache.,K2,4. Sem.,1
ET,9999 c.01,NQR 4,P,LN 3,BFS,MEM 10 06,Sie kommunizieren über technische Dokumentationen in englischer Sprache auf dem Niveau A2.,LFB_En_BASE2,,,,LZ_11094,Sie erläutern Grundbegriffe und Grundschaltungen der Elektrotechnik und der Elektronik in englischer Sprache.,K2,4. Sem.,1
ET,9999 c.01,NQR 4,P,LN 3,BFS,MEM 10 06,Sie kommunizieren über technische Dokumentationen in englischer Sprache auf dem Niveau A2.,LFB_En_BASE2,,,,LZ_11080,Sie nennen die englischen Bezeichnungen von elektrotechnischen und elektronischen Komponenten und erklären ihre Verwendung.,K2,4. Sem.,1
ET,9999 c.01,NQR 4,P,LN 3,BFS,MEM 10 06,Sie kommunizieren über technische Dokumentationen in englischer Sprache auf dem Niveau A2.,LFB_En_BASE2,,,,LZ_11064,Sie teilen sich im technischen Umfeld in Wort und Schrift in englischer Sprache mit.,K3,4. Sem.,1
ET,9999 c.01,NQR 4,P,LN 3,BFS,MEM 10 06,Sie kommunizieren über technische Dokumentationen in englischer Sprache auf dem Niveau A2.,LFB_En_BASE2,,,,LZ_11065,"Sie verwenden die englischen Begriffe um Elemente der Elektronik, Elektrotechnik, Pneumatik und Hydraulik zu nennen und deren Funktion zu erläutern.",K2,4. Sem.,1
ET,9999 c.01,NQR 4,P,LN 3,BFS,MEM 10 06,Sie kommunizieren über technische Dokumentationen in englischer Sprache auf dem Niveau A2.,LFB_En_BASE2,,,,LZ_11069,"Sie führen ein technisches Gespräch in Englisch mit einem Gegenüber vor Ort, via Telefon oder mit einem anderen Medium.",K2,4. Sem.,1
ET,9999 c.01,NQR 4,P,LN 3,BFS,MEM 10 06,Sie kommunizieren über technische Dokumentationen in englischer Sprache auf dem Niveau A2.,LFB_En_BASE2,,,,LZ_11099,Sie beschreiben den Ablauf verschiedener Tests und erklären die Resultate.,K2,4. Sem.,1
ET,9999 b.05,NQR 4,P,LN 3,BFS,ET b5 07,Sie leiten aus einem beispielhaften Pflichtenheft die Prüfkriterien ab.,LFB_Hs_AP,"Identifizierte Anforderungen in messbare Prüfkriterien übersetzen Anforderung festgelegen, wie geprüft wird und welche Messgrössen oder Toleranzbereiche gelten Prüfkriterien formulieren",1,6,LZ_9101,"Sie analysieren das Lastenheft, um spezifische Prüfkriterien und Testanforderungen zu identifizieren und dokumentieren diese Kriterien.",K4,4. Sem.,0
ET,9999 b.05,NQR 4,P,LN 3,BFS,ET b5 07,Sie leiten aus einem beispielhaften Pflichtenheft die Prüfkriterien ab.,LFB_Hs_AP,,,,LZ_9104,"Sie erstellen Berichte über die Testergebnisse und kommunizieren diese regelmässig an alle relevanten Stakeholder, um sicherzustellen, dass alle Beteiligten über den Fortschritt und die Ergebnisse informiert sind.",K3,4. Sem.,0
ET,9999 b.05,NQR 4,P,LN 3,BFS,ET b5 07,Sie leiten aus einem beispielhaften Pflichtenheft die Prüfkriterien ab.,LFB_Hs_AP,,,,LZ_8229,Sie prüfen mit standardisierten Prüfmitteln.,K3,4. Sem.,0
ET,9999 b.05,NQR 4,P,LN 3,BFS,ET b5 07,Sie leiten aus einem beispielhaften Pflichtenheft die Prüfkriterien ab.,LFB_Hs_AP,,,,LZ_8263,Mit standardisierten Messmitteln führen Sie Messungen und Prüfungen durch.,K3,4. Sem.,0
ET,9999 c.02,NQR 4,P,LN 2,BFS,ET c2 09,Sie erklären die Vorzüge eines methodischen und strukturierten Durchführens der Überprüfung von Anforderungen.,LFB_Hs_AP,Strukturierte Überprüfung von Anforderungen. Transparente und vergleichbare Ergebnisse gewährleisten. Zusammenhang zwischen Methodik und Qualität.,2,4,LZ_9105,Sie schlagen basierend auf den Testergebnissen gezielte Verbesserungen vor.,K5,4. Sem.,1
ET,9999 c.02,NQR 4,P,LN 2,BFS,ET c2 09,Sie erklären die Vorzüge eines methodischen und strukturierten Durchführens der Überprüfung von Anforderungen.,LFB_Hs_AP,,,,LZ_9106,Sie setzen die bewilligten Verbesserungen effizient um.,K3,4. Sem.,1
ET,9999 c.02,NQR 4,P,LN 2,BFS,ET c2 09,Sie erklären die Vorzüge eines methodischen und strukturierten Durchführens der Überprüfung von Anforderungen.,LFB_Hs_AP,,,,LZ_9107,"Sie bewerten die Systemanforderungen kontinuierlich während des gesamten Entwicklungsprozesses, um sicherzustellen, dass die festgelegten Kriterien und Anforderungen aus dem Pflichtenheft erfüllt werden.",K6,4. Sem.,1
ET,9999 a.01,NQR 4,P,LN 2,BFS,ET a1 11,Sie erläutern die Unterschiede zwischen Lasten- und Pflichtenheft.,LFB_Hs_IuK,Definitionen und Unterschiede zwischen Lastenheft und Pflichtenheft  Prozesse zur Überführung eines Lastenhefts in ein Pflichtenheft,1,4,LZ_9108,Sie beschreiben die grundlegenden Unterschiede zwischen einem Lastenheft und einem Pflichtenheft und begründen deren Bedeutung im Entwicklungsprozess.,K2,4. Sem.,1
ET,9999 a.01,NQR 4,P,LN 2,BFS,ET a1 11,Sie erläutern die Unterschiede zwischen Lasten- und Pflichtenheft.,LFB_Hs_IuK,,,,LZ_9109,"Sie identifizieren konkrete Beispiele aus der Praxis, um die Unterschiede zwischen einem Lastenheft und einem Pflichtenheft zu erklären.",K3,4. Sem.,1
ET,9999 a.01,NQR 4,P,LN 2,BFS,ET a1 11,Sie erläutern die Unterschiede zwischen Lasten- und Pflichtenheft.,LFB_Hs_IuK,,,,LZ_9110,"Sie bearbeiten ein Lastenheft, indem Sie es in ein Pflichtenheft überführen und dabei die notwendigen Anpassungen und Konkretisierungen dokumentieren.",K4,4. Sem.,1
ET,9999 a.01,NQR 4,P,LN 2,BFS,ET a1 13,Sie erstellen beispielhafte Pflichtenhefte.,LFB_Hs_IuK,"Struktur eines Pflichtenhefts, einschliesslich technischer Spezifikationen, Funktionsanforderungen und Zeitpläne Dokumentationsprozess sowie Methoden der Qualitätskontrolle",2,3,LZ_9114,Sie erstellen ein detailliertes und strukturiertes Pflichtenheft und begründen die darin enthaltenen technischen Anforderungen.,K3,4. Sem.,1
ET,9999 a.01,NQR 4,P,LN 2,BFS,ET a1 13,Sie erstellen beispielhafte Pflichtenhefte.,LFB_Hs_IuK,,,,LZ_9115,"Sie analysieren die wesentlichen Bestandteile eines Pflichtenhefts, einschliesslich technischer Spezifikationen, Systemanforderungen und Zeitpläne.",K4,4. Sem.,1
ET,9999 a.01,NQR 4,P,LN 2,BFS,ET a1 13,Sie erstellen beispielhafte Pflichtenhefte.,LFB_Hs_IuK,,,,LZ_9116,"Sie optimieren ein umfassendes Pflichtenheft, dokumentieren die Ergebnisse und beurteilen die getroffenen Entscheidungen.",K5,4. Sem.,1
ET,9999 a.01,NQR 4,P,LN 3,BFS,ET a1 14,Sie verwenden verschiedene graphische Darstellungsarten zur Darstellung von Kundenanforderungen.,LFB_Hs_IuK,Verschiedene grafische Darstellungsmethoden  Visualisierung Kundenanforderungen,3,3,LZ_9117,Sie visualisieren Kundenanforderungen durch den Einsatz geeigneter grafischer Darstellungsarten und erklären diese.,K3,4. Sem.,1
ET,9999 a.01,NQR 4,P,LN 3,BFS,ET a1 14,Sie verwenden verschiedene graphische Darstellungsarten zur Darstellung von Kundenanforderungen.,LFB_Hs_IuK,,,,LZ_9118,Sie beurteilen unterschiedliche grafische Darstellungstechniken und wählen die am besten geeignete Methode zur Darstellung spezifischer Kundenanforderungen aus.,K4,4. Sem.,1
ET,9999 a.01,NQR 4,P,LN 3,BFS,ET a1 14,Sie verwenden verschiedene graphische Darstellungsarten zur Darstellung von Kundenanforderungen.,LFB_Hs_IuK,,,,LZ_9119,"Sie optimieren grafische Darstellungen, um die Kundenanforderungen klar zu strukturieren und Missverständnisse zu vermeiden.",K5,4. Sem.,1
ET,9999 a.02,NQR 5,P,LN 2,BFS,ET a2 06,Sie setzen verschiedene graphischen Darstellungsarten an beispielhaften Lösungsansätzen ein.,LFB_Hs_IuK,Grafische Darstellungsart für die Kommunikation von Lösungsansätzen  Visualisierungsmethoden zur Präsentation von komplexen technischen Lösungen,4,3,LZ_9120,"Sie verwenden verschiedene grafische Darstellungsarten, um Lösungsansätze darzustellen und kommunizieren die Umsetzungsideen.",K3,4. Sem.,1
ET,9999 a.02,NQR 5,P,LN 2,BFS,ET a2 06,Sie setzen verschiedene graphischen Darstellungsarten an beispielhaften Lösungsansätzen ein.,LFB_Hs_IuK,,,,LZ_9121,Sie beschreiben die Interaktionen durch die Erstellung grafischer Darstellungen und analysieren deren Zusammenhänge.,K4,4. Sem.,1
ET,9999 a.02,NQR 5,P,LN 2,BFS,ET a2 06,Sie setzen verschiedene graphischen Darstellungsarten an beispielhaften Lösungsansätzen ein.,LFB_Hs_IuK,,,,LZ_9122,"Sie setzen innovative grafische Darstellungsarten ein, um komplexe Lösungsansätze anschaulich darzustellen und die Ergebnisse den Zielgruppen effektiv zu präsentieren.",K3,4. Sem.,1
ET,9999 a.01,NQR 4,P,LN 2,BFS,ET a1 12,Sie formulieren technische Produkteigenschaften zielgruppengerecht.,LFB_Hs_IuK,Adressatengerechte Kommunikation Präsentationstechniken,5,3,LZ_9111,Sie beschreiben technische Produkteigenschaften und strukturieren diese entsprechend den Anforderungen.,K3,4. Sem.,1
ET,9999 a.01,NQR 4,P,LN 2,BFS,ET a1 12,Sie formulieren technische Produkteigenschaften zielgruppengerecht.,LFB_Hs_IuK,,,,LZ_9112,Sie wählen technische Produkteigenschaften für verschiedene Zielgruppen aus und kommunizieren diese verständlich.,K4,4. Sem.,1
ET,9999 a.01,NQR 4,P,LN 2,BFS,ET a1 12,Sie formulieren technische Produkteigenschaften zielgruppengerecht.,LFB_Hs_IuK,,,,LZ_9113,"Sie beurteilen technische Produkteigenschaften in einer Präsentation, strukturieren diese und gehen dabei auf unterschiedliche Bedürfnisse und Verständnisebenen ein.",K4,4. Sem.,1
ET,9999 a.01,NQR 4,P,LN 2,BFS,ET a1 10,Sie wählen geeignete Werkstoffe passend zur Einsatzumgebung und Zweck aus.,LFB_Hs_Mü,Eigenschaften verschiedener Materialien Spezifische Anforderungen passender Einsatzumgebungen Nachhaltigkeitsprinzipien,1,4,LZ_406,Sie erklären Korrosion.,K2,4. Sem.,1
ET,9999 a.01,NQR 4,P,LN 2,BFS,ET a1 10,Sie wählen geeignete Werkstoffe passend zur Einsatzumgebung und Zweck aus.,LFB_Hs_Mü,,,,LZ_407,Sie erläutern Methoden zur Verhinderung von Korrosion.,K1,4. Sem.,1
ET,9999 a.01,NQR 4,P,LN 2,BFS,ET a1 10,Sie wählen geeignete Werkstoffe passend zur Einsatzumgebung und Zweck aus.,LFB_Hs_Mü,,,,LZ_9126,"Sie identifizieren geeignete Werkstoffe, die den spezifischen Anforderungen industrieller Umgebungen standhalten, wie z.B. hohe Temperaturen, Feuchtigkeit oder chemische Belastungen.",K4,4. Sem.,1
ET,9999 a.01,NQR 4,P,LN 2,BFS,ET a1 10,Sie wählen geeignete Werkstoffe passend zur Einsatzumgebung und Zweck aus.,LFB_Hs_Mü,,,,LZ_9127,Sie analysieren und bewerten Eigenschaften verschiedener Werkstoffe hinsichtlich ihrer Ressourceneffizienz.,K4,4. Sem.,1
ET,9999 a.01,NQR 4,P,LN 3,BFS,ET a1 09,Sie erstellen Kostenzusammenstellungen.,LFB_Hs_Mü,Verschiedene Kostenarten und deren Einfluss auf Projekte.  Berechnung von Entwicklungs- und Produktionskosten Kostenschätzungen und Budgetplanungen.,2,4,LZ_9123,"Sie erstellen eine detaillierte Kostenaufstellung für die Entwicklung von Geräten zur Energieüberwachung, einschliesslich Entwicklungs- und Produktionskosten. Sie lernen, die Kosten zu berechnen und verschiedene Kostenfaktoren zu identifizieren und einzutragen.",K3,4. Sem.,1
ET,9999 a.01,NQR 4,P,LN 3,BFS,ET a1 09,Sie erstellen Kostenzusammenstellungen.,LFB_Hs_Mü,,,,LZ_9124,"Sie unterscheiden und kalkulieren verschiedene Kostenfaktoren wie Materialkosten, Arbeitskosten und Betriebskosten und halten diese schriftlich fest.",K4,4. Sem.,1
ET,9999 a.01,NQR 4,P,LN 3,BFS,ET a1 09,Sie erstellen Kostenzusammenstellungen.,LFB_Hs_Mü,,,,LZ_9125,Sie führen Kostenanalysen durch und beschreiben und beurteilen Einsparpotenziale durch die Anwendung von Ecodesign-Prinzipien.,K4,4. Sem.,1
ET,9999 b.01,NQR 4,P,LN 2,BFS,ET b1 20,Sie erläutern die Prinzipien des Ecodesigns in Bezug auf material- und energieeffizientes Design.,LFB_Hs_Mü,Ecodesign-Grundsätze Energieeffiziente Designmethoden Lebenszyklus eines Produkts,3,2,LZ_5534,Sie berechnen die Energiekosten.,K3,4. Sem.,0
ET,9999 b.01,NQR 4,P,LN 2,BFS,ET b1 20,Sie erläutern die Prinzipien des Ecodesigns in Bezug auf material- und energieeffizientes Design.,LFB_Hs_Mü,,,,LZ_9128,Sie erklären die Grundprinzipien des Ecodesigns und deren Bedeutung für die Entwicklung von Geräten zur Energieüberwachung.,K3,4. Sem.,0
ET,9999 b.01,NQR 4,P,LN 2,BFS,ET b1 20,Sie erläutern die Prinzipien des Ecodesigns in Bezug auf material- und energieeffizientes Design.,LFB_Hs_Mü,,,,LZ_9129,Sie erarbeiten Strategien zur Minimierung des Material- und Energieverbrauchs während des Produktdesigns.,K4,4. Sem.,0
ET,9999 b.01,NQR 4,P,LN 2,BFS,ET b1 20,Sie erläutern die Prinzipien des Ecodesigns in Bezug auf material- und energieeffizientes Design.,LFB_Hs_Mü,,,,LZ_9130,Sie interpretieren Beispiele für die Anwendungen von Ecodesign in der Praxis und dokumentieren deren positive Auswirkungen auf die Umwelt.,K4,4. Sem.,0
ET,9999 a.02,NQR 5,P,LN 3,BFS,KR a2 09,"Sie beurteilen ökologische Ansätze, sowie Technologien zur Ökologie und deren Anwendungsgebiete.",LFB_Hs_Mü,Aktuelle ökologische Herausforderungen und Technologien Methoden zur Bewertung von ökologischen Technologien Integration ökologischer Technologien in Prozesse Gesetzlichen Anforderungen im Bereich Umweltschutz,4,4,LZ_223,Sie nennen den Einsatz von Recycling-Werkstoffen in der Technik.,K1,4. Sem.,1
ET,9999 a.02,NQR 5,P,LN 3,BFS,KR a2 09,"Sie beurteilen ökologische Ansätze, sowie Technologien zur Ökologie und deren Anwendungsgebiete.",LFB_Hs_Mü,,,,LZ_9131,Sie analysieren verschiedene ökologische Ansätze und Technologien zur Reduktion von CO₂-Emissionen und zur Erhöhung der Ressourceneffizienz.,K4,4. Sem.,1
ET,9999 a.02,NQR 5,P,LN 3,BFS,KR a2 09,"Sie beurteilen ökologische Ansätze, sowie Technologien zur Ökologie und deren Anwendungsgebiete.",LFB_Hs_Mü,,,,LZ_9132,Sie beschreiben und planen die Anwendungsgebiete und den Nutzen von Technologien zur Energieeffizienz in industriellen Anwendungen.,K4,4. Sem.,1
ET,9999 a.02,NQR 5,P,LN 3,BFS,KR a2 09,"Sie beurteilen ökologische Ansätze, sowie Technologien zur Ökologie und deren Anwendungsgebiete.",LFB_Hs_Mü,,,,LZ_9133,Sie bewerten ökologische Ansätze und Technologien hinsichtlich ihrer Effektivität in der Produktentwicklung und dokumentieren ihre Ergebnisse.,K4,4. Sem.,1
ET,9999 d.01,NQR 4,P,LN 3,BFS,MEM 02 11,Sie dokumentieren Informationen zu ihrer Arbeit.,LFB_MEM_PLG1,"MS-Office, Visualisieren, Instandhaltung, Prüfprotokoll, Prozessablauf, Diagramme",1,4,LZ_9155,Sie erkennen die Optimierung von Arbeitsschritten und visualisieren dies in einem Prozessablauf.,K4,2. Sem.,1
ET,9999 d.01,NQR 4,P,LN 3,BFS,MEM 02 11,Sie dokumentieren Informationen zu ihrer Arbeit.,LFB_MEM_PLG1,,,,LZ_9156,Sie visualisieren die Abfolge von Arbeitsschritte in einem Prozessdiagramm.,K3,2. Sem.,1
ET,9999 d.01,NQR 4,P,LN 3,BFS,MEM 02 11,Sie dokumentieren Informationen zu ihrer Arbeit.,LFB_MEM_PLG1,,,,LZ_7905,Sie planen einen Instandhaltungsauftrag unter Anleitung und bereiten Schutzmassnahmen vor.,K3,2. Sem.,1
ET,9999 d.01,NQR 4,P,LN 3,BFS,MEM 02 11,Sie dokumentieren Informationen zu ihrer Arbeit.,LFB_MEM_PLG1,,,,LZ_7915,Sie dokumentieren die Ergebnisse von Inspektionen in vorgegebenen Prüfprotokollen.,K3,2. Sem.,1
ET,9999 a.01,NQR 4,P,LN 2,BFS,MEM 02 12,Sie interpretieren definierte Prozesse.,LFB_MEM_PLG2,"Prozessabläufe, Lesetechnik",1,1,LZ_9003,Sie interpretieren vorgegebene Arbeitsaufträge und Vorgaben.,K2,2. Sem.,1
ET,9999 a.01,NQR 4,P,LN 3,BFS,MEM 02 13,Sie erfassen relevante Informationen für neue Prozesse.,LFB_MEM_PLG2,Prozessdarstellungen,2,1,LZ_9157,Sie erkennen das Vorgehen und die Abfolge von Arbeitsschritten bei Aufträgen.,K2,2. Sem.,1
ET,9999 a.01,NQR 4,P,LN 4,BFS,MEM 02 14,Sie gestalten Prozessabläufe und erstellen geeignete Prozessdokumente.,LFB_MEM_PLG2,"MS-Office, Visualisieren, Diagramme",3,2,LZ_9155,Sie erkennen die Optimierung von Arbeitsschritten und visualisieren dies in einem Prozessablauf.,K4,2. Sem.,1
ET,9999 d.01,NQR 4,P,LN 3,BFS,MEM 02 10,Sie verwenden geeignete Werkzeuge zur Dokumentation ihrer Arbeit.,LFB_MEM_PLG3,"MS-Office, Dokumentieren, Visualisieren, Prozessabläufe, -schritte",1,1,LZ_9012,Sie beurteilen unterschiedliche Dokumentationsarten.,K2,2. Sem.,1
ET,9999 d.01,NQR 4,P,LN 3,BFS,MEM 02 10,Sie verwenden geeignete Werkzeuge zur Dokumentation ihrer Arbeit.,LFB_MEM_PLG3,,,,LZ_9164,Sie visualisieren die Abfolge von Arbeitsschritte in einem Prozessdiagramm.,K3,2. Sem.,1
ET,9999 a.03,NQR 4,P,LN 3,BFS,MEM 02 09,Sie dokumentieren und archivieren ihre Arbeit laufend und lückenlos mit situativ geeigneten Hilfsmitteln unter Einhaltung der Vorgaben.,LFB_MEM_PLG3,"MS-Office, Cybersecurity, Ablage-Organisation, Arbeitsplanung",2,1,LZ_9162,Sie dokumentieren einen vorhandenen Arbeitsablauf.,K3,2. Sem.,0
ET,9999 a.03,NQR 4,P,LN 3,BFS,MEM 02 09,Sie dokumentieren und archivieren ihre Arbeit laufend und lückenlos mit situativ geeigneten Hilfsmitteln unter Einhaltung der Vorgaben.,LFB_MEM_PLG3,,,,LZ_9163,Sie archivieren Dokumente unter Einhaltung der Vorgaben der Firma.,K3,2. Sem.,0
ET,9999 d.01,NQR 4,P,LN 2,BFS,MEM 02 08,Sie dokumentieren und archivieren ihre Arbeit nachvollziehbar mit festgelegten Hilfsmitteln nach Vorgaben.,LFB_MEM_PLG3,"MS-Office, Cybersecurity, Ablage-Organisation, Arbeitsplanung",3,1,LZ_9003,Sie interpretieren vorgegebene Arbeitsaufträge und Vorgaben.,K2,2. Sem.,1
ET,9999 d.01,NQR 4,P,LN 2,BFS,MEM 02 08,Sie dokumentieren und archivieren ihre Arbeit nachvollziehbar mit festgelegten Hilfsmitteln nach Vorgaben.,LFB_MEM_PLG3,,,,LZ_9157,Sie erkennen das Vorgehen und die Abfolge von Arbeitsschritten bei Aufträgen.,K2,2. Sem.,1
ET,9999 d.02,NQR 3,P,LN 4,BFS,MEM 04 04,Sie teilen Tätigkeiten in ihrem Arbeitsumfeld den verschiedenen Qualitätsstandards zu und begründen diese.,LFB_MEM_QB1,Qualitätsstandards,1,1,LZ_5105,Sie erläutern die Begriffe Qualität und Qualitätsmanagementsystem.,K2,1. Sem.,1
ET,9999 d.02,NQR 3,P,LN 4,BFS,MEM 04 04,Sie teilen Tätigkeiten in ihrem Arbeitsumfeld den verschiedenen Qualitätsstandards zu und begründen diese.,LFB_MEM_QB1,,,,LZ_9165,Sie zählen in ihrem Arbeitsumfeld die verschiedenen Qualitätsstandards auf.,K1,1. Sem.,1
ET,9999 d.02,NQR 3,P,LN 3,BFS,MEM 04 05,Sie setzen die wesentlichen in der MEM-Industrie vorkommenden Qualitätsnormen in konkreten Aufgabenstellungen um.,LFB_MEM_QB1,"Qualitätsmerkmale, Qualitätsnormen, Qualitätssicherung",2,5,LZ_674,Sie zählen Qualitätsmerkmale auf.,K1,1. Sem.,1
ET,9999 d.02,NQR 3,P,LN 3,BFS,MEM 04 05,Sie setzen die wesentlichen in der MEM-Industrie vorkommenden Qualitätsnormen in konkreten Aufgabenstellungen um.,LFB_MEM_QB1,,,,LZ_677,"Sie zeigen die Grundzüge der Qualitätssicherung auf, beispielsweise die Fehleranalyse.",K3,1. Sem.,1
ET,9999 d.02,NQR 3,P,LN 3,BFS,MEM 04 05,Sie setzen die wesentlichen in der MEM-Industrie vorkommenden Qualitätsnormen in konkreten Aufgabenstellungen um.,LFB_MEM_QB1,,,,LZ_9166,Sie ordnen Tätigkeiten in ihrem Arbeitsumfeld den verschiedenen Qualitätsstandards zu und begründen dies.,K3,1. Sem.,1
ET,9999 d.02,NQR 3,P,LN 3,BFS,MEM 04 05,Sie setzen die wesentlichen in der MEM-Industrie vorkommenden Qualitätsnormen in konkreten Aufgabenstellungen um.,LFB_MEM_QB1,,,,LZ_9167,Sie definieren die notwendigen Qualitätsnormen aus einer vorgegebenen Aufgabenstellung.,K2,1. Sem.,1
ET,9999 d.02,NQR 3,P,LN 2,BFS,MEM 04 06,Sie unterscheiden verschiedene Formen des Änderungswesens und beurteilen deren Vor- und Nachteile.,LFB_MEM_QB1,"Betriebsabläufe und -Richtlinien, Änderungsprozess, Qualitätssicherung",3,2,LZ_9168,Sie unterscheiden die Vorteile von verschiedenen Formen im Änderungswesen ihrer Firma.,K2,1. Sem.,1
ET,9999 d.02,NQR 3,P,LN 3,BFS,MEM 04 07,Sie wählen dem Arbeitsprozess entsprechend geeignete Prüfmittel und Prüfverfahren aus.,LFB_MEM_QB1,"Mess- und Prüfmittel, Prüfverfahren, Kalibrierung",4,2,LZ_8221,Sie benennen und unterscheiden Lehren.,K2,1. Sem.,1
ET,9999 d.02,NQR 3,P,LN 3,BFS,MEM 04 07,Sie wählen dem Arbeitsprozess entsprechend geeignete Prüfmittel und Prüfverfahren aus.,LFB_MEM_QB1,,,,LZ_7837,Sie benennen und unterscheiden Messmittel.,K2,1. Sem.,1
ET,9999 d.02,NQR 3,P,LN 3,BFS,MEM 04 07,Sie wählen dem Arbeitsprozess entsprechend geeignete Prüfmittel und Prüfverfahren aus.,LFB_MEM_QB1,,,,LZ_125,Sie bezeichnen Mess- und Prüfmittel wie Multimeter.,K1,1. Sem.,1
ET,9999 d.02,NQR 3,P,LN 3,BFS,MEM 04 07,Sie wählen dem Arbeitsprozess entsprechend geeignete Prüfmittel und Prüfverfahren aus.,LFB_MEM_QB1,,,,LZ_9170,Sie nennen die relevanten Prüfmittel und Prüfverfahren.,K1,1. Sem.,1
ET,9999 a.03,NQR 4,P,LN 3,BFS,MEM 07 11,Sie schützen sich und ihr Umfeld gegen Cyberbedrohungen.,LFB_MEM_SII,Richtlinien und Handlungsanweisungen zu Cybermobbing Hacking Zwei-Faktor Authentifizierung Malware Phishing Ransomeware etc.,1,2,LZ_9181,Sie wenden die vorgegeben Software gegen Cyberangriffe an.,K2,1. Sem.,0
ET,9999 a.03,NQR 4,P,LN 3,BFS,MEM 07 12,Sie schätzen mögliche Auswirkungen von Cyberbedrohungen und Sicherheitslücken ab.,LFB_MEM_SII,Richtlinien und Handlungsanweisungen zu Cybermobbing Hacking Zwei-Faktor Authentifizierung Malware Phishing Ransomeware etc.,2,2,LZ_9178,Sie zählen die aktuellen Cyberbedrohungen und Gefahren auf.,K1,1. Sem.,0
ET,9999 a.03,NQR 4,P,LN 3,BFS,MEM 07 12,Sie schätzen mögliche Auswirkungen von Cyberbedrohungen und Sicherheitslücken ab.,LFB_MEM_SII,,,,LZ_9179,Sie können die Bedrohlichkeit von Cyberangriffen und mögliche Sicherheitslücken abschätzen.,K1,1. Sem.,0
ET,9999 a.03,NQR 4,P,LN 3,BFS,MEM 07 12,Sie schätzen mögliche Auswirkungen von Cyberbedrohungen und Sicherheitslücken ab.,LFB_MEM_SII,,,,LZ_9180,Sie nennen die Richtlinien und das Verhalten gegen Cyberangriffe.,K1,1. Sem.,0
ET,9999 a.03,NQR 4,P,LN 2,BFS,MEM 07 13,Sie identifizieren aktuelle Cyberbedrohungen und Gefahren.,LFB_MEM_SII,Richtlinien und Handlungsanweisungen zu Cybermobbing Hacking Zwei-Faktor Authentifizierung Malware Phishing Ransomeware etc.,3,1,LZ_9182,Sie erkennen mögliche aktuelle Cyperbedrohungen.,K4,1. Sem.,0
ET,9999 b.03,NQR 3,P,LN 4,BFS,MEM 11 09,Sie identifizieren relevante Massnahmen und Verhaltensregeln zur Einhaltung von Arbeitssicherheit.,LFB_MEM_SII,"Arbeitssicherheit, Gefahrensymbole und -sätze, Sicherheitsdatenblätter",4,2,LZ_235,Sie erklären Sicherheitsdatenblätter und Etiketten von chemischen Gefahrenstoffen.,K2,1. Sem.,1
ET,9999 b.03,NQR 3,P,LN 4,BFS,MEM 11 09,Sie identifizieren relevante Massnahmen und Verhaltensregeln zur Einhaltung von Arbeitssicherheit.,LFB_MEM_SII,,,,LZ_237,Sie interpretieren das Sicherheitsdatenblatt (H- und P-Sätze).,K5,1. Sem.,1
ET,9999 b.03,NQR 3,P,LN 4,BFS,MEM 11 09,Sie identifizieren relevante Massnahmen und Verhaltensregeln zur Einhaltung von Arbeitssicherheit.,LFB_MEM_SII,,,,LZ_112,"Sie beschreiben die Elemente und Massnahmen zum Schutz von Personen, Umwelt und Sachwerten.",K2,1. Sem.,1
ET,9999 b.03,NQR 3,P,LN 4,BFS,MEM 11 10,Sie planen an Beispielen aus ihrem Arbeitsumfeld Massnahmen und Verhaltensvorgaben.,LFB_MEM_SII,"Erste-Hilfe Massnahmen bei Unfällen, Personen- und Sachschutz, Gefahrensymbole, Umgang mit Gefahrenstoffen, Entsorgung, Umweltschutz",5,2,LZ_1064,Sie beschreiben und halten die betriebsspezifischen Vorschriften des Personen- und Sachschutzes ein.,K2,1. Sem.,1
ET,9999 b.03,NQR 3,P,LN 4,BFS,MEM 11 10,Sie planen an Beispielen aus ihrem Arbeitsumfeld Massnahmen und Verhaltensvorgaben.,LFB_MEM_SII,,,,LZ_7520,Sie setzen persönliche Schutzausrüstung ein.,K3,1. Sem.,1
ET,9999 b.03,NQR 3,P,LN 5,BFS,MEM 11 11,"Sie bestimmen den ökologischen Fussabdruck der eigenen betrieblichen Tätigkeit, reflektieren diesen und schlagen wo möglich Verbesserungen vor.",LFB_MEM_SII,"Entsorgung von Altstoffen und Schadstoffen, Produktezyklus, ökologischer Fussabdruck, Umweltschutz, Ressourcen und Technologien",6,2,LZ_9174,Sie beschreiben im Umgang mit den Ressourcen die Gesamtzusammenhänge des Umweltschutzes.,K2,1. Sem.,1
ET,9999 b.03,NQR 3,P,LN 5,BFS,MEM 11 11,"Sie bestimmen den ökologischen Fussabdruck der eigenen betrieblichen Tätigkeit, reflektieren diesen und schlagen wo möglich Verbesserungen vor.",LFB_MEM_SII,,,,LZ_9176,Sie beschreiben den schonungsvollen Einsatz von erneuer- und nicht erneuerbaren Ressourcen und Technologien.,K2,1. Sem.,1
ET,9999 b.03,NQR 3,P,LN 5,BFS,MEM 11 11,"Sie bestimmen den ökologischen Fussabdruck der eigenen betrieblichen Tätigkeit, reflektieren diesen und schlagen wo möglich Verbesserungen vor.",LFB_MEM_SII,,,,LZ_5006,Sie erläutern Verfahren sowie deren Merkmale und Anwendungsformen unter Berücksichtigung ökologischer Aspekte anhand von praktischen Beispielen.,K2,1. Sem.,1
ET,9999 b.03,NQR 3,P,LN 5,BFS,MEM 11 11,"Sie bestimmen den ökologischen Fussabdruck der eigenen betrieblichen Tätigkeit, reflektieren diesen und schlagen wo möglich Verbesserungen vor.",LFB_MEM_SII,,,,LZ_224,Sie beschreiben die Gesamtzusammenhänge bei der Verwendung des Werkstoffes in Bezug auf den Umweltschutz.,K2,1. Sem.,1
ET,9999 a.02,NQR 5,P,LN 3,BFS,MEM 08 01,"Sie planen ihre Arbeit unter Einbezug der Werkstoff-, Fertigungs- und Maschinentechnik und führen sie aus.",LFB_MEM_TBL,"Auftragsdokumente, Wissen aus aufbauenden Lernfeldern, Produkteherstellung, Grundlagen in Werkstoff-, Fertigungs- und Maschinentechnik, Projektablauf",1,20,LZ_9183,Sie interpretieren die Auftragsdokumente.,K3,8. Sem.,1
ET,9999 a.02,NQR 5,P,LN 3,BFS,MEM 08 01,"Sie planen ihre Arbeit unter Einbezug der Werkstoff-, Fertigungs- und Maschinentechnik und führen sie aus.",LFB_MEM_TBL,,,,LZ_9184,Sie skizzieren Lösungsvorschläge und technische Dokumentation.,K3,8. Sem.,1
ET,9999 a.02,NQR 5,P,LN 3,BFS,MEM 08 01,"Sie planen ihre Arbeit unter Einbezug der Werkstoff-, Fertigungs- und Maschinentechnik und führen sie aus.",LFB_MEM_TBL,,,,LZ_9185,Sie planen das Herstellen von Produkten.,K3,8. Sem.,1
ET,9999 a.02,NQR 5,P,LN 3,BFS,MEM 08 01,"Sie planen ihre Arbeit unter Einbezug der Werkstoff-, Fertigungs- und Maschinentechnik und führen sie aus.",LFB_MEM_TBL,,,,LZ_9187,Sie wenden das Fachwissen aus den aufbauenden Lernfeldern an.,K3,8. Sem.,1
ET,9999 a.02,NQR 5,P,LN 3,BFS,MEM 08 01,"Sie planen ihre Arbeit unter Einbezug der Werkstoff-, Fertigungs- und Maschinentechnik und führen sie aus.",LFB_MEM_TBL,,,,LZ_9193,Sie übernehmen die Verantwortung beim Erstellen und Begleiten von Projekten.,K4,8. Sem.,1
ET,9999 a.02,NQR 5,P,LN 3,BFS,MEM 08 01,"Sie planen ihre Arbeit unter Einbezug der Werkstoff-, Fertigungs- und Maschinentechnik und führen sie aus.",LFB_MEM_TBL,,,,LZ_9194,"Sie kontrollieren die Projektabläufe, werten die Ergebnisse aus und reagieren bei Abweichungen situationsgerecht.",K4,8. Sem.,1
ET,9999 a.02,NQR 5,P,LN 3,BFS,MEM 08 02,Sie planen ihre Arbeit unter Einbezug naturwissenschaftlicher Aspekte und führen sie aus.,LFB_MEM_TBL,"Auftragsdokumente, Wissen aus aufbauenden Lernfeldern, Arbeitsplanung, Resultate abschätzen, Einheiten, Normen, abstraktes Vorstellungsvermögen, Technologiedaten und -tabellen, Zeichnungstechnik",2,20,LZ_9187,Sie wenden das Fachwissen aus den aufbauenden Lernfeldern an.,K3,8. Sem.,1
ET,9999 a.02,NQR 5,P,LN 3,BFS,MEM 08 02,Sie planen ihre Arbeit unter Einbezug naturwissenschaftlicher Aspekte und führen sie aus.,LFB_MEM_TBL,,,,LZ_1_,"Sie wenden den Taschenrechner an, der Darstellungen mit und ohne Exponenten ermöglicht, die Reihenfolge der Operationen bestimmt und den Gebrauch von Klammern einschliesst.",K3,8. Sem.,1
ET,9999 a.02,NQR 5,P,LN 3,BFS,MEM 08 02,Sie planen ihre Arbeit unter Einbezug naturwissenschaftlicher Aspekte und führen sie aus.,LFB_MEM_TBL,,,,LZ_3,Sie schätzen Resultate hinsichtlich ihrer Grössenordnung ab.,K4,8. Sem.,1
ET,9999 a.02,NQR 5,P,LN 3,BFS,MEM 08 02,Sie planen ihre Arbeit unter Einbezug naturwissenschaftlicher Aspekte und führen sie aus.,LFB_MEM_TBL,,,,LZ_7_1,Sie führen Berechnungen mit Zeiteinheiten durch.,K3,8. Sem.,1
ET,9999 a.02,NQR 5,P,LN 3,BFS,MEM 08 02,Sie planen ihre Arbeit unter Einbezug naturwissenschaftlicher Aspekte und führen sie aus.,LFB_MEM_TBL,,,,LZ_282,"Sie lesen Normbezeichnungen für Zeichnungen, Gestaltung, Fertigung und Maschinenelemente aus den Normtabellen heraus.",K4,8. Sem.,1
ET,9999 a.02,NQR 5,P,LN 3,BFS,MEM 08 02,Sie planen ihre Arbeit unter Einbezug naturwissenschaftlicher Aspekte und führen sie aus.,LFB_MEM_TBL,,,,LZ_848,Sie beschreiben den Informationsgehalt einer technischen Zeichnung.,K2,8. Sem.,1
ET,9999 a.02,NQR 5,P,LN 3,BFS,MEM 08 02,Sie planen ihre Arbeit unter Einbezug naturwissenschaftlicher Aspekte und führen sie aus.,LFB_MEM_TBL,,,,LZ_851,Sie erkennen Werkstücke aus technischen Zeichnungen.,K4,8. Sem.,1
ET,9999 a.02,NQR 5,P,LN 3,BFS,MEM 08 02,Sie planen ihre Arbeit unter Einbezug naturwissenschaftlicher Aspekte und führen sie aus.,LFB_MEM_TBL,,,,LZ_860,Sie interpretieren Stücklisten.,K5,8. Sem.,1
ET,9999 a.02,NQR 5,P,LN 3,BFS,MEM 08 02,Sie planen ihre Arbeit unter Einbezug naturwissenschaftlicher Aspekte und führen sie aus.,LFB_MEM_TBL,,,,LZ_5069,Sie berechnen und bestimmen Technologiedaten.,K3,8. Sem.,1
ET,9999 a.02,NQR 5,P,LN 3,BFS,MEM 08 02,Sie planen ihre Arbeit unter Einbezug naturwissenschaftlicher Aspekte und führen sie aus.,LFB_MEM_TBL,,,,LZ_5145,"Sie arbeiten mit Formaten, Massstäben, Linien und Schriften.",K3,8. Sem.,1
ET,9999 a.02,NQR 5,P,LN 3,BFS,MEM 08 02,Sie planen ihre Arbeit unter Einbezug naturwissenschaftlicher Aspekte und führen sie aus.,LFB_MEM_TBL,,,,LZ_5164,"Sie interpretieren und wenden Massarten, Masseintragungen und Massanordnungen an.",K5,8. Sem.,1
ET,9999 a.02,NQR 5,P,LN 3,BFS,MEM 08 03,Sie wenden bei der Bearbeitung technischer Problemstellungen mathematische Konzepte an.,LFB_MEM_TBL,"Grundlagen der Mathematik (Addition, Subtraktion, Multiplikation, Division), Gleichungen, SI-Einheiten, Anwendung des Taschenrechners, Plausibilität, Fertigungskosten",3,20,LZ_9188,Sie wenden die mathematischen Grundkenntnisse an.,K3,8. Sem.,1
ET,9999 a.02,NQR 5,P,LN 3,BFS,MEM 08 03,Sie wenden bei der Bearbeitung technischer Problemstellungen mathematische Konzepte an.,LFB_MEM_TBL,,,,LZ_7_1,Sie führen Berechnungen mit Zeiteinheiten durch.,K3,8. Sem.,1
ET,9999 d.02,NQR 3,P,LN 4,BFS,MEM 04 04,Sie teilen Tätigkeiten in ihrem Arbeitsumfeld den verschiedenen Qualitätsstandards zu und begründen diese.,LFB_Me_QAL,"Qualität, Normen, ISO, Protokoll, Verfahren",3,5,LZ_677,"Sie zeigen die Grundzüge der Qualitätssicherung auf, beispielsweise die Fehleranalyse.",K3,5. Sem.,1
ET,9999 d.02,NQR 3,P,LN 4,BFS,MEM 04 04,Sie teilen Tätigkeiten in ihrem Arbeitsumfeld den verschiedenen Qualitätsstandards zu und begründen diese.,LFB_Me_QAL,,,,LZ_5105,Sie erläutern die Begriffe Qualität und Qualitätsmanagementsystem.,K2,5. Sem.,1
ET,9999 a.03,NQR 4,P,LN 3,BFS,MEM 07 10,Sie erläutern Vor- und Nachteile von vernetzten Komponenten.,LFB_Ns_NEBA,"Fachbegriffe Netzwerkkomponenten, LAN-Verkabelung/Kabel, Netzwerk, Subnetzwerk, Vor- Nachteile Wifi/LAN, Funktionskontrolle, Verfügbarkeit, Up- Download Geschwindigkeiten",1,1,LZ_1362,Sie erläutern den Aufbau von Informations- und Kommunikationsnetzen.,K2,2. Sem.,1
ET,9999 a.03,NQR 4,P,LN 3,BFS,MEM 07 10,Sie erläutern Vor- und Nachteile von vernetzten Komponenten.,LFB_Ns_NEBA,,,,LZ_9201,"Sie bezeichnen die Netzwerkkomponenten und nennen die Funktionen der notwendigen Hardware eines Netzwerkes (Router, Switch, Netzwerkkabel, Geschwindigkeiten) und zählen die Vor- und Nachteile von kabelgebundenen oder kabellosen Netzwerken auf.",K2,2. Sem.,1
ET,9999 a.03,NQR 4,P,LN 4,BFS,MEM 07 09,"Sie setzen einzelne Komponenten entsprechend ihrer Funktion ein, und konstruieren digitale Netzwerke.",LFB_Ns_NEBA,"Anwenderfunktionen der Netzwerkkomponenten, Netzwerkkabel, Switches, Repeater, Router, Modem, Drahtlos, Patchkabel, Lichtwellenleiter, WAN / WLAN, deren Anschlussmöglichkeiten",2,2,LZ_9202,"Sie erläutern die Funktionen eines Routers oder Switches und verstehen den Aufbau der IP-Adressen, die Funktionsweise der Ports sowie der Subnetz Adressierung und zählen die Vor- und Nachteile von fixer oder dynamischer IP-Adresse Vergabe auf.",K2,2. Sem.,1
ET,9999 a.03,NQR 4,P,LN 4,BFS,MEM 07 09,"Sie setzen einzelne Komponenten entsprechend ihrer Funktion ein, und konstruieren digitale Netzwerke.",LFB_Ns_NEBA,,,,LZ_9203,Sie konfigurieren einen Router mit fixer oder dynamischer IP-Adressvergabe.,K3,2. Sem.,1
ET,9999 a.03,NQR 4,P,LN 4,BFS,MEM 07 09,"Sie setzen einzelne Komponenten entsprechend ihrer Funktion ein, und konstruieren digitale Netzwerke.",LFB_Ns_NEBA,,,,LZ_9204,Sie verbinden Netzwerkkomponenten und testen deren Funktion.,K3,2. Sem.,1
ET,9999 a.03,NQR 4,P,LN 4,BFS,MEM 07 08,"Sie vernetzen Komponenten zu Systemen, um Arbeitsprozesse zu unterstützen und kontinuierlich zu verbessern.",LFB_Ns_NEBA,"LAN-Verkabelung/Kabel, Wifi-Authentifizierungsmethoden, Passwortregeln, 2-Faktor Authentifizierung, Verschlüsselung, IP-Adressen, Durchsatzraten",3,5,LZ_9205,Sie erstellen oder interpretieren Netzwerkpläne und führen Änderungen korrekt nach.,K3,2. Sem.,1
ET,9999 a.03,NQR 4,P,LN 4,BFS,MEM 07 08,"Sie vernetzen Komponenten zu Systemen, um Arbeitsprozesse zu unterstützen und kontinuierlich zu verbessern.",LFB_Ns_NEBA,,,,LZ_9206,"Sie beurteilen grundlegende Sicherheitskriterien zu sicheren Passworten, 2Faktor Authentifizierung, Antivirensoftware und Firewalls (Basisschutz) und zählen typische Cyber Gefahren auf.",K4,2. Sem.,1
ET,9999 a.03,NQR 4,P,LN 4,BFS,MEM 07 08,"Sie vernetzen Komponenten zu Systemen, um Arbeitsprozesse zu unterstützen und kontinuierlich zu verbessern.",LFB_Ns_NEBA,,,,LZ_9207,Sie beurteilen die Netzwerkzuverlässigkeit und erkennen Engpässe hinsichtlich des Datendurchsatzes bzw. können Optimierungen diesbezüglich vornehmen.,K4,2. Sem.,1
ET,9999 a.02,NQR 5,P,LN 3,BFS,KR a2 12,Sie unterscheiden Methoden zur Lösungssuche und wenden diese an beispielhaften Situationen an.,LFB_Pe_MLE,Methoden zur Lösungssuche Dialogmethode Kärtchentechnik Brainstorming Morphologischer Kasten,1,5,LZ_9321,Sie unterscheiden Prinzipien intuitiver und systematischer Methoden zur Lösungssuche.,K4,2. Sem.,1
ET,9999 a.02,NQR 5,P,LN 3,BFS,KR a2 12,Sie unterscheiden Methoden zur Lösungssuche und wenden diese an beispielhaften Situationen an.,LFB_Pe_MLE,,,,LZ_9322,Sie wenden Prinzipien intuitiver und systematischer Methoden zur Lösungssuche an.,K3,2. Sem.,1
ET,9999 a.02,NQR 5,P,LN 3,BFS,KR a3 14,Sie unterscheiden Methoden zur Entscheidungsfindung und wenden diese an beispielhaften Situationen an.,LFB_Pe_MLE,Methoden zur Entscheidungsfindung Vorteil-Nachteilvergleich Auswahlliste S-Diagramm,2,5,LZ_9323,Sie unterscheiden für die Bewertung von Varianten Methoden zur Entscheidungsfindung.,K2,2. Sem.,1
ET,9999 a.02,NQR 5,P,LN 3,BFS,KR a3 14,Sie unterscheiden Methoden zur Entscheidungsfindung und wenden diese an beispielhaften Situationen an.,LFB_Pe_MLE,,,,LZ_9324,Sie wenden bei der Bewertung von Varianten Methoden zur Entscheidungsfindung an.,K3,2. Sem.,1
ET,9999 d.01,NQR 4,P,LN 3,BFS,xx d1 35,"Sie beschaffen sich gezielt Informationen aus dem Internet oder anderen Quellen mit Hilfe klarer Suchkriterien, und beurteilen sie kritisch.",LFB_Pp_PE1,"Marktanalyse, Marketingstrategie",1,1,LZ_1109,Sie lesen und erläutern Unterlagen zur Projektorganisation.,K2,3. Sem.,1
ET,9999 d.01,NQR 4,P,LN 3,BFS,MEM 01 17,Sie erkennen eigene Stärken und Schwächen und führen sich entsprechend.,LFB_Pp_PE1,Stärken- und Schwächenanalyse,2,1,LZ_9008,Sie analysieren eine vorgegebene Aufgabenstellung und leiten Konsequenzen daraus ab.,K4,3. Sem.,1
ET,9999 b.03,NQR 3,P,LN 4,BFS,MEM 11 12,Sie erkennen die ökologischen Herausforderungen und deren Lösungsmöglichkeiten in ihrem Arbeitsbereich.,LFB_Pp_PE1,"ökologische Standards, Kreislaufwirtschaft",3,1,LZ_1070,Sie lesen und interpretieren Projektdokumentationen.,K3,3. Sem.,0
ET,9999 d.01,NQR 4,P,LN 4,BFS,MEM 01 05,Sie entwickeln aufgrund von Kunden- und Marktbedürfnissen neue Ideen.,LFB_Pp_PE1,"Methoden zur Ideenfindung (Brainstorming, Mindmapping)",4,1,LZ_1070,Sie lesen und interpretieren Projektdokumentationen.,K3,3. Sem.,1
ET,9999 d.01,NQR 4,P,LN 4,BFS,MEM 01 06,Sie entwickeln Ideen unter Verwendung von Kreativitätstechniken und berücksichtigen Aspekte der Nachhaltigkeit.,LFB_Pp_PE1,"Methoden zur Ideenfindung (Brainstorming, Mindmapping)",5,1,LZ_1070,Sie lesen und interpretieren Projektdokumentationen.,K3,3. Sem.,1
ET,9999 d.03,NQR 3,P,LN 2,BFS,xx d3 17,Sie wenden Methoden der Ideenfindung an konkreten Beispielen an.,LFB_Pp_PE1,Methoden zur Ideenfindung: Mindmapping  Dialogmethode Brainstorming Morphologischer Kasten,6,1,LZ_55,"Sie wenden Arbeits- und Lerntechniken wie Lesetechnik, Mindmap und Kreativitätstechniken an.",K3,3. Sem.,1
ET,9999 d.03,NQR 3,P,LN 2,BFS,xx d3 17,Sie wenden Methoden der Ideenfindung an konkreten Beispielen an.,LFB_Pp_PE1,,,,LZ_9321,Sie unterscheiden Prinzipien intuitiver und systematischer Methoden zur Lösungssuche.,K4,3. Sem.,1
ET,9999 d.03,NQR 3,P,LN 2,BFS,xx d3 17,Sie wenden Methoden der Ideenfindung an konkreten Beispielen an.,LFB_Pp_PE1,,,,LZ_9322,Sie wenden Prinzipien intuitiver und systematischer Methoden zur Lösungssuche an.,K3,3. Sem.,1
ET,9999 d.01,NQR 4,P,LN 3,BFS,MEM 01 07,Sie untersuchen und dokumentieren Rahmenbedingungen und Erfolgsfaktoren zur Finanzierung und Rentabilität.,LFB_Pp_PE1,Kosten-Nutzen-Analyse,7,1,LZ_1070,Sie lesen und interpretieren Projektdokumentationen.,K3,3. Sem.,1
ET,9999 d.01,NQR 4,P,LN 2,BFS,MEM 01 09,"Sie berücksichtigen die Prinzipien der Kreislaufwirtschaft (inkl. Herstellungs-, Verkaufs- und Wiederverwertung).",LFB_Pp_PE1,"Kreislaufwirtschaft, ökologische Standards, Kosten-Nutzen-Analyse",8,1,LZ_9382,"Sie erstellen einen detaillierten Projektplan, der alle Phasen des Projekts abdeckt.",K3,3. Sem.,1
ET,9999 d.01,NQR 4,P,LN 2,BFS,MEM 01 12,"Sie zeigen die Bestandteile Leitbild, Ziele, Strategie und Organisation eines Unternehmens auf, und erklären deren Wechselwirkung.",LFB_Pp_PE1,"Firmenstrategie, Leitbild",9,2,LZ_1070,Sie lesen und interpretieren Projektdokumentationen.,K3,3. Sem.,1
ET,9999 d.01,NQR 4,P,LN 2,BFS,MEM 01 12,"Sie zeigen die Bestandteile Leitbild, Ziele, Strategie und Organisation eines Unternehmens auf, und erklären deren Wechselwirkung.",LFB_Pp_PE1,,,,LZ_1109,Sie lesen und erläutern Unterlagen zur Projektorganisation.,K2,3. Sem.,1
ET,9999 d.01,NQR 4,P,LN 3,BFS,MEM 01 08,Sie leiten eine Geschäftsidee und Alleinstellungsmerkmale ab (Vision und Mission).,LFB_Pp_PE1,Erstellung von Projektplänen,10,2,LZ_9382,"Sie erstellen einen detaillierten Projektplan, der alle Phasen des Projekts abdeckt.",K3,3. Sem.,1
ET,9999 d.01,NQR 4,P,LN 2,BFS,MEM 01 11,Sie planen die Projektkommunikation.,LFB_Pp_PE1,"Marktanalyse, Marketingstrategie",11,2,LZ_9382,"Sie erstellen einen detaillierten Projektplan, der alle Phasen des Projekts abdeckt.",K3,3. Sem.,1
ET,9999 d.01,NQR 4,P,LN 2,BFS,MEM 01 11,Sie planen die Projektkommunikation.,LFB_Pp_PE1,,,,LZ_954,Sie wenden die Grundlagen des Projektmanagements an.,K3,3. Sem.,1
ET,9999 b.03,NQR 3,P,LN 5,BFS,MEM 11 11,"Sie bestimmen den ökologischen Fussabdruck der eigenen betrieblichen Tätigkeit, reflektieren diesen und schlagen wo möglich Verbesserungen vor.",LFB_Pp_PE1,"Projektplan, Zeitmanagement, Ressourcenplanung",12,2,LZ_954,Sie wenden die Grundlagen des Projektmanagements an.,K3,3. Sem.,0
ET,9999 d.01,NQR 4,P,LN 3,BFS,xx d1 50,"Sie erkennen, erläutern und beurteilen Rahmenbedingungen für ihre Arbeit.",LFB_Pp_PE1,Kosten-Nutzen-Analyse,13,2,LZ_9008,Sie analysieren eine vorgegebene Aufgabenstellung und leiten Konsequenzen daraus ab.,K4,3. Sem.,1
ET,9999 d.03,NQR 3,P,LN 2,BFS,xx d3 19,Sie bestimmen Verbesserungen für zukünftige Projekte und Arbeiten.,LFB_Pp_PE1,Projektplan mit Meilensteinen,14,2,LZ_9385,Sie überwachen den Fortschritt und analysieren relevante Projektdaten.,K4,3. Sem.,1
ET,9999 d.03,NQR 3,P,LN 3,BFS,xx d3 15,Sie analysieren und bewerten Projektdaten und -dokumente.,LFB_Pp_PE2,Statusberichte und Checklisten,1,7,LZ_9385,Sie überwachen den Fortschritt und analysieren relevante Projektdaten.,K4,4. Sem.,1
ET,9999 d.03,NQR 3,P,LN 3,BFS,xx d3 15,Sie analysieren und bewerten Projektdaten und -dokumente.,LFB_Pp_PE2,,,,LZ_9008,Sie analysieren eine vorgegebene Aufgabenstellung und leiten Konsequenzen daraus ab.,K4,4. Sem.,1
ET,9999 d.03,NQR 3,P,LN 3,BFS,xx d3 15,Sie analysieren und bewerten Projektdaten und -dokumente.,LFB_Pp_PE2,,,,LZ_954,Sie wenden die Grundlagen des Projektmanagements an.,K3,4. Sem.,1
ET,9999 d.01,NQR 4,P,LN 3,BFS,xx d1 42,Sie koordinieren mit den Projektmitarbeitern die Planung von Kundenaufträgen.,LFB_Pp_PE2,"Projektplan, Zeitplanung, Ressourcenverteilung und Aufgabenverteilung",3,1,LZ_9021,Sie übernehmen spezifische Rollen im Projektteam und koordinieren die Aufgaben.,K3,4. Sem.,1
ET,9999 d.01,NQR 4,P,LN 2,BFS,xx d1 45,Sie halten Kundentermine ein.,LFB_Pp_PE2,"Projektplan mit Meilensteinen, Statusberichte und Checklisten",4,1,LZ_9385,Sie überwachen den Fortschritt und analysieren relevante Projektdaten.,K4,4. Sem.,1
ET,9999 d.01,NQR 4,P,LN 3,BFS,xx d1 53,Sie wenden Methoden zur Lösungsfindung in der Planung an.,LFB_Pp_PE2,Kreativitätstechniken und Methoden zur Entscheidungsfindung: Brainwriting und Mind-Mapping Vorteil-Nachteil-Vergleich Auswahlliste s-Diagramm,5,1,LZ_9424,Sie wählen die vielversprechendste Idee basierend auf festgelegten Kriterien.,K6,4. Sem.,1
ET,9999 d.01,NQR 4,P,LN 3,BFS,xx d1 53,Sie wenden Methoden zur Lösungsfindung in der Planung an.,LFB_Pp_PE2,,,,LZ_55,"Sie wenden Arbeits- und Lerntechniken wie Lesetechnik, Mindmap und Kreativitätstechniken an.",K3,4. Sem.,1
ET,9999 d.01,NQR 4,P,LN 3,BFS,xx d1 53,Sie wenden Methoden zur Lösungsfindung in der Planung an.,LFB_Pp_PE2,,,,LZ_9323,Sie unterscheiden für die Bewertung von Varianten Methoden zur Entscheidungsfindung.,K2,4. Sem.,1
ET,9999 d.01,NQR 4,P,LN 3,BFS,xx d1 53,Sie wenden Methoden zur Lösungsfindung in der Planung an.,LFB_Pp_PE2,,,,LZ_9324,Sie wenden bei der Bewertung von Varianten Methoden zur Entscheidungsfindung an.,K3,4. Sem.,1
ET,9999 d.01,NQR 4,P,LN 2,BFS,xx d1 44,"Sie verwenden verschiedene Werkzeuge für die Planung der Ressourcen (Betriebsmittel, Materialien, Mitarbeitenden etc.).",LFB_Pp_PE2,"Projektplan, Zeitplanung, Ressourcenverteilung und Aufgabenverteilung",7,1,LZ_9382,"Sie erstellen einen detaillierten Projektplan, der alle Phasen des Projekts abdeckt.",K3,4. Sem.,1
ET,9999 d.01,NQR 4,P,LN 2,BFS,xx d1 51,Sie hinterfragen die Projektplanung laufend während eines Projektes und reagieren entsprechend auf Abweichungen.,LFB_Pp_PE2,Projektplan mit Meilensteinen,8,1,LZ_9384,Sie dokumentieren alle Arbeitsschritte und reagieren auf Änderungen.,K3,4. Sem.,1
ET,9999 d.02,NQR 3,P,LN 2,BFS,xx d2 08,Sie setzen Methoden zur Projektkontrolle ein.,LFB_Pp_PE2,Projektkontrolle mit Meilensteinen,9,1,LZ_9385,Sie überwachen den Fortschritt und analysieren relevante Projektdaten.,K4,4. Sem.,1
ET,9999 d.02,NQR 3,P,LN 2,BFS,xx d2 10,Sie überwachen die relevanten Projektdaten mit den passenden Tools.,LFB_Pp_PE2,Projektkontrolle mit Meilensteinen,10,1,LZ_9385,Sie überwachen den Fortschritt und analysieren relevante Projektdaten.,K4,4. Sem.,1
ET,9999 d.02,NQR 3,P,LN 2,BFS,xx d2 13,Sie dokumentieren Projektabweichungen mit den entsprechenden (digitalen) Tools.,LFB_Pp_PE2,Projektplan mit Meilensteinen,11,1,LZ_9384,Sie dokumentieren alle Arbeitsschritte und reagieren auf Änderungen.,K3,4. Sem.,1
ET,9999 d.01,NQR 4,P,LN 3,BFS,xx d1 46,Sie wenden die Arbeitszeitreglemente und relevanten Gesetze an.,LFB_Pp_PE2,"Plakate, PowerPoint-Präsentationen oder Videos",12,1,LZ_9385,Sie überwachen den Fortschritt und analysieren relevante Projektdaten.,K4,4. Sem.,1
ET,9999 d.01,NQR 4,P,LN 3,BFS,xx d1 48,Sie reagieren auf Veränderungen im Projekt.,LFB_Pp_PE2,Projektplan mit Meilensteinen,13,1,LZ_9384,Sie dokumentieren alle Arbeitsschritte und reagieren auf Änderungen.,K3,4. Sem.,1
ET,9999 d.03,NQR 3,P,LN 3,BFS,xx d3 12,Sie setzen (geeignete) Auswertungsmethoden zur Bewertung des Projekterfolgs ein.,LFB_Pp_PE2,Statusberichte und Checklisten,14,1,LZ_9385,Sie überwachen den Fortschritt und analysieren relevante Projektdaten.,K4,4. Sem.,1
ET,9999 d.03,NQR 3,P,LN 2,BFS,xx d3 16,Sie stellen Resultate in geeigneter und ansprechender Form dar.,LFB_Pp_PE2,"Plakate, PowerPoint-Präsentationen oder Videos",15,2,LZ_9405,Sie präsentieren das Projekt und kommunizieren die Ergebnisse überzeugend.,K3,4. Sem.,1
ET,9999 d.01,NQR 4,P,LN 3,BFS,MEM 07 06,Sie beschaffen und strukturieren Daten aus unterschiedlichen Quellen.,LFB_Pp_ePp,Fachliteratur Internet Austausch mit MA (i.A. IPERKA),1,4,LZ_9386,Sie nennen die Datenquellen zur Informationsbeschaffung.,K1,1. Sem.,1
ET,9999 d.01,NQR 4,P,LN 3,BFS,MEM 07 06,Sie beschaffen und strukturieren Daten aus unterschiedlichen Quellen.,LFB_Pp_ePp,,,,LZ_9387,Sie stellen die notwendigen Arbeitsschritte strukturiert dar.,K3,1. Sem.,1
ET,9999 d.01,NQR 4,P,LN 4,BFS,xx d1 33,"Sie formulieren Ziele, erstellen einen Zeitplan und legen die Vorgehensmethoden für ein Projekt fest.",LFB_Pp_ePp,MS-Project: Projektplan mit Meilensteinen (i.A. IPERKA),3,6,LZ_954,Sie wenden die Grundlagen des Projektmanagements an.,K3,1. Sem.,1
ET,9999 d.01,NQR 4,P,LN 4,BFS,xx d1 33,"Sie formulieren Ziele, erstellen einen Zeitplan und legen die Vorgehensmethoden für ein Projekt fest.",LFB_Pp_ePp,,,,LZ_1070,Sie lesen und interpretieren Projektdokumentationen.,K3,1. Sem.,1
ET,9999 d.01,NQR 4,P,LN 4,BFS,xx d1 33,"Sie formulieren Ziele, erstellen einen Zeitplan und legen die Vorgehensmethoden für ein Projekt fest.",LFB_Pp_ePp,,,,LZ_9382,"Sie erstellen einen detaillierten Projektplan, der alle Phasen des Projekts abdeckt.",K3,1. Sem.,1
ET,9999 d.01,NQR 4,P,LN 3,BFS,MEM 02 10,Sie verwenden geeignete Werkzeuge zur Dokumentation ihrer Arbeit.,LFB_Pp_ePp,MS-Office MS-Project (i.A. IPERKA),4,2,LZ_9384,Sie dokumentieren alle Arbeitsschritte und reagieren auf Änderungen.,K3,1. Sem.,1
ET,9999 d.01,NQR 4,P,LN 3,BFS,xx d1 36,Sie stellen Informationen mit Hilfe geeigneter Strukturtechniken übersichtlich dar und erkennen so mögliche Zusammenhänge.,LFB_Pp_ePp,MS-Office Mind Mapping (i. A. IPERKA),5,2,LZ_9387,Sie stellen die notwendigen Arbeitsschritte strukturiert dar.,K3,1. Sem.,1
ET,9999 d.01,NQR 4,P,LN 3,BFS,MEM 02 11,Sie dokumentieren Informationen zu ihrer Arbeit.,LFB_Pp_ePp,MS-Office MS-Project (i.A. IPERKA),6,2,LZ_9384,Sie dokumentieren alle Arbeitsschritte und reagieren auf Änderungen.,K3,1. Sem.,1
ET,9999 d.01,NQR 4,P,LN 2,BFS,MEM 02 08,Sie dokumentieren und archivieren ihre Arbeit nachvollziehbar mit festgelegten Hilfsmitteln nach Vorgaben.,LFB_Pp_ePp,MS-Office Tabellenkalkulation Word MS-Project,7,2,LZ_9384,Sie dokumentieren alle Arbeitsschritte und reagieren auf Änderungen.,K3,1. Sem.,1
ET,9999 d.01,NQR 4,P,LN 3,BFS,MEM 02 09,Sie dokumentieren und archivieren ihre Arbeit laufend und lückenlos mit situativ geeigneten Hilfsmitteln unter Einhaltung der Vorgaben.,LFB_Pp_ePp,MS-Office MS-Project,7,2,LZ_9384,Sie dokumentieren alle Arbeitsschritte und reagieren auf Änderungen.,K3,1. Sem.,1
ET,9999 d.01,NQR 4,P,LN 2,BFS,xx d1 32,Sie erstellen Projektaufträge.,LFB_Pp_ePr,Grundlagen des Projektmanagements Projektdokumentationen.  Grundlagen einer Projektorganisation.,0,2,LZ_954,Sie wenden die Grundlagen des Projektmanagements an.,K3,2. Sem.,1
ET,9999 d.01,NQR 4,P,LN 2,BFS,xx d1 32,Sie erstellen Projektaufträge.,LFB_Pp_ePr,,,,LZ_1070,Sie lesen und interpretieren Projektdokumentationen.,K3,2. Sem.,1
ET,9999 d.01,NQR 4,P,LN 2,BFS,xx d1 32,Sie erstellen Projektaufträge.,LFB_Pp_ePr,,,,LZ_1109,Sie lesen und erläutern Unterlagen zur Projektorganisation.,K2,2. Sem.,1
ET,9999 d.01,NQR 4,P,LN 2,BFS,xx d1 34,Sie informieren die Projektpartner über den Projektauftrag.,LFB_Pp_ePr,Grundlagen der Kommunikation und der Konfliktbewältigung,0,2,LZ_1362,Sie erläutern den Aufbau von Informations- und Kommunikationsnetzen.,K2,2. Sem.,1
ET,9999 d.01,NQR 4,P,LN 3,BFS,xx d1 42,Sie koordinieren mit den Projektmitarbeitern die Planung von Kundenaufträgen.,LFB_Pp_ePr,Grundlagen einer erfolgreichen Kommunikation,0,2,LZ_9388,Sie nennen die Grundlagen für eine erfolgreiche Kommunikation.,K1,2. Sem.,1
ET,9999 d.01,NQR 4,P,LN 2,BFS,xx d1 43,"Sie erstellen, strukturieren und formatieren Tabellen von Kundenaufträgen mit relevanten Daten in entsprechenden Computerprogrammen.",LFB_Pp_ePr,Projektplanungsinstrumente,0,2,LZ_9389,Sie erläutern Planungsinstrumente.,K2,2. Sem.,1
ET,9999 d.01,NQR 4,P,LN 2,BFS,xx d1 43,"Sie erstellen, strukturieren und formatieren Tabellen von Kundenaufträgen mit relevanten Daten in entsprechenden Computerprogrammen.",LFB_Pp_ePr,,,,LZ_9302,Sie setzen geeignete Planungsinstrumente ein.,K3,2. Sem.,1
ET,9999 d.01,NQR 4,P,LN 2,BFS,xx d1 51,Sie hinterfragen die Projektplanung laufend während eines Projektes und reagieren entsprechend auf Abweichungen.,LFB_Pp_ePr,Projektplanungsinstrumente,0,2,LZ_9021,Sie übernehmen spezifische Rollen im Projektteam und koordinieren die Aufgaben.,K3,2. Sem.,1
ET,9999 d.02,NQR 3,P,LN 2,BFS,xx d2 08,Sie setzen Methoden zur Projektkontrolle ein.,LFB_Pp_ePr,Projektplanungsinstrumente,0,2,LZ_9385,Sie überwachen den Fortschritt und analysieren relevante Projektdaten.,K4,2. Sem.,1
ET,9999 d.02,NQR 3,P,LN 2,BFS,xx d2 13,Sie dokumentieren Projektabweichungen mit den entsprechenden (digitalen) Tools.,LFB_Pp_ePr,Projektplanungsinstrumente,0,2,LZ_9006_1,Sie stellen das fertige Produkt vor und reflektieren die gemachten Erfahrungen.,K3,2. Sem.,1
ET,9999 d.03,NQR 3,P,LN 3,BFS,xx d3 12,Sie setzen (geeignete) Auswertungsmethoden zur Bewertung des Projekterfolgs ein.,LFB_Pp_ePr,Projektplanungsinstrumente,0,2,LZ_9006_1,Sie stellen das fertige Produkt vor und reflektieren die gemachten Erfahrungen.,K3,2. Sem.,1
ET,9999 d.03,NQR 3,P,LN 3,BFS,xx d3 15,Sie analysieren und bewerten Projektdaten und -dokumente.,LFB_Pp_ePr,Projektplanungsinstrumente,0,2,LZ_9006_1,Sie stellen das fertige Produkt vor und reflektieren die gemachten Erfahrungen.,K3,2. Sem.,1
ET,9999 d.03,NQR 3,P,LN 2,BFS,xx d3 16,Sie stellen Resultate in geeigneter und ansprechender Form dar.,LFB_Pp_ePr,Präsentations- und Darstellungsmethoden,0,2,LZ_47,"Sie bereiten Präsentationen vor, führen sie mit Präsentationshilfsmittel durch und werten sie aus.",K3,2. Sem.,1
ET,9999 c.01,NQR 4,P,LN 3,BFS,ET c1 11,Sie wenden die Grundkonzepte einer Programmiersprache an.,LFB_Pr_BS,"Embedded Betriebssystem Grundfunktionen, Realtime, nutzen eines Frameworks für Tasks, Aufgaben aufteilen, Timing, Prioritäten",1,40,LZ_11185,Sie nennen den Nutzen eines Betriebssystems auf einem Mikrocontroller.,K1,7. Sem.,1
ET,9999 c.01,NQR 4,P,LN 3,BFS,ET c1 11,Sie wenden die Grundkonzepte einer Programmiersprache an.,LFB_Pr_BS,,,,LZ_11186,Sie nennen verschiedene Konzepte von Betriebssystemen.,K1,7. Sem.,1
ET,9999 c.01,NQR 4,P,LN 3,BFS,ET c1 11,Sie wenden die Grundkonzepte einer Programmiersprache an.,LFB_Pr_BS,,,,LZ_11187,Sie realisieren kleine Programme mit einem Betriebssystem.,K3,7. Sem.,1
ET,9999 c.01,NQR 4,P,LN 3,BFS,ET c1 14,Sie lösen mit verschiedenen Software-Architektur Ideen wie EVA-Prinzip oder Zustandsautomaten Problemstellungen.,LFB_Pr_BS,"Nutzen von Task, parallele, asynchrone Abarbeitung von Funktionen",2,28,LZ_11188,Sie stellen die Umsetzung einer Aufgabe mit klassischem Code und der Lösung mit einem Betriebssystem gegenüber.,K3,7. Sem.,1
ET,9999 c.01,NQR 4,P,LN 3,BFS,ET c1 14,Sie lösen mit verschiedenen Software-Architektur Ideen wie EVA-Prinzip oder Zustandsautomaten Problemstellungen.,LFB_Pr_BS,,,,LZ_11189,Sie lösen eine einfache Problemstellung mit den Mitteln des Betriebssystems.,K3,7. Sem.,1
ET,9999 c.01,NQR 4,P,LN 2,BFS,ET c1 10,Sie führen arithmetische und boolesche Operationen in verschiedenen Zahlensystemen durch.,LFB_Pr_Basis,"Zahlensysteme (Binär, Dezimal, Hexadezimal), Unterschied von logischen Verknüpfungen und bitweisen Verknüpfungen (Bsp. &, &&), Code Varianten, Addieren, Subtrahieren und Multiplizieren in Zahlensystemen, Zahlen und deren Abbildung im Mikrocontroller, Zahlenkreis, Schieberegister, 2er-Komplement",0,23,LZ_130,"Sie beschreiben die Grundverknüpfungen UND, ODER, NICHT, NAND, NOR und erkennen deren Symbole.",K2,1. Sem.,1
ET,9999 c.01,NQR 4,P,LN 2,BFS,ET c1 10,Sie führen arithmetische und boolesche Operationen in verschiedenen Zahlensystemen durch.,LFB_Pr_Basis,,,,LZ_2225,Sie wenden die grundlegenden Gesetze der Schaltalgebra an.,K3,1. Sem.,1
ET,9999 c.01,NQR 4,P,LN 2,BFS,ET c1 10,Sie führen arithmetische und boolesche Operationen in verschiedenen Zahlensystemen durch.,LFB_Pr_Basis,,,,LZ_2325,"Sie erklären den Aufbau und die Darstellung folgender Zahlensysteme: dezimal, dual, hexadezimal.",K2,1. Sem.,1
ET,9999 c.01,NQR 4,P,LN 2,BFS,ET c1 10,Sie führen arithmetische und boolesche Operationen in verschiedenen Zahlensystemen durch.,LFB_Pr_Basis,,,,LZ_2326,Sie beschreiben Einschritt- und BCD-Codes.,K2,1. Sem.,1
ET,9999 c.01,NQR 4,P,LN 2,BFS,ET c1 10,Sie führen arithmetische und boolesche Operationen in verschiedenen Zahlensystemen durch.,LFB_Pr_Basis,,,,LZ_11180,Sie setzen logische oder bitweise Operationen anwendungsgerecht ein.,K3,1. Sem.,1
ET,9999 c.01,NQR 4,P,LN 2,BFS,ET c1 10,Sie führen arithmetische und boolesche Operationen in verschiedenen Zahlensystemen durch.,LFB_Pr_Basis,,,,LZ_11181,Sie rechnen in verschiedenen Zahlensystemen.,K3,1. Sem.,1
ET,9999 c.01,NQR 4,P,LN 2,BFS,ET c1 10,Sie führen arithmetische und boolesche Operationen in verschiedenen Zahlensystemen durch.,LFB_Pr_Basis,,,,LZ_11182,Sie verwenden zum Rechnen verschiedene Methoden.,K3,1. Sem.,1
ET,9999 c.01,NQR 4,P,LN 2,BFS,ET c1 10,Sie führen arithmetische und boolesche Operationen in verschiedenen Zahlensystemen durch.,LFB_Pr_Basis,,,,LZ_11183,Sie verstehen die Darstellung von Zahlen in einem Mikrocontroller.,K2,1. Sem.,1
ET,9999 c.01,NQR 4,P,LN 2,BFS,ET c1 10,Sie führen arithmetische und boolesche Operationen in verschiedenen Zahlensystemen durch.,LFB_Pr_Basis,,,,LZ_11184,"Sie verstehen, was bei einem Überlauf geschieht.",K2,1. Sem.,1
ET,9999 c.01,NQR 4,P,LN 3,BFS,ET c1 15,Sie interpretieren Datenblätter bezüglich Energiesparzuständen und legen die Konfiguration passend fest.,LFB_Pr_HW,"Energiesparoptionen in Mikrocontroller und externer HW, Ansatzpunkte für energiesparenden Mikrocontroller-Einsatz ",1,10,LZ_11190,Sie erklären verschiedene Energiespar-Strategien für Mikrocontroller und Peripherie.,K2,6. Sem.,1
ET,9999 c.01,NQR 4,P,LN 3,BFS,ET c1 15,Sie interpretieren Datenblätter bezüglich Energiesparzuständen und legen die Konfiguration passend fest.,LFB_Pr_HW,,,,LZ_11191,"Sie identifizieren auf Grund von Datenblättern der Komponenten, wie die Energiespar-Optionen aktiviert werden und wie sie sich auswirken.",K3,6. Sem.,1
ET,9999 c.01,NQR 4,P,LN 3,BFS,ET c1 15,Sie interpretieren Datenblätter bezüglich Energiesparzuständen und legen die Konfiguration passend fest.,LFB_Pr_HW,,,,LZ_9573,"Sie konsultieren die Dokumentation des Mikrocontrollers und der Peripheriegeräte, um technische Daten zu identifizieren.",K2,6. Sem.,1
ET,9999 c.01,NQR 4,P,LN 2,BFS,ET c1 16,Sie setzen verschiedene digitale oder analoge Schnittstellen an beispielhaften Aufgaben ein.,LFB_Pr_HW,"Hardwarenahes programmieren, Interrupts, serielle Schnittstellen, parallele Schnittstellen, Timer, Bussysteme, Drahtlosmodule, externer Speicher, Displays ",2,63,LZ_11192,Sie setzen unterschiedliche serielle Schnittstellen zur Ansteuerung von externer Hardware ein.,K3,6. Sem.,1
ET,9999 c.01,NQR 4,P,LN 2,BFS,ET c1 16,Sie setzen verschiedene digitale oder analoge Schnittstellen an beispielhaften Aufgaben ein.,LFB_Pr_HW,,,,LZ_11193,Sie realisieren Funktionen mit Hilfe von Timern.,K3,6. Sem.,1
ET,9999 c.01,NQR 4,P,LN 2,BFS,ET c1 16,Sie setzen verschiedene digitale oder analoge Schnittstellen an beispielhaften Aufgaben ein.,LFB_Pr_HW,,,,LZ_4011,Sie erklären das Prinzip eines digitalen Filters.,K2,6. Sem.,1
ET,9999 c.01,NQR 4,P,LN 2,BFS,ET c1 16,Sie setzen verschiedene digitale oder analoge Schnittstellen an beispielhaften Aufgaben ein.,LFB_Pr_HW,,,,LZ_4262,"Sie beschreiben die Kenngrössen von A/D-D/A-Wandlern (Auflösung, Linearität, Sample rate).",K2,6. Sem.,1
ET,9999 c.01,NQR 4,P,LN 2,BFS,ET c1 16,Sie setzen verschiedene digitale oder analoge Schnittstellen an beispielhaften Aufgaben ein.,LFB_Pr_HW,,,,LZ_4263,"Sie beschreiben und unterscheiden typische Anwendungen des Prinzips von A/D-Wandlern (Rampen, Sukzessiv, Parallel und Sigma-Delta).",K2,6. Sem.,1
ET,9999 c.01,NQR 4,P,LN 2,BFS,ET c1 16,Sie setzen verschiedene digitale oder analoge Schnittstellen an beispielhaften Aufgaben ein.,LFB_Pr_HW,,,,LZ_4276,Sie schreiben einfache Programme (Standardanweisungen).,K3,6. Sem.,1
ET,9999 c.01,NQR 4,P,LN 2,BFS,ET c1 16,Sie setzen verschiedene digitale oder analoge Schnittstellen an beispielhaften Aufgaben ein.,LFB_Pr_HW,,,,LZ_9571,Sie verwenden Interrupts.,K4,6. Sem.,1
ET,9999 c.01,NQR 4,P,LN 2,BFS,ET c1 16,Sie setzen verschiedene digitale oder analoge Schnittstellen an beispielhaften Aufgaben ein.,LFB_Pr_HW,,,,LZ_9572,"Sie programmieren Anwendungen, indem sie Bibliotheken verwenden, ändern oder erstellen.",K5,6. Sem.,1
ET,9999 c.01,NQR 4,P,LN 3,BFS,ET c1 11,Sie wenden die Grundkonzepte einer Programmiersprache an.,LFB_Pr_Prg_Aufbau,"Strukturierte Typen, Arrays, Listen, Pointer, Referenzierung",1,16,LZ_4276,Sie schreiben einfache Programme (Standardanweisungen).,K3,3. Sem.,1
ET,9999 c.01,NQR 4,P,LN 3,BFS,ET c1 11,Sie wenden die Grundkonzepte einer Programmiersprache an.,LFB_Pr_Prg_Aufbau,,,,LZ_9579,Sie nutzen die Grundstruktur einer imperativen Programmiersprache.,K3,3. Sem.,1
ET,9999 c.01,NQR 4,P,LN 3,BFS,ET c1 11,Sie wenden die Grundkonzepte einer Programmiersprache an.,LFB_Pr_Prg_Aufbau,,,,LZ_11194,Sie nutzen für den Zugriff auf Variablen indirekte Adressierung.,K3,3. Sem.,1
ET,9999 c.01,NQR 4,P,LN 3,BFS,ET c1 13,Sie stellen die Programmstruktur eines Programmes auf verschiedene Arten graphisch dar.,LFB_Pr_Prg_Aufbau,"State-Event, UML",5,10,LZ_11195,Sie listen die verschiedenen Elemente eines Diagramms auf.,K1,3. Sem.,1
ET,9999 c.01,NQR 4,P,LN 3,BFS,ET c1 13,Sie stellen die Programmstruktur eines Programmes auf verschiedene Arten graphisch dar.,LFB_Pr_Prg_Aufbau,,,,LZ_9579,Sie nutzen die Grundstruktur einer imperativen Programmiersprache.,K3,3. Sem.,1
ET,9999 c.01,NQR 4,P,LN 3,BFS,ET c1 13,Sie stellen die Programmstruktur eines Programmes auf verschiedene Arten graphisch dar.,LFB_Pr_Prg_Aufbau,,,,LZ_11196,Sie konzipieren einfache Programme grafisch.,K3,3. Sem.,1
ET,9999 c.01,NQR 4,P,LN 3,BFS,ET c1 14,Sie lösen mit verschiedenen Software-Architektur Ideen wie EVA-Prinzip oder Zustandsautomaten Problemstellungen.,LFB_Pr_Prg_Aufbau,"EVA-Prinzip, Zustandsautomat, Ereignisgesteuert, Umwandlung von Diagramm in Code",8,4,LZ_4276,Sie schreiben einfache Programme (Standardanweisungen).,K3,3. Sem.,1
ET,9999 c.01,NQR 4,P,LN 3,BFS,ET c1 14,Sie lösen mit verschiedenen Software-Architektur Ideen wie EVA-Prinzip oder Zustandsautomaten Problemstellungen.,LFB_Pr_Prg_Aufbau,,,,LZ_9579,Sie nutzen die Grundstruktur einer imperativen Programmiersprache.,K3,3. Sem.,1
ET,9999 c.01,NQR 4,P,LN 3,BFS,ET c1 14,Sie lösen mit verschiedenen Software-Architektur Ideen wie EVA-Prinzip oder Zustandsautomaten Problemstellungen.,LFB_Pr_Prg_Aufbau,,,,LZ_9611_1,Sie zählen die verschiedenen Komponenten eines Zustandsautomaten auf.,K1,3. Sem.,1
ET,9999 c.01,NQR 4,P,LN 3,BFS,ET c1 14,Sie lösen mit verschiedenen Software-Architektur Ideen wie EVA-Prinzip oder Zustandsautomaten Problemstellungen.,LFB_Pr_Prg_Aufbau,,,,LZ_9612_1,Sie beschreiben die Ausführung eines Zustandsautomaten.,K2,3. Sem.,1
ET,9999 c.01,NQR 4,P,LN 1,BFS,ET c1 18,Sie erläutern die grundsätzliche Funktion einer Toolchain.,LFB_Pr_Prg_Aufbau,"Kompilieren, Optimieren, Speicherzuweisung, Linker, Debuggen, Download Zielsystem",10,4,LZ_11197,Sie erklären die einzelnen Schritte und Tools zur Umsetzung von Code in einer Hochsprache bis zur Ausführung auf dem Mikrocontroller.,K2,3. Sem.,1
ET,9999 c.01,NQR 4,P,LN 1,BFS,ET c1 18,Sie erläutern die grundsätzliche Funktion einer Toolchain.,LFB_Pr_Prg_Aufbau,,,,LZ_11198,Sie beschreiben die Aufgaben und möglichen Parameter der einzelnen Tools.,K2,3. Sem.,1
ET,9999 c.02,NQR 4,P,LN 2,BFS,ET b1 20,Sie erläutern die Prinzipien des Ecodesigns in Bezug auf material- und energieeffizientes Design.,LFB_Pr_Prg_Aufbau,"Energiesparpotential durch Nutzung von Compiler Optionen, Compiler-Optionen ",12,2,LZ_11199,Sie benennen Einflussgrössen des Compilers auf den Energieverbrauch.,K1,3. Sem.,1
ET,9999 c.02,NQR 4,P,LN 2,BFS,ET b1 20,Sie erläutern die Prinzipien des Ecodesigns in Bezug auf material- und energieeffizientes Design.,LFB_Pr_Prg_Aufbau,,,,LZ_11200,Sie messen die Reduktion des Energiebedarfs einer gegebenen Anwendung durch die Nutzung von Compileroptionen.,K3,3. Sem.,1
ET,9999 c.02,NQR 4,P,LN 2,BFS,ET c2 09,Sie erklären die Vorzüge eines methodischen und strukturierten Durchführens der Überprüfung von Anforderungen.,LFB_Pr_Prg_Aufbau,"Prüffälle definieren, manuelles Testen ",15,4,LZ_11201,Sie erstellen Prüffälle für einen Code anhand des Pflichtenheftes.,K3,3. Sem.,1
ET,9999 c.02,NQR 4,P,LN 2,BFS,ET c2 09,Sie erklären die Vorzüge eines methodischen und strukturierten Durchführens der Überprüfung von Anforderungen.,LFB_Pr_Prg_Aufbau,,,,LZ_11202,Sie führen ein Prüfprotokoll aus und dokumentieren die Resultate korrekt.,K3,3. Sem.,1
ET,9999 c.01,NQR 4,P,LN 3,BFS,ET c1 11,Sie wenden die Grundkonzepte einer Programmiersprache an.,LFB_Pr_Prg_Basis,"Variablentypen, Schleifen, Bedingungen, Funktionen, Kommentare, Funktionen einer Entwicklungsumgebung",1,25,LZ_4276,Sie schreiben einfache Programme (Standardanweisungen).,K3,1. Sem.,1
ET,9999 c.01,NQR 4,P,LN 3,BFS,ET c1 11,Sie wenden die Grundkonzepte einer Programmiersprache an.,LFB_Pr_Prg_Basis,,,,LZ_9579,Sie nutzen die Grundstruktur einer imperativen Programmiersprache.,K3,1. Sem.,1
ET,9999 c.01,NQR 4,P,LN 3,BFS,ET c1 11,Sie wenden die Grundkonzepte einer Programmiersprache an.,LFB_Pr_Prg_Basis,,,,LZ_11203,Sie schreiben verständliche und nachvollziehbare Kommentare im Code.,K3,1. Sem.,1
ET,9999 c.01,NQR 4,P,LN 3,BFS,ET c1 11,Sie wenden die Grundkonzepte einer Programmiersprache an.,LFB_Pr_Prg_Basis,,,,LZ_11204,Sie nutzen die unterstützenden Funktionen einer Entwicklungsumgebung.,K3,1. Sem.,1
ET,9999 c.01,NQR 4,P,LN 2,BFS,ET c1 17,Sie erklären die Funktion von vorgegebenen Code Sequenzen.,LFB_Pr_Prg_Basis,"Analyse und Verständnis von Code, grafische Darstellung",2,5,LZ_11205,Sie stellen gegebenen Code strukturiert grafisch dar.,K4,1. Sem.,1
ET,9999 c.01,NQR 4,P,LN 2,BFS,ET c1 17,Sie erklären die Funktion von vorgegebenen Code Sequenzen.,LFB_Pr_Prg_Basis,,,,LZ_9579,Sie nutzen die Grundstruktur einer imperativen Programmiersprache.,K3,1. Sem.,1
ET,9999 c.01,NQR 4,P,LN 2,BFS,ET c1 17,Sie erklären die Funktion von vorgegebenen Code Sequenzen.,LFB_Pr_Prg_Basis,,,,LZ_11206,Sie erklären die Funktion von vorgegebenem Code und werten ihn aus.,K4,1. Sem.,1
ET,9999 c.01,NQR 4,P,LN 3,BFS,ET c1 13,Sie stellen die Programmstruktur eines Programmes auf verschiedene Arten graphisch dar.,LFB_Pr_Prg_Basis,"Ablaufdiagramm, Struktogramm",3,5,LZ_11207,Sie konzipieren einfache Programme grafisch.,K3,1. Sem.,1
ET,9999 c.01,NQR 4,P,LN 3,BFS,ET c1 13,Sie stellen die Programmstruktur eines Programmes auf verschiedene Arten graphisch dar.,LFB_Pr_Prg_Basis,,,,LZ_9579,Sie nutzen die Grundstruktur einer imperativen Programmiersprache.,K3,1. Sem.,1
ET,9999 c.01,NQR 4,P,LN 3,BFS,ET c1 13,Sie stellen die Programmstruktur eines Programmes auf verschiedene Arten graphisch dar.,LFB_Pr_Prg_Basis,,,,LZ_9610_1,Sie zählen die verschiedenen Elemente eines Flussdiagramms auf.,K1,1. Sem.,1
ET,9999 c.01,NQR 4,P,LN 3,BFS,ET c1 14,Sie lösen mit verschiedenen Software-Architektur Ideen wie EVA-Prinzip oder Zustandsautomaten Problemstellungen.,LFB_Pr_Prg_Basis,"Ablaufdiagramm, Umwandlung von Diagramm in Code",4,5,LZ_4276,Sie schreiben einfache Programme (Standardanweisungen).,K3,1. Sem.,1
ET,9999 c.01,NQR 4,P,LN 3,BFS,ET c1 14,Sie lösen mit verschiedenen Software-Architektur Ideen wie EVA-Prinzip oder Zustandsautomaten Problemstellungen.,LFB_Pr_Prg_Basis,,,,LZ_9579,Sie nutzen die Grundstruktur einer imperativen Programmiersprache.,K3,1. Sem.,1
ET,9999 c.01,NQR 4,P,LN 3,BFS,ET c1 14,Sie lösen mit verschiedenen Software-Architektur Ideen wie EVA-Prinzip oder Zustandsautomaten Problemstellungen.,LFB_Pr_Prg_Basis,,,,LZ_11208,Sie lösen eine Problemstellung mit einem Ablaufdiagramm und setzen dieses in Code um.,K4,1. Sem.,1
ET,9999 c.01,NQR 4,P,LN 3,BFS,ET c1 14,Sie lösen mit verschiedenen Software-Architektur Ideen wie EVA-Prinzip oder Zustandsautomaten Problemstellungen.,LFB_Pr_Prg_Basis,,,,LZ_11209,Sie generieren Code auf Grund der strukturierten grafischen Darstellung.,K3,1. Sem.,1
ET,9999 c.01,NQR 4,P,LN 3,BFS,ET c1 11,Sie wenden die Grundkonzepte einer Programmiersprache an.,LFB_Pr_Prg_OO,"Instanziierung, Klassen, Objekte, Kapselung, Vererbung, Umsetzen grafisches Konzept",1,25,LZ_4276,Sie schreiben einfache Programme (Standardanweisungen).,K3,4. Sem.,1
ET,9999 c.01,NQR 4,P,LN 3,BFS,ET c1 11,Sie wenden die Grundkonzepte einer Programmiersprache an.,LFB_Pr_Prg_OO,,,,LZ_4278,Sie vertiefen sich in die objektorientierte Programmierung durch die Behandlung von Themen wie Vererbung und Klassenhierarchie.,K3,4. Sem.,1
ET,9999 c.01,NQR 4,P,LN 3,BFS,ET c1 11,Sie wenden die Grundkonzepte einer Programmiersprache an.,LFB_Pr_Prg_OO,,,,LZ_9576,"Sie wenden die Grundlagen der objektorientierten Programmierung korrekt an, insbesondere die Konzepte von Objekten, Attributen und Methoden.",K3,4. Sem.,1
ET,9999 c.01,NQR 4,P,LN 3,BFS,ET c1 11,Sie wenden die Grundkonzepte einer Programmiersprache an.,LFB_Pr_Prg_OO,,,,LZ_9541,Sie übersetzen ein UML-Klassendiagramm in ein einfaches OOP-Programm.,K3,4. Sem.,1
ET,9999 c.01,NQR 4,P,LN 3,BFS,ET c1 11,Sie wenden die Grundkonzepte einer Programmiersprache an.,LFB_Pr_Prg_OO,,,,LZ_9575,Sie beherrschen die verschiedenen Variablentypen und deren Gültigkeitsbereich.,K3,4. Sem.,1
ET,9999 c.01,NQR 4,P,LN 3,BFS,ET c1 13,Sie stellen die Programmstruktur eines Programmes auf verschiedene Arten graphisch dar.,LFB_Pr_Prg_OO,"Darstellung von Objekten, Vererbung, Klassen in UML, weitere Darstellungsarten",2,5,LZ_11210,Sie benennen die Grundstruktur der grafischen Darstellung von objekt-orientiertem Software-Konzept.,K2,4. Sem.,1
ET,9999 c.01,NQR 4,P,LN 3,BFS,ET c1 13,Sie stellen die Programmstruktur eines Programmes auf verschiedene Arten graphisch dar.,LFB_Pr_Prg_OO,,,,LZ_11211,Sie konzipieren einfache Programme grafisch.,K3,4. Sem.,1
ET,9999 c.01,NQR 4,P,LN 3,BFS,ET c1 13,Sie stellen die Programmstruktur eines Programmes auf verschiedene Arten graphisch dar.,LFB_Pr_Prg_OO,,,,LZ_9542,Sie beschreiben ein einfaches OOP-Programm mithilfe eines UML-Klassendiagramms.,K3,4. Sem.,1
ET,9999 c.01,NQR 4,P,LN 2,BFS,ET c1 17,Sie erklären die Funktion von vorgegebenen Code Sequenzen.,LFB_Pr_Prg_OO,"Analyse und Verständnis von Code, grafische Darstellung",3,5,LZ_4278,Sie vertiefen sich in die objektorientierte Programmierung durch die Behandlung von Themen wie Vererbung und Klassenhierarchie.,K3,4. Sem.,1
ET,9999 c.01,NQR 4,P,LN 2,BFS,ET c1 17,Sie erklären die Funktion von vorgegebenen Code Sequenzen.,LFB_Pr_Prg_OO,,,,LZ_9576,"Sie wenden die Grundlagen der objektorientierten Programmierung korrekt an, insbesondere die Konzepte von Objekten, Attributen und Methoden.",K3,4. Sem.,1
ET,9999 c.01,NQR 4,P,LN 2,BFS,ET c1 17,Sie erklären die Funktion von vorgegebenen Code Sequenzen.,LFB_Pr_Prg_OO,,,,LZ_9541,Sie übersetzen ein UML-Klassendiagramm in ein einfaches OOP-Programm.,K3,4. Sem.,1
ET,9999 c.01,NQR 4,P,LN 2,BFS,ET c1 17,Sie erklären die Funktion von vorgegebenen Code Sequenzen.,LFB_Pr_Prg_OO,,,,LZ_9542,Sie beschreiben ein einfaches OOP-Programm mithilfe eines UML-Klassendiagramms.,K3,4. Sem.,1
ET,9999 c.02,NQR 4,P,LN 2,BFS,ET c2 09,Sie erklären die Vorzüge eines methodischen und strukturierten Durchführens der Überprüfung von Anforderungen.,LFB_Pr_Prg_OO,"Prüffälle definieren, manuelles Testen in Bezug auf OO ",4,5,LZ_11201,Sie erstellen Prüffälle für einen Code anhand des Pflichtenheftes.,K3,4. Sem.,1
ET,9999 c.02,NQR 4,P,LN 2,BFS,ET c2 09,Sie erklären die Vorzüge eines methodischen und strukturierten Durchführens der Überprüfung von Anforderungen.,LFB_Pr_Prg_OO,,,,LZ_11202,Sie führen ein Prüfprotokoll aus und dokumentieren die Resultate korrekt.,K3,4. Sem.,1
ET,9999 c.01,NQR 4,P,LN 2,BFS,ET c1 50,Sie unterscheiden verschiedene Arten von Versionsverwaltungen.,LFB_Pr_VVW,Online-Konten; Beherrschung der Systemkonsole; Verwendung für SW aber auch Projekte aus der HW-Entwicklung,0,5,LZ_9582,Sie verwenden eine kollaborative Versionverwaltungssoftware wie GitHub.,K3,3. Sem.,1
ET,9999 c.01,NQR 4,P,LN 2,BFS,ET c1 50,Sie unterscheiden verschiedene Arten von Versionsverwaltungen.,LFB_Pr_VVW,,,,LZ_9583,"Sie führen Versionshistorien, insbesondere bei kollaborativer Entwicklungsarbeit.",K3,3. Sem.,1
ET,9999 c.01,NQR 4,P,LN 3,BFS,ET c1 12,Sie wählen für beispielhafte Anwendungen geeignete Mikrocontroller.,LFB_Pr_uC,"Mikrocontroller-Architektur, Mikrocontroller-Typen je nach Anwendungsgebiet selektieren, Speicheraufbau, Schnittstellen, Datenblätter lesen und interpretieren, Systemtakt, Package",0,40,LZ_529,Sie beschreiben den Aufbau und die Funktionsweise eines Mikroprozessors.,K2,2. Sem.,1
ET,9999 c.01,NQR 4,P,LN 3,BFS,ET c1 12,Sie wählen für beispielhafte Anwendungen geeignete Mikrocontroller.,LFB_Pr_uC,,,,LZ_4272,"Sie unterscheiden Halbleiterspeicher (EPROM, EEPROM, Flash, RAM) nach ihrer Aufgabe nennen deren spezifische Eigenschaften.",K4,2. Sem.,1
ET,9999 c.01,NQR 4,P,LN 3,BFS,ET c1 12,Sie wählen für beispielhafte Anwendungen geeignete Mikrocontroller.,LFB_Pr_uC,,,,LZ_2337,Sie beschreiben Speicherarten und deren Vor- und Nachteile bezüglich der Programmspeicherung.,K2,2. Sem.,1
ET,9999 c.01,NQR 4,P,LN 3,BFS,ET c1 12,Sie wählen für beispielhafte Anwendungen geeignete Mikrocontroller.,LFB_Pr_uC,,,,LZ_11212,Sie benennen die typischen Einsatzgebiete verschiedener Mikrocontroller-Typen.,K1,2. Sem.,1
ET,9999 c.01,NQR 4,P,LN 3,BFS,ET c1 12,Sie wählen für beispielhafte Anwendungen geeignete Mikrocontroller.,LFB_Pr_uC,,,,LZ_11213,Sie zählen Typen von Schnittstellen in Mikrocontrollern auf und kennen das Einsatzgebiet.,K2,2. Sem.,1
ET,9999 c.01,NQR 4,P,LN 3,BFS,ET c1 12,Sie wählen für beispielhafte Anwendungen geeignete Mikrocontroller.,LFB_Pr_uC,,,,LZ_11214,Sie wählen auf Grund des vorgegebenen Einsatzgebietes einen geeigneten Mikrocontroller.,K3,2. Sem.,1
ET,9999 c.01,NQR 4,P,LN 3,BFS,ET c1 12,Sie wählen für beispielhafte Anwendungen geeignete Mikrocontroller.,LFB_Pr_uC,,,,LZ_4271,Sie beschreiben die Organisation eines Halbleiterspeichers.,K2,2. Sem.,1
ET,9999 c.01,NQR 4,P,LN 3,BFS,ET c1 12,Sie wählen für beispielhafte Anwendungen geeignete Mikrocontroller.,LFB_Pr_uC,,,,LZ_4275,Sie unterscheiden und beschreiben statischen und dynamischen Halbleiterspeicher.,K4,2. Sem.,1
ET,9999 d.01,NQR 4,P,LN 2,BFS,xx d1 43,"Sie erstellen, strukturieren und formatieren Tabellen von Kundenaufträgen mit relevanten Daten in entsprechenden Computerprogrammen.",LFB_Pü_Pr1,"Projektdokumentation, Dokumentation; ICT Anwenderkenntnisse",1,6,LZ_954,Sie wenden die Grundlagen des Projektmanagements an.,K3,5. Sem.,1
ET,9999 d.01,NQR 4,P,LN 2,BFS,xx d1 43,"Sie erstellen, strukturieren und formatieren Tabellen von Kundenaufträgen mit relevanten Daten in entsprechenden Computerprogrammen.",LFB_Pü_Pr1,,,,LZ_1070,Sie lesen und interpretieren Projektdokumentationen.,K3,5. Sem.,1
ET,9999 d.01,NQR 4,P,LN 2,BFS,xx d1 43,"Sie erstellen, strukturieren und formatieren Tabellen von Kundenaufträgen mit relevanten Daten in entsprechenden Computerprogrammen.",LFB_Pü_Pr1,,,,LZ_9384,Sie dokumentieren alle Arbeitsschritte und reagieren auf Änderungen.,K3,5. Sem.,1
ET,9999 d.01,NQR 4,P,LN 2,BFS,xx d1 44,"Sie verwenden verschiedene Werkzeuge für die Planung der Ressourcen (Betriebsmittel, Materialien, Mitarbeitenden etc.).",LFB_Pü_Pr1,Projekt- und Ressourcenplanung,1,2,LZ_954,Sie wenden die Grundlagen des Projektmanagements an.,K3,5. Sem.,1
ET,9999 d.01,NQR 4,P,LN 2,BFS,xx d1 44,"Sie verwenden verschiedene Werkzeuge für die Planung der Ressourcen (Betriebsmittel, Materialien, Mitarbeitenden etc.).",LFB_Pü_Pr1,,,,LZ_1070,Sie lesen und interpretieren Projektdokumentationen.,K3,5. Sem.,1
ET,9999 d.01,NQR 4,P,LN 2,BFS,xx d1 44,"Sie verwenden verschiedene Werkzeuge für die Planung der Ressourcen (Betriebsmittel, Materialien, Mitarbeitenden etc.).",LFB_Pü_Pr1,,,,LZ_9382,"Sie erstellen einen detaillierten Projektplan, der alle Phasen des Projekts abdeckt.",K3,5. Sem.,1
ET,9999 d.01,NQR 4,P,LN 3,BFS,xx d1 46,Sie wenden die Arbeitszeitreglemente und relevanten Gesetze an.,LFB_Pü_Pr1,"Firmenstrategie, Leitbild, Gesetze, Normen",1,5,LZ_1734,"Sie nennen die wichtigsten Gesetze, Verordnungen und Informationsstellen.",K1,5. Sem.,1
ET,9999 d.02,NQR 3,P,LN 2,BFS,xx d2 10,Sie überwachen die relevanten Projektdaten mit den passenden Tools.,LFB_Pü_Pr1,"Analysieren Projektdaten, Prozess beobachten",1,2,LZ_954,Sie wenden die Grundlagen des Projektmanagements an.,K3,5. Sem.,1
ET,9999 d.02,NQR 3,P,LN 2,BFS,xx d2 10,Sie überwachen die relevanten Projektdaten mit den passenden Tools.,LFB_Pü_Pr1,,,,LZ_1070,Sie lesen und interpretieren Projektdokumentationen.,K3,5. Sem.,1
ET,9999 d.02,NQR 3,P,LN 2,BFS,xx d2 10,Sie überwachen die relevanten Projektdaten mit den passenden Tools.,LFB_Pü_Pr1,,,,LZ_9385,Sie überwachen den Fortschritt und analysieren relevante Projektdaten.,K4,5. Sem.,1
ET,9999 d.01,NQR 4,P,LN 2,BFS,xx d1 32,Sie erstellen Projektaufträge.,LFB_Pü_Pr1,"Projektplan, Zeitmanagement, Ressourcenplanung",2,2,LZ_954,Sie wenden die Grundlagen des Projektmanagements an.,K3,5. Sem.,1
ET,9999 d.01,NQR 4,P,LN 2,BFS,xx d1 32,Sie erstellen Projektaufträge.,LFB_Pü_Pr1,,,,LZ_1070,Sie lesen und interpretieren Projektdokumentationen.,K3,5. Sem.,1
ET,9999 d.01,NQR 4,P,LN 2,BFS,xx d1 32,Sie erstellen Projektaufträge.,LFB_Pü_Pr1,,,,LZ_1109,Sie lesen und erläutern Unterlagen zur Projektorganisation.,K2,5. Sem.,1
ET,9999 d.01,NQR 4,P,LN 2,BFS,xx d1 34,Sie informieren die Projektpartner über den Projektauftrag.,LFB_Pü_Pr1,Projektplan mit Meilensteinen,2,2,LZ_954,Sie wenden die Grundlagen des Projektmanagements an.,K3,5. Sem.,1
ET,9999 d.01,NQR 4,P,LN 2,BFS,xx d1 34,Sie informieren die Projektpartner über den Projektauftrag.,LFB_Pü_Pr1,,,,LZ_1070,Sie lesen und interpretieren Projektdokumentationen.,K3,5. Sem.,1
ET,9999 d.01,NQR 4,P,LN 2,BFS,xx d1 34,Sie informieren die Projektpartner über den Projektauftrag.,LFB_Pü_Pr1,,,,LZ_9385,Sie überwachen den Fortschritt und analysieren relevante Projektdaten.,K4,5. Sem.,1
ET,9999 d.01,NQR 4,P,LN 3,BFS,xx d1 42,Sie koordinieren mit den Projektmitarbeitern die Planung von Kundenaufträgen.,LFB_Pü_Pr1,"Projektplan, Zeitmanagement, Ressourcenplanung",2,5,LZ_954,Sie wenden die Grundlagen des Projektmanagements an.,K3,5. Sem.,1
ET,9999 d.01,NQR 4,P,LN 3,BFS,xx d1 42,Sie koordinieren mit den Projektmitarbeitern die Planung von Kundenaufträgen.,LFB_Pü_Pr1,,,,LZ_1070,Sie lesen und interpretieren Projektdokumentationen.,K3,5. Sem.,1
ET,9999 d.01,NQR 4,P,LN 3,BFS,xx d1 42,Sie koordinieren mit den Projektmitarbeitern die Planung von Kundenaufträgen.,LFB_Pü_Pr1,,,,LZ_9021,Sie übernehmen spezifische Rollen im Projektteam und koordinieren die Aufgaben.,K3,5. Sem.,1
ET,9999 d.01,NQR 4,P,LN 2,BFS,xx d1 45,Sie halten Kundentermine ein.,LFB_Pü_Pr1,Projektplan mit Meilensteinen,2,2,LZ_60,Sie organisieren und verwalten Aufgaben und Termine.,K3,5. Sem.,1
ET,9999 d.01,NQR 4,P,LN 2,BFS,xx d1 45,Sie halten Kundentermine ein.,LFB_Pü_Pr1,,,,LZ_59,Sie legen die Rahmenbedingungen und Kriterien für die Arbeitsabläufe fest.,K4,5. Sem.,1
ET,9999 d.01,NQR 4,P,LN 2,BFS,xx d1 45,Sie halten Kundentermine ein.,LFB_Pü_Pr1,,,,LZ_9385,Sie überwachen den Fortschritt und analysieren relevante Projektdaten.,K4,5. Sem.,1
ET,9999 d.01,NQR 4,P,LN 3,BFS,MEM 01 20,Sie führen mit geeigneten Methoden in der Projektgruppe Entscheidungen herbei.,LFB_Pü_Pr1,"Methoden zur Ideenfindung (Brainstorming, Mindmapping)",2,2,LZ_1109,Sie lesen und erläutern Unterlagen zur Projektorganisation.,K2,5. Sem.,1
ET,9999 d.01,NQR 4,P,LN 3,BFS,MEM 01 20,Sie führen mit geeigneten Methoden in der Projektgruppe Entscheidungen herbei.,LFB_Pü_Pr1,,,,LZ_9021,Sie übernehmen spezifische Rollen im Projektteam und koordinieren die Aufgaben.,K3,5. Sem.,1
ET,9999 d.01,NQR 4,P,LN 3,BFS,MEM 01 20,Sie führen mit geeigneten Methoden in der Projektgruppe Entscheidungen herbei.,LFB_Pü_Pr1,,,,LZ_9385,Sie überwachen den Fortschritt und analysieren relevante Projektdaten.,K4,5. Sem.,1
ET,9999 d.01,NQR 4,P,LN 2,BFS,MEM 03 05,Sie schätzen die Vor- und Nachteile technologischer Trends ein.,LFB_Pü_Pr1,"Nutzen-Analyse, Technologien",3,2,LZ_9417,"Sie recherchieren die ""neusten Technologien"" und vergleichen diese mit Ihnen ""bekannten Technologien"".",K2,5. Sem.,1
ET,9999 d.01,NQR 4,P,LN 3,BFS,MEM 03 06,Sie erläutern technologische Trends in ihrem Arbeitsbereich.,LFB_Pü_Pr1,"Nutzen-Analyse, technologische Trends",3,2,LZ_9417,"Sie recherchieren die ""neusten Technologien"" und vergleichen diese mit Ihnen ""bekannten Technologien"".",K2,5. Sem.,1
ET,9999 d.01,NQR 4,P,LN 3,BFS,xx d1 37,Sie beschreiben präzise einen Vorgang und erklären diesen.,LFB_Pü_Pr2,"Vorgang beschreiben, Visualisieren",0,1,LZ_9008,Sie analysieren eine vorgegebene Aufgabenstellung und leiten Konsequenzen daraus ab.,K4,6. Sem.,1
ET,9999 d.01,NQR 4,P,LN 3,BFS,xx d1 42,Sie koordinieren mit den Projektmitarbeitern die Planung von Kundenaufträgen.,LFB_Pü_Pr2,"Projektdokumentation, Lastenheft, Pflichtenheft, Datenblätter und Anleitungen (Bedienungs-, Montage-, Wartungsanleitung) interpretieren, Zeitmanagement, Ressourcenplanung",1,8,LZ_954,Sie wenden die Grundlagen des Projektmanagements an.,K3,6. Sem.,1
ET,9999 d.01,NQR 4,P,LN 3,BFS,xx d1 42,Sie koordinieren mit den Projektmitarbeitern die Planung von Kundenaufträgen.,LFB_Pü_Pr2,,,,LZ_1070,Sie lesen und interpretieren Projektdokumentationen.,K3,6. Sem.,1
ET,9999 d.01,NQR 4,P,LN 3,BFS,xx d1 42,Sie koordinieren mit den Projektmitarbeitern die Planung von Kundenaufträgen.,LFB_Pü_Pr2,,,,LZ_9021,Sie übernehmen spezifische Rollen im Projektteam und koordinieren die Aufgaben.,K3,6. Sem.,1
ET,9999 d.01,NQR 4,P,LN 2,BFS,xx d1 43,"Sie erstellen, strukturieren und formatieren Tabellen von Kundenaufträgen mit relevanten Daten in entsprechenden Computerprogrammen.",LFB_Pü_Pr2,"MS-Office, Tabellenkalkulation, Projektplanung",1,1,LZ_954,Sie wenden die Grundlagen des Projektmanagements an.,K3,6. Sem.,1
ET,9999 d.01,NQR 4,P,LN 2,BFS,xx d1 43,"Sie erstellen, strukturieren und formatieren Tabellen von Kundenaufträgen mit relevanten Daten in entsprechenden Computerprogrammen.",LFB_Pü_Pr2,,,,LZ_1070,Sie lesen und interpretieren Projektdokumentationen.,K3,6. Sem.,1
ET,9999 d.01,NQR 4,P,LN 2,BFS,xx d1 43,"Sie erstellen, strukturieren und formatieren Tabellen von Kundenaufträgen mit relevanten Daten in entsprechenden Computerprogrammen.",LFB_Pü_Pr2,,,,LZ_9425,Sie dokumentieren alle Arbeitsschritte und reagieren auf Änderungen.,K3,6. Sem.,1
ET,9999 d.01,NQR 4,P,LN 2,BFS,xx d1 44,"Sie verwenden verschiedene Werkzeuge für die Planung der Ressourcen (Betriebsmittel, Materialien, Mitarbeitenden etc.).",LFB_Pü_Pr2,"Projektplanung, Planungswerkzeuge",1,1,LZ_954,Sie wenden die Grundlagen des Projektmanagements an.,K3,6. Sem.,1
ET,9999 d.01,NQR 4,P,LN 2,BFS,xx d1 44,"Sie verwenden verschiedene Werkzeuge für die Planung der Ressourcen (Betriebsmittel, Materialien, Mitarbeitenden etc.).",LFB_Pü_Pr2,,,,LZ_1070,Sie lesen und interpretieren Projektdokumentationen.,K3,6. Sem.,1
ET,9999 d.01,NQR 4,P,LN 2,BFS,xx d1 44,"Sie verwenden verschiedene Werkzeuge für die Planung der Ressourcen (Betriebsmittel, Materialien, Mitarbeitenden etc.).",LFB_Pü_Pr2,,,,LZ_9382,"Sie erstellen einen detaillierten Projektplan, der alle Phasen des Projekts abdeckt.",K3,6. Sem.,1
ET,9999 d.01,NQR 4,P,LN 2,BFS,xx d1 45,Sie halten Kundentermine ein.,LFB_Pü_Pr2,Projektplan mit Meilensteinen,1,1,LZ_60,Sie organisieren und verwalten Aufgaben und Termine.,K3,6. Sem.,1
ET,9999 d.01,NQR 4,P,LN 2,BFS,xx d1 45,Sie halten Kundentermine ein.,LFB_Pü_Pr2,,,,LZ_59,Sie legen die Rahmenbedingungen und Kriterien für die Arbeitsabläufe fest.,K4,6. Sem.,1
ET,9999 d.01,NQR 4,P,LN 2,BFS,xx d1 45,Sie halten Kundentermine ein.,LFB_Pü_Pr2,,,,LZ_9385,Sie überwachen den Fortschritt und analysieren relevante Projektdaten.,K4,6. Sem.,1
ET,9999 d.02,NQR 3,P,LN 2,BFS,xx d2 10,Sie überwachen die relevanten Projektdaten mit den passenden Tools.,LFB_Pü_Pr2,"Analysieren Projektdaten, Prozess beobachten",1,1,LZ_954,Sie wenden die Grundlagen des Projektmanagements an.,K3,6. Sem.,1
ET,9999 d.02,NQR 3,P,LN 2,BFS,xx d2 10,Sie überwachen die relevanten Projektdaten mit den passenden Tools.,LFB_Pü_Pr2,,,,LZ_1070,Sie lesen und interpretieren Projektdokumentationen.,K3,6. Sem.,1
ET,9999 d.02,NQR 3,P,LN 2,BFS,xx d2 10,Sie überwachen die relevanten Projektdaten mit den passenden Tools.,LFB_Pü_Pr2,,,,LZ_9385,Sie überwachen den Fortschritt und analysieren relevante Projektdaten.,K4,6. Sem.,1
ET,9999 d.02,NQR 3,P,LN 3,BFS,xx d2 11,Sie ergreifen bei Projektabweichungen selbstständig Massnahmen für den Projekterfolg.,LFB_Pü_Pr2,Faktoren für selbständiges Arbeiten Grundlagen der Kommunikation,1,1,LZ_9425,Sie dokumentieren alle Arbeitsschritte und reagieren auf Änderungen.,K3,6. Sem.,1
ET,9999 d.03,NQR 3,P,LN 2,BFS,xx d3 11,Sie dokumentieren den Projekterfolg mit den passenden digitalen Tools.,LFB_Pü_Pr2,MS-Office -Tabellenkalkulation -Word -MS-Project,1,1,LZ_59,Sie legen die Rahmenbedingungen und Kriterien für die Arbeitsabläufe fest.,K4,6. Sem.,1
ET,9999 d.03,NQR 3,P,LN 2,BFS,xx d3 11,Sie dokumentieren den Projekterfolg mit den passenden digitalen Tools.,LFB_Pü_Pr2,,,,LZ_954,Sie wenden die Grundlagen des Projektmanagements an.,K3,6. Sem.,1
ET,9999 d.03,NQR 3,P,LN 2,BFS,xx d3 11,Sie dokumentieren den Projekterfolg mit den passenden digitalen Tools.,LFB_Pü_Pr2,,,,LZ_9385,Sie überwachen den Fortschritt und analysieren relevante Projektdaten.,K4,6. Sem.,1
ET,9999 d.03,NQR 3,P,LN 3,BFS,xx d3 13,Sie archivieren die relevanten Dokumente in digitaler Form.,LFB_Pü_Pr2,"Daten analysieren, Kommunikation",1,1,LZ_59,Sie legen die Rahmenbedingungen und Kriterien für die Arbeitsabläufe fest.,K4,6. Sem.,1
ET,9999 d.03,NQR 3,P,LN 3,BFS,xx d3 13,Sie archivieren die relevanten Dokumente in digitaler Form.,LFB_Pü_Pr2,,,,LZ_954,Sie wenden die Grundlagen des Projektmanagements an.,K3,6. Sem.,1
ET,9999 d.03,NQR 3,P,LN 3,BFS,xx d3 13,Sie archivieren die relevanten Dokumente in digitaler Form.,LFB_Pü_Pr2,,,,LZ_9385,Sie überwachen den Fortschritt und analysieren relevante Projektdaten.,K4,6. Sem.,1
ET,9999 d.03,NQR 3,P,LN 2,BFS,xx d3 14,Sie dokumentieren und präsentieren ihren Zuwachs an Kompetenzen mit geeigneten Werkzeugen.,LFB_Pü_Pr2,Ergebnisse präsentieren,1,1,LZ_9405,Sie präsentieren das Projekt und kommunizieren die Ergebnisse überzeugend.,K3,6. Sem.,1
ET,9999 d.03,NQR 3,P,LN 3,BFS,xx d3 22,Sie bereiten technische Informationen übersichtlich und nachvollziehbar auf.,LFB_Pü_Pr2,"Dokumentieren, Visualisieren",1,1,LZ_9382,"Sie erstellen einen detaillierten Projektplan, der alle Phasen des Projekts abdeckt.",K3,6. Sem.,1
ET,9999 d.03,NQR 3,P,LN 3,BFS,xx d3 22,Sie bereiten technische Informationen übersichtlich und nachvollziehbar auf.,LFB_Pü_Pr2,,,,LZ_9425,Sie dokumentieren alle Arbeitsschritte und reagieren auf Änderungen.,K3,6. Sem.,1
ET,9999 d.01,NQR 4,P,LN 2,BFS,xx d1 32,Sie erstellen Projektaufträge.,LFB_Pü_Pr2,Projektorganisation Lasten- und Pflichtenheft Teamarbeit Marktanalyse Projektüberwachung Projektplanung,2,1,LZ_954,Sie wenden die Grundlagen des Projektmanagements an.,K3,6. Sem.,1
ET,9999 d.01,NQR 4,P,LN 2,BFS,xx d1 32,Sie erstellen Projektaufträge.,LFB_Pü_Pr2,,,,LZ_1070,Sie lesen und interpretieren Projektdokumentationen.,K3,6. Sem.,1
ET,9999 d.01,NQR 4,P,LN 2,BFS,xx d1 32,Sie erstellen Projektaufträge.,LFB_Pü_Pr2,,,,LZ_1109,Sie lesen und erläutern Unterlagen zur Projektorganisation.,K2,6. Sem.,1
ET,9999 d.01,NQR 4,P,LN 2,BFS,xx d1 34,Sie informieren die Projektpartner über den Projektauftrag.,LFB_Pü_Pr2,"Kommunikationsformen, Projektplanung",2,1,LZ_954,Sie wenden die Grundlagen des Projektmanagements an.,K3,6. Sem.,1
ET,9999 d.01,NQR 4,P,LN 2,BFS,xx d1 34,Sie informieren die Projektpartner über den Projektauftrag.,LFB_Pü_Pr2,,,,LZ_1070,Sie lesen und interpretieren Projektdokumentationen.,K3,6. Sem.,1
ET,9999 d.01,NQR 4,P,LN 2,BFS,xx d1 34,Sie informieren die Projektpartner über den Projektauftrag.,LFB_Pü_Pr2,,,,LZ_9385,Sie überwachen den Fortschritt und analysieren relevante Projektdaten.,K4,6. Sem.,1
ET,9999 d.01,NQR 4,P,LN 3,BFS,xx d1 46,Sie wenden die Arbeitszeitreglemente und relevanten Gesetze an.,LFB_Pü_Pr2,Gesamtarbeitsvertrag Arbeitsgesetz Arbeitsvertrag,2,1,LZ_1734,"Sie nennen die wichtigsten Gesetze, Verordnungen und Informationsstellen.",K1,6. Sem.,1
ET,9999 d.01,NQR 4,P,LN 3,BFS,xx d1 49,"Sie erkennen Einflussfaktoren wie Lieferketten, Verfügbarkeiten und politische Faktoren auf ein Projekt.",LFB_Pü_Pr2,Lieferantenverträge Preise für Rohstoffmärkte Logistik von Zulieferfirmen Distribution von Gütern,2,1,LZ_9431,Sie erkennen Einflussfaktoren auf ein Projekt und können diese einordnen.,K3,6. Sem.,1
ET,9999 d.01,NQR 4,P,LN 3,BFS,MEM 01 20,Sie führen mit geeigneten Methoden in der Projektgruppe Entscheidungen herbei.,LFB_Pü_Pr2,Mitarbeiterumfrage Mitarbeitergespräche Verantwortungsbewusstsein Kommunikation,2,1,LZ_1109,Sie lesen und erläutern Unterlagen zur Projektorganisation.,K2,6. Sem.,1
ET,9999 d.01,NQR 4,P,LN 3,BFS,MEM 01 20,Sie führen mit geeigneten Methoden in der Projektgruppe Entscheidungen herbei.,LFB_Pü_Pr2,,,,LZ_9021,Sie übernehmen spezifische Rollen im Projektteam und koordinieren die Aufgaben.,K3,6. Sem.,1
ET,9999 d.01,NQR 4,P,LN 3,BFS,MEM 01 20,Sie führen mit geeigneten Methoden in der Projektgruppe Entscheidungen herbei.,LFB_Pü_Pr2,,,,LZ_9385,Sie überwachen den Fortschritt und analysieren relevante Projektdaten.,K4,6. Sem.,1
ET,9999 d.01,NQR 4,P,LN 2,BFS,MEM 03 05,Sie schätzen die Vor- und Nachteile technologischer Trends ein.,LFB_Pü_Pr2,Wissendatenbanken Digitale Vernetzung Zusammenarbeit mit Forschung und Entwicklung Technologische Entwicklungen im MEM-Umfeld,2,1,LZ_9417,"Sie recherchieren die ""neusten Technologien"" und vergleichen diese mit Ihnen ""bekannten Technologien"".",K2,6. Sem.,1
ET,9999 d.01,NQR 4,P,LN 3,BFS,MEM 03 06,Sie erläutern technologische Trends in ihrem Arbeitsbereich.,LFB_Pü_Pr2,Optimierungsanalysen von Prozessen Fachjournal Forschungsergebnisse von Fachhochschulen,2,1,LZ_9417,"Sie recherchieren die ""neusten Technologien"" und vergleichen diese mit Ihnen ""bekannten Technologien"".",K2,6. Sem.,1
ET,9999 d.02,NQR 3,P,LN 3,BFS,xx d2 09,Sie überwachen die Projektkosten durch unternehmerisches Denken und Handeln.,LFB_Pü_Pr2,Selbst- und Vollkostenrechnung Kostenträger Betriebswirtschaftliche Kennzahlen,3,1,LZ_9385,Sie überwachen den Fortschritt und analysieren relevante Projektdaten.,K4,6. Sem.,1
ET,9999 d.02,NQR 3,P,LN 3,BFS,xx d2 09,Sie überwachen die Projektkosten durch unternehmerisches Denken und Handeln.,LFB_Pü_Pr2,,,,LZ_60,Sie organisieren und verwalten Aufgaben und Termine.,K3,6. Sem.,1
ET,9999 d.03,NQR 3,P,LN 3,BFS,xx d3 18,Sie entwickeln neue Ideen aufgrund bereits bestehender Lösungen.,LFB_Pü_Pr2,Brainstorming Morphologischer Kasten Stärken-Schwächen-Analyse S-Diagramm,3,1,LZ_9424,Sie wählen die vielversprechendste Idee basierend auf festgelegten Kriterien.,K6,6. Sem.,1
ET,9999 d.03,NQR 3,P,LN 3,BFS,xx d3 18,Sie entwickeln neue Ideen aufgrund bereits bestehender Lösungen.,LFB_Pü_Pr2,,,,LZ_9418,Sie vergleichen unterschiedliche Lösungsansätze und bestimmen die beste Variante.,K2,6. Sem.,1
ET,9999 d.01,NQR 4,P,LN 2,BFS,xx d1 43,"Sie erstellen, strukturieren und formatieren Tabellen von Kundenaufträgen mit relevanten Daten in entsprechenden Computerprogrammen.",LFB_Pü_Pr3,"MS-Office, Projektplanung",1,4,LZ_954,Sie wenden die Grundlagen des Projektmanagements an.,K3,7. Sem.,1
ET,9999 d.01,NQR 4,P,LN 2,BFS,xx d1 43,"Sie erstellen, strukturieren und formatieren Tabellen von Kundenaufträgen mit relevanten Daten in entsprechenden Computerprogrammen.",LFB_Pü_Pr3,,,,LZ_1070,Sie lesen und interpretieren Projektdokumentationen.,K3,7. Sem.,1
ET,9999 d.01,NQR 4,P,LN 2,BFS,xx d1 43,"Sie erstellen, strukturieren und formatieren Tabellen von Kundenaufträgen mit relevanten Daten in entsprechenden Computerprogrammen.",LFB_Pü_Pr3,,,,LZ_9437,Sie dokumentieren alle Arbeitsschritte und reagieren auf Änderungen.,K3,7. Sem.,1
ET,9999 d.01,NQR 4,P,LN 3,BFS,xx d1 46,Sie wenden die Arbeitszeitreglemente und relevanten Gesetze an.,LFB_Pü_Pr3,"Gesamtarbeitsvertrag, Arbeitsgesetz, Arbeitsvertrag",1,2,LZ_1734,"Sie nennen die wichtigsten Gesetze, Verordnungen und Informationsstellen.",K1,7. Sem.,1
ET,9999 d.02,NQR 3,P,LN 3,BFS,xx d2 11,Sie ergreifen bei Projektabweichungen selbstständig Massnahmen für den Projekterfolg.,LFB_Pü_Pr3,"Projektverfolgung, Kommunikation",1,2,LZ_9437,Sie dokumentieren alle Arbeitsschritte und reagieren auf Änderungen.,K3,7. Sem.,1
ET,9999 d.03,NQR 3,P,LN 3,BFS,xx d3 13,Sie archivieren die relevanten Dokumente in digitaler Form.,LFB_Pü_Pr3,"Daten analysieren, Kommunikation",1,2,LZ_59,Sie legen die Rahmenbedingungen und Kriterien für die Arbeitsabläufe fest.,K4,7. Sem.,1
ET,9999 d.03,NQR 3,P,LN 3,BFS,xx d3 13,Sie archivieren die relevanten Dokumente in digitaler Form.,LFB_Pü_Pr3,,,,LZ_954,Sie wenden die Grundlagen des Projektmanagements an.,K3,7. Sem.,1
ET,9999 d.03,NQR 3,P,LN 3,BFS,xx d3 13,Sie archivieren die relevanten Dokumente in digitaler Form.,LFB_Pü_Pr3,,,,LZ_9385,Sie überwachen den Fortschritt und analysieren relevante Projektdaten.,K4,7. Sem.,1
ET,9999 d.03,NQR 3,P,LN 2,BFS,xx d3 14,Sie dokumentieren und präsentieren ihren Zuwachs an Kompetenzen mit geeigneten Werkzeugen.,LFB_Pü_Pr3,Ergebnisse präsentieren,1,2,LZ_9405,Sie präsentieren das Projekt und kommunizieren die Ergebnisse überzeugend.,K3,7. Sem.,1
ET,9999 d.03,NQR 3,P,LN 3,BFS,xx d3 22,Sie bereiten technische Informationen übersichtlich und nachvollziehbar auf.,LFB_Pü_Pr3,"Dokumentieren, Visualisieren",1,2,LZ_9382,"Sie erstellen einen detaillierten Projektplan, der alle Phasen des Projekts abdeckt.",K3,7. Sem.,1
ET,9999 d.03,NQR 3,P,LN 3,BFS,xx d3 22,Sie bereiten technische Informationen übersichtlich und nachvollziehbar auf.,LFB_Pü_Pr3,,,,LZ_9437,Sie dokumentieren alle Arbeitsschritte und reagieren auf Änderungen.,K3,7. Sem.,1
ET,9999 d.01,NQR 4,P,LN 2,BFS,xx d1 32,Sie erstellen Projektaufträge.,LFB_Pü_Pr3,"Projektplan, Zeitmanagement, Ressourcenplanung",2,1,LZ_954,Sie wenden die Grundlagen des Projektmanagements an.,K3,7. Sem.,1
ET,9999 d.01,NQR 4,P,LN 2,BFS,xx d1 32,Sie erstellen Projektaufträge.,LFB_Pü_Pr3,,,,LZ_1070,Sie lesen und interpretieren Projektdokumentationen.,K3,7. Sem.,1
ET,9999 d.01,NQR 4,P,LN 2,BFS,xx d1 32,Sie erstellen Projektaufträge.,LFB_Pü_Pr3,,,,LZ_1109,Sie lesen und erläutern Unterlagen zur Projektorganisation.,K2,7. Sem.,1
ET,9999 d.01,NQR 4,P,LN 2,BFS,xx d1 34,Sie informieren die Projektpartner über den Projektauftrag.,LFB_Pü_Pr3,"Kommunikationsformen, Projektplanung",2,2,LZ_954,Sie wenden die Grundlagen des Projektmanagements an.,K3,7. Sem.,1
ET,9999 d.01,NQR 4,P,LN 2,BFS,xx d1 34,Sie informieren die Projektpartner über den Projektauftrag.,LFB_Pü_Pr3,,,,LZ_1070,Sie lesen und interpretieren Projektdokumentationen.,K3,7. Sem.,1
ET,9999 d.01,NQR 4,P,LN 2,BFS,xx d1 34,Sie informieren die Projektpartner über den Projektauftrag.,LFB_Pü_Pr3,,,,LZ_9385,Sie überwachen den Fortschritt und analysieren relevante Projektdaten.,K4,7. Sem.,1
ET,9999 d.01,NQR 4,P,LN 3,BFS,xx d1 42,Sie koordinieren mit den Projektmitarbeitern die Planung von Kundenaufträgen.,LFB_Pü_Pr3,"Projektdokumentation, Lastenheft, Pflichtenheft, Datenblätter und Anleitungen (Bedienungs-, Montage-, Wartungsanleitung) interpretieren, Zeitmanagement, Ressourcenplanung",2,2,LZ_954,Sie wenden die Grundlagen des Projektmanagements an.,K3,7. Sem.,1
ET,9999 d.01,NQR 4,P,LN 3,BFS,xx d1 42,Sie koordinieren mit den Projektmitarbeitern die Planung von Kundenaufträgen.,LFB_Pü_Pr3,,,,LZ_1070,Sie lesen und interpretieren Projektdokumentationen.,K3,7. Sem.,1
ET,9999 d.01,NQR 4,P,LN 3,BFS,xx d1 42,Sie koordinieren mit den Projektmitarbeitern die Planung von Kundenaufträgen.,LFB_Pü_Pr3,,,,LZ_9021,Sie übernehmen spezifische Rollen im Projektteam und koordinieren die Aufgaben.,K3,7. Sem.,1
ET,9999 d.01,NQR 4,P,LN 2,BFS,xx d1 45,Sie halten Kundentermine ein.,LFB_Pü_Pr3,Projektplan mit Meilensteinen,2,2,LZ_60,Sie organisieren und verwalten Aufgaben und Termine.,K3,7. Sem.,1
ET,9999 d.01,NQR 4,P,LN 2,BFS,xx d1 45,Sie halten Kundentermine ein.,LFB_Pü_Pr3,,,,LZ_59,Sie legen die Rahmenbedingungen und Kriterien für die Arbeitsabläufe fest.,K4,7. Sem.,1
ET,9999 d.01,NQR 4,P,LN 2,BFS,xx d1 45,Sie halten Kundentermine ein.,LFB_Pü_Pr3,,,,LZ_9385,Sie überwachen den Fortschritt und analysieren relevante Projektdaten.,K4,7. Sem.,1
ET,9999 d.01,NQR 4,P,LN 3,BFS,MEM 01 20,Sie führen mit geeigneten Methoden in der Projektgruppe Entscheidungen herbei.,LFB_Pü_Pr3,"Projektüberwachung, Verantwortung, Kommunikation",2,1,LZ_1109,Sie lesen und erläutern Unterlagen zur Projektorganisation.,K2,7. Sem.,1
ET,9999 d.01,NQR 4,P,LN 3,BFS,MEM 01 20,Sie führen mit geeigneten Methoden in der Projektgruppe Entscheidungen herbei.,LFB_Pü_Pr3,,,,LZ_9021,Sie übernehmen spezifische Rollen im Projektteam und koordinieren die Aufgaben.,K3,7. Sem.,1
ET,9999 d.01,NQR 4,P,LN 3,BFS,MEM 01 20,Sie führen mit geeigneten Methoden in der Projektgruppe Entscheidungen herbei.,LFB_Pü_Pr3,,,,LZ_9385,Sie überwachen den Fortschritt und analysieren relevante Projektdaten.,K4,7. Sem.,1
ET,9999 d.01,NQR 4,P,LN 2,BFS,MEM 03 05,Sie schätzen die Vor- und Nachteile technologischer Trends ein.,LFB_Pü_Pr3,"Wissensdatenbanken, Digitale Vernetzung, Zusammenarbeit mit Forschung und Entwicklung, Technologische Entwicklungen im MEM-Umfeld",2,1,LZ_9417,"Sie recherchieren die ""neusten Technologien"" und vergleichen diese mit Ihnen ""bekannten Technologien"".",K2,7. Sem.,1
ET,9999 d.01,NQR 4,P,LN 3,BFS,MEM 03 06,Sie erläutern technologische Trends in ihrem Arbeitsbereich.,LFB_Pü_Pr3,"Optimierungsanalysen von Prozessen, Fachjournal, Forschungsergebnisse von Fachhochschulen",2,1,LZ_9417,"Sie recherchieren die ""neusten Technologien"" und vergleichen diese mit Ihnen ""bekannten Technologien"".",K2,7. Sem.,1
ET,9999 d.03,NQR 3,P,LN 3,BFS,xx d3 18,Sie entwickeln neue Ideen aufgrund bereits bestehender Lösungen.,LFB_Pü_Pr3,Brainstorming Morphologischer Kasten Stärken- und Schwächen-Analyse S-Diagramm,2,2,LZ_9424,Sie wählen die vielversprechendste Idee basierend auf festgelegten Kriterien.,K6,7. Sem.,1
ET,9999 d.03,NQR 3,P,LN 3,BFS,xx d3 18,Sie entwickeln neue Ideen aufgrund bereits bestehender Lösungen.,LFB_Pü_Pr3,,,,LZ_9418,Sie vergleichen unterschiedliche Lösungsansätze und bestimmen die beste Variante.,K2,7. Sem.,1
ET,9999 d.01,NQR 4,P,LN 3,BFS,xx d1 49,"Sie erkennen Einflussfaktoren wie Lieferketten, Verfügbarkeiten und politische Faktoren auf ein Projekt.",LFB_Pü_Pr3,Lieferantenverträge Preise für Rohstoffmärkte Logistik von Zulieferfirmen Distribution von Gütern,3,2,LZ_9431,Sie erkennen Einflussfaktoren auf ein Projekt und können diese einordnen.,K3,7. Sem.,1
ET,9999 d.02,NQR 3,P,LN 3,BFS,xx d2 09,Sie überwachen die Projektkosten durch unternehmerisches Denken und Handeln.,LFB_Pü_Pr3,Selbst- und Vollkostenrechnung Kostenträger Betriebswirtschaftliche Kennzahlen,3,2,LZ_9385,Sie überwachen den Fortschritt und analysieren relevante Projektdaten.,K4,7. Sem.,1
ET,9999 d.02,NQR 3,P,LN 3,BFS,xx d2 09,Sie überwachen die Projektkosten durch unternehmerisches Denken und Handeln.,LFB_Pü_Pr3,,,,LZ_60,Sie organisieren und verwalten Aufgaben und Termine.,K3,7. Sem.,1
ET,9999 d.02,NQR 3,P,LN 2,BFS,xx d2 10,Sie überwachen die relevanten Projektdaten mit den passenden Tools.,LFB_Pü_Pr3,"Analysieren Projektdaten, Prozess beobachten",3,2,LZ_954,Sie wenden die Grundlagen des Projektmanagements an.,K3,7. Sem.,1
ET,9999 d.02,NQR 3,P,LN 2,BFS,xx d2 10,Sie überwachen die relevanten Projektdaten mit den passenden Tools.,LFB_Pü_Pr3,,,,LZ_1070,Sie lesen und interpretieren Projektdokumentationen.,K3,7. Sem.,1
ET,9999 d.02,NQR 3,P,LN 2,BFS,xx d2 10,Sie überwachen die relevanten Projektdaten mit den passenden Tools.,LFB_Pü_Pr3,,,,LZ_9385,Sie überwachen den Fortschritt und analysieren relevante Projektdaten.,K4,7. Sem.,1
ET,9999 d.01,NQR 4,P,LN 2,BFS,xx d1 44,"Sie verwenden verschiedene Werkzeuge für die Planung der Ressourcen (Betriebsmittel, Materialien, Mitarbeitenden etc.).",LFB_Pü_Pr3,ICT Anwenderkenntnisse,4,0,LZ_954,Sie wenden die Grundlagen des Projektmanagements an.,K3,7. Sem.,1
ET,9999 d.01,NQR 4,P,LN 2,BFS,xx d1 44,"Sie verwenden verschiedene Werkzeuge für die Planung der Ressourcen (Betriebsmittel, Materialien, Mitarbeitenden etc.).",LFB_Pü_Pr3,,,,LZ_1070,Sie lesen und interpretieren Projektdokumentationen.,K3,7. Sem.,1
ET,9999 d.01,NQR 4,P,LN 2,BFS,xx d1 44,"Sie verwenden verschiedene Werkzeuge für die Planung der Ressourcen (Betriebsmittel, Materialien, Mitarbeitenden etc.).",LFB_Pü_Pr3,,,,LZ_9382,"Sie erstellen einen detaillierten Projektplan, der alle Phasen des Projekts abdeckt.",K3,7. Sem.,1
ET,9999 a.01,NQR 4,P,LN 3,BFS,MEM 06 08,Sie interpretieren technische Dokumentationen.,LFB_Td_DIE,"Dokumentenverständnis, Unterschiedliche Dokumentationsarten, Projektdokumentationen, Lastenhefter, Pflichtenhefter, Anforderungslisten, Datenblätter, Anleitungen (Bedienungs-, Montage-, Wartungsanl.)  etc.",1,5,LZ_9012,Sie beurteilen unterschiedliche Dokumentationsarten.,K2,3. Sem.,1
ET,9999 a.01,NQR 4,P,LN 3,BFS,MEM 06 08,Sie interpretieren technische Dokumentationen.,LFB_Td_DIE,,,,LZ_9472,Sie lesen und interpretieren Dokumentationen.,K2,3. Sem.,1
ET,9999 a.01,NQR 4,P,LN 3,BFS,MEM 06 07,Sie erstellen technische Dokumentationen.,LFB_Td_DIE,"Dokumentenverständnis, Unterschiedliche Dokumentationsarten, Projektdokumentationen, Lastenhefter, Pflichtenhefter, Anforderungslisten, Datenblätter, Anleitungen (Bedienungs-, Montage-, Wartungsanl.)  etc.",2,10,LZ_9012,Sie beurteilen unterschiedliche Dokumentationsarten.,K2,3. Sem.,1
ET,9999 a.01,NQR 4,P,LN 3,BFS,MEM 06 07,Sie erstellen technische Dokumentationen.,LFB_Td_DIE,,,,LZ_61,Sie erstellen Dokumentationen aus dem praktischen Arbeitsbereich.,K3,3. Sem.,1
ET,9999 a.02,NQR 5,P,LN 2,BFS,KR a3 18,Sie erstellen für unterschiedliche Methoden zur Entscheidungsfindung eine entsprechende technische Dokumentation.,LFB_Td_DLE,Dokumentationsformen Schriftliche Dokumentation Bilddokumentation Videodokumentation,1,5,LZ_9012,Sie beurteilen unterschiedliche Dokumentationsarten.,K2,5. Sem.,1
ET,9999 a.02,NQR 5,P,LN 2,BFS,KR a3 18,Sie erstellen für unterschiedliche Methoden zur Entscheidungsfindung eine entsprechende technische Dokumentation.,LFB_Td_DLE,,,,LZ_9477,Sie entscheiden sich entsprechend der beispielhaft gewählten Methode zur Entscheidungsfindung für eine Dokumentationsform.,K3,5. Sem.,1
ET,9999 a.02,NQR 5,P,LN 2,BFS,KR a3 18,Sie erstellen für unterschiedliche Methoden zur Entscheidungsfindung eine entsprechende technische Dokumentation.,LFB_Td_DLE,,,,LZ_9478,Sie erstellen die Dokumentation entsprechend der Vorgehenslogik der beispielhaft gewählten Methode zur Entscheidungsfindung.,K3,5. Sem.,1
ET,9999 a.02,NQR 5,P,LN 2,BFS,KR a2 16,Sie erstellen für unterschiedliche Methoden zur Lösungssuche eine entsprechende technische Dokumentation.,LFB_Td_DLE,Dokumentationsformen Schriftliche Dokumentation Bilddokumentation Videodokumentation,2,5,LZ_9012,Sie beurteilen unterschiedliche Dokumentationsarten.,K2,5. Sem.,1
ET,9999 a.02,NQR 5,P,LN 2,BFS,KR a2 16,Sie erstellen für unterschiedliche Methoden zur Lösungssuche eine entsprechende technische Dokumentation.,LFB_Td_DLE,,,,LZ_9476,Sie entscheiden sich entsprechend der beispielhaft gewählten Methode zur Lösungssuche für eine Dokumentationsform.,K3,5. Sem.,1
ET,9999 a.02,NQR 5,P,LN 2,BFS,KR a2 16,Sie erstellen für unterschiedliche Methoden zur Lösungssuche eine entsprechende technische Dokumentation.,LFB_Td_DLE,,,,LZ_9022,Sie erstellen die Dokumentation entsprechend der Vorgehenslogik der beispielhaft gewählten Methode zur Lösungssuche.,K3,5. Sem.,1
ET,9999 a.03,NQR 4,P,LN 3,BFS,MEM 07 07,Sie visualisieren Daten.,LFB_Tg_bew_auf_1,"Textverarbeitung, Tabellenkalkulation",1,6,LZ_30,Sie wenden praktisch Mathematikprogramme an.,K3,2. Sem.,1
ET,9999 a.03,NQR 4,P,LN 3,BFS,MEM 07 07,Sie visualisieren Daten.,LFB_Tg_bew_auf_1,,,,LZ_1131,Sie erstellen eine Wertetabelle und zeichnen das entsprechende Diagramm auf.,K3,2. Sem.,1
ET,9999 a.03,NQR 4,P,LN 3,BFS,MEM 07 07,Sie visualisieren Daten.,LFB_Tg_bew_auf_1,,,,LZ_1133,Sie fügen Tabellen und Diagramme ein und bearbeiten diese.,K3,2. Sem.,1
ET,9999 a.03,NQR 4,P,LN 3,BFS,MEM 07 07,Sie visualisieren Daten.,LFB_Tg_bew_auf_1,,,,LZ_9479,Sie erstellen ein Geschwindigkeits-Zeit-Diagramm.,K3,2. Sem.,1
ET,9999 a.03,NQR 4,P,LN 3,BFS,MEM 07 07,Sie visualisieren Daten.,LFB_Tg_bew_auf_1,,,,LZ_9480,Sie erstellen ein Weg-Zeit-Diagramm.,K3,2. Sem.,1
ET,9999 a.02,NQR 5,P,LN 3,BFS,MEM 08 02,Sie planen ihre Arbeit unter Einbezug naturwissenschaftlicher Aspekte und führen sie aus.,LFB_Tg_bew_auf_1,"Gleichförmige Bewegung, Taschenrechnerbedienung, Word, Excel",2,7,LZ_62,Sie berechnen gleichförmige geradlinige und kreisförmige Bewegungen.,K3,2. Sem.,1
ET,9999 a.02,NQR 5,P,LN 3,BFS,MEM 08 02,Sie planen ihre Arbeit unter Einbezug naturwissenschaftlicher Aspekte und führen sie aus.,LFB_Tg_bew_auf_1,,,,LZ_9481,Sie berechnen die Winkelgeschwindigkeit aufgrund der Drehzahl oder der Umfangsgeschwindigkeit.,K3,2. Sem.,1
ET,9999 a.02,NQR 5,P,LN 3,BFS,MEM 08 02,Sie planen ihre Arbeit unter Einbezug naturwissenschaftlicher Aspekte und führen sie aus.,LFB_Tg_bew_auf_1,,,,LZ_9482,Sie berechnen einfache und zusammengesetzte Übersetzungen.,K3,2. Sem.,1
ET,9999 a.02,NQR 5,P,LN 3,BFS,MEM 08 03,Sie wenden bei der Bearbeitung technischer Problemstellungen mathematische Konzepte an.,LFB_Tg_bew_auf_1,"Grundoperationen, Formeln umstellen, SI-Einheiten, Taschenrechnerbedienung",3,7,LZ_1_,"Sie wenden den Taschenrechner an, der Darstellungen mit und ohne Exponenten ermöglicht, die Reihenfolge der Operationen bestimmt und den Gebrauch von Klammern einschliesst.",K3,2. Sem.,1
ET,9999 a.02,NQR 5,P,LN 3,BFS,MEM 08 03,Sie wenden bei der Bearbeitung technischer Problemstellungen mathematische Konzepte an.,LFB_Tg_bew_auf_1,,,,LZ_1_2,"Sie wenden den Taschenrechner an und nutzen den Speicher, die Umkehrtasten, Quadrat und Quadratwurzel Funktionen.",K3,2. Sem.,1
ET,9999 a.02,NQR 5,P,LN 3,BFS,MEM 08 03,Sie wenden bei der Bearbeitung technischer Problemstellungen mathematische Konzepte an.,LFB_Tg_bew_auf_1,,,,LZ_2,Sie schätzen die Genauigkeit von Resultatangaben ab und beachten dabei die Rundungsregeln.,K4,2. Sem.,1
ET,9999 a.02,NQR 5,P,LN 3,BFS,MEM 08 03,Sie wenden bei der Bearbeitung technischer Problemstellungen mathematische Konzepte an.,LFB_Tg_bew_auf_1,,,,LZ_3,Sie schätzen Resultate hinsichtlich ihrer Grössenordnung ab.,K4,2. Sem.,1
ET,9999 a.03,NQR 4,P,LN 3,BFS,MEM 07 07,Sie visualisieren Daten.,LFB_Tg_bew_auf_2,"Textverarbeitung, Tabellenkalkulation, (Beispiel: Geogebra, Online-Funktionsplotter, u.a.)",1,8,LZ_30,Sie wenden praktisch Mathematikprogramme an.,K3,2. Sem.,1
ET,9999 a.03,NQR 4,P,LN 3,BFS,MEM 07 07,Sie visualisieren Daten.,LFB_Tg_bew_auf_2,,,,LZ_1131,Sie erstellen eine Wertetabelle und zeichnen das entsprechende Diagramm auf.,K3,2. Sem.,1
ET,9999 a.03,NQR 4,P,LN 3,BFS,MEM 07 07,Sie visualisieren Daten.,LFB_Tg_bew_auf_2,,,,LZ_1133,Sie fügen Tabellen und Diagramme ein und bearbeiten diese.,K3,2. Sem.,1
ET,9999 a.03,NQR 4,P,LN 3,BFS,MEM 07 07,Sie visualisieren Daten.,LFB_Tg_bew_auf_2,,,,LZ_9479,Sie erstellen ein Geschwindigkeits-Zeit-Diagramm.,K3,2. Sem.,1
ET,9999 a.03,NQR 4,P,LN 3,BFS,MEM 07 07,Sie visualisieren Daten.,LFB_Tg_bew_auf_2,,,,LZ_9480,Sie erstellen ein Weg-Zeit-Diagramm.,K3,2. Sem.,1
ET,9999 a.02,NQR 5,P,LN 3,BFS,MEM 08 02,Sie planen ihre Arbeit unter Einbezug naturwissenschaftlicher Aspekte und führen sie aus.,LFB_Tg_bew_auf_2,"Gleichförmige und beschleunigte Bewegung, Taschenrechnerbedienung, Word, Excel",2,6,LZ_62,Sie berechnen gleichförmige geradlinige und kreisförmige Bewegungen.,K3,2. Sem.,1
ET,9999 a.02,NQR 5,P,LN 3,BFS,MEM 08 02,Sie planen ihre Arbeit unter Einbezug naturwissenschaftlicher Aspekte und führen sie aus.,LFB_Tg_bew_auf_2,,,,LZ_9481,Sie berechnen die Winkelgeschwindigkeit aufgrund der Drehzahl oder der Umfangsgeschwindigkeit.,K3,2. Sem.,1
ET,9999 a.02,NQR 5,P,LN 3,BFS,MEM 08 02,Sie planen ihre Arbeit unter Einbezug naturwissenschaftlicher Aspekte und führen sie aus.,LFB_Tg_bew_auf_2,,,,LZ_9482,Sie berechnen einfache und zusammengesetzte Übersetzungen.,K3,2. Sem.,1
ET,9999 a.02,NQR 5,P,LN 3,BFS,MEM 08 03,Sie wenden bei der Bearbeitung technischer Problemstellungen mathematische Konzepte an.,LFB_Tg_bew_auf_2,"Grundoperationen, Potenzen und Wurzeln, Formeln umstellen, SI-Einheiten, Taschenrechnerbedienung",3,6,LZ_1_,"Sie wenden den Taschenrechner an, der Darstellungen mit und ohne Exponenten ermöglicht, die Reihenfolge der Operationen bestimmt und den Gebrauch von Klammern einschliesst.",K3,2. Sem.,1
ET,9999 a.02,NQR 5,P,LN 3,BFS,MEM 08 03,Sie wenden bei der Bearbeitung technischer Problemstellungen mathematische Konzepte an.,LFB_Tg_bew_auf_2,,,,LZ_1_2,"Sie wenden den Taschenrechner an und nutzen den Speicher, die Umkehrtasten, Quadrat und Quadratwurzel Funktionen.",K3,2. Sem.,1
ET,9999 a.02,NQR 5,P,LN 3,BFS,MEM 08 03,Sie wenden bei der Bearbeitung technischer Problemstellungen mathematische Konzepte an.,LFB_Tg_bew_auf_2,,,,LZ_2,Sie schätzen die Genauigkeit von Resultatangaben ab und beachten dabei die Rundungsregeln.,K4,2. Sem.,1
ET,9999 a.02,NQR 5,P,LN 3,BFS,MEM 08 03,Sie wenden bei der Bearbeitung technischer Problemstellungen mathematische Konzepte an.,LFB_Tg_bew_auf_2,,,,LZ_3,Sie schätzen Resultate hinsichtlich ihrer Grössenordnung ab.,K4,2. Sem.,1
ET,9999 a.02,NQR 5,P,LN 3,BFS,MEM 08 02,Sie planen ihre Arbeit unter Einbezug naturwissenschaftlicher Aspekte und führen sie aus.,LFB_Tg_bew_bas,"Tabellenbuch, Normenauszug",3,13,LZ_62,Sie berechnen gleichförmige geradlinige und kreisförmige Bewegungen.,K3,2. Sem.,1
ET,9999 a.02,NQR 5,P,LN 3,BFS,MEM 08 02,Sie planen ihre Arbeit unter Einbezug naturwissenschaftlicher Aspekte und führen sie aus.,LFB_Tg_bew_bas,,,,LZ_64,Sie interpretieren ein Geschwindigkeits-Zeit-Diagramm.,K4,2. Sem.,1
ET,9999 a.02,NQR 5,P,LN 3,BFS,MEM 08 02,Sie planen ihre Arbeit unter Einbezug naturwissenschaftlicher Aspekte und führen sie aus.,LFB_Tg_bew_bas,,,,LZ_9479,Sie erstellen ein Geschwindigkeits-Zeit-Diagramm.,K3,2. Sem.,1
ET,9999 a.02,NQR 5,P,LN 3,BFS,MEM 08 03,Sie wenden bei der Bearbeitung technischer Problemstellungen mathematische Konzepte an.,LFB_Tg_bew_bas,"Grundoperationen, Formeln umstellen, SI-Einheiten, Taschenrechnerbedienung",4,13,LZ_1_,"Sie wenden den Taschenrechner an, der Darstellungen mit und ohne Exponenten ermöglicht, die Reihenfolge der Operationen bestimmt und den Gebrauch von Klammern einschliesst.",K3,2. Sem.,1
ET,9999 a.02,NQR 5,P,LN 3,BFS,MEM 08 03,Sie wenden bei der Bearbeitung technischer Problemstellungen mathematische Konzepte an.,LFB_Tg_bew_bas,,,,LZ_1_2,"Sie wenden den Taschenrechner an und nutzen den Speicher, die Umkehrtasten, Quadrat und Quadratwurzel Funktionen.",K3,2. Sem.,1
ET,9999 a.02,NQR 5,P,LN 3,BFS,MEM 08 03,Sie wenden bei der Bearbeitung technischer Problemstellungen mathematische Konzepte an.,LFB_Tg_bew_bas,,,,LZ_2,Sie schätzen die Genauigkeit von Resultatangaben ab und beachten dabei die Rundungsregeln.,K4,2. Sem.,1
ET,9999 a.02,NQR 5,P,LN 3,BFS,MEM 08 03,Sie wenden bei der Bearbeitung technischer Problemstellungen mathematische Konzepte an.,LFB_Tg_bew_bas,,,,LZ_3,Sie schätzen Resultate hinsichtlich ihrer Grössenordnung ab.,K4,2. Sem.,1
ET,9999 a.01,NQR 4,P,LN 3,BFS,MEM 06 06,Sie interpretieren technische Normen und Richtlinien anwendungsspezifisch.,LFB_Tg_bew_bas,"Tabellenbuch, Normenauszug, Fachbuch, Kursunterlagen",5,6,LZ_5_1,Sie unterscheiden die physikalische Bedeutung und ordnen Masseinheiten zu.,K4,2. Sem.,1
ET,9999 a.01,NQR 4,P,LN 3,BFS,MEM 06 06,Sie interpretieren technische Normen und Richtlinien anwendungsspezifisch.,LFB_Tg_bew_bas,,,,LZ_5_2,Sie erklären Grössen und führen Berechnungen durch.,K2,2. Sem.,1
ET,9999 a.01,NQR 4,P,LN 3,BFS,MEM 06 06,Sie interpretieren technische Normen und Richtlinien anwendungsspezifisch.,LFB_Tg_bew_bas,,,,LZ_6_1,Sie rechnen mit SI-Einheiten und den gängigen Präfixen dieser Masseinheiten.,K3,2. Sem.,1
ET,9999 d.01,NQR 4,P,LN 2,BFS,MEM 02 08,Sie dokumentieren und archivieren ihre Arbeit nachvollziehbar mit festgelegten Hilfsmitteln nach Vorgaben.,LFB_Tg_bew_bas,"MS-Office (Word, Excel), Papier",6,8,LZ_34,Sie nehmen Grundeinstellungen im Textverarbeitungsprogramm vor.,K3,2. Sem.,0
ET,9999 d.01,NQR 4,P,LN 2,BFS,MEM 02 08,Sie dokumentieren und archivieren ihre Arbeit nachvollziehbar mit festgelegten Hilfsmitteln nach Vorgaben.,LFB_Tg_bew_bas,,,,LZ_35,Sie nehmen Grundeinstellungen im Tabellenkalkulationsprogramm vor.,K3,2. Sem.,0
ET,9999 d.01,NQR 4,P,LN 2,BFS,MEM 02 08,Sie dokumentieren und archivieren ihre Arbeit nachvollziehbar mit festgelegten Hilfsmitteln nach Vorgaben.,LFB_Tg_bew_bas,,,,LZ_38,"Sie erstellen, formatieren, gestalten und drucken Textdokumente und Tabellen.",K3,2. Sem.,0
ET,9999 d.01,NQR 4,P,LN 2,BFS,MEM 02 08,Sie dokumentieren und archivieren ihre Arbeit nachvollziehbar mit festgelegten Hilfsmitteln nach Vorgaben.,LFB_Tg_bew_bas,,,,LZ_41,Sie bearbeiten und importieren Bilder.,K3,2. Sem.,0
ET,9999 a.02,NQR 5,P,LN 3,BFS,MEM 08 03,Sie wenden bei der Bearbeitung technischer Problemstellungen mathematische Konzepte an.,LFB_Tg_dim_auf_1,"Längen, Flächen und Volumen an folgenden Körpern: Dreiecken, Vierecken, Kreisen, Quader, Prismen, Zylinder, Kugeln, Pyramiden, Kegel, zusammengesetzte Flächen  und Körper. Seiten und Winkel im Dreieck und Dreiecksarten Zusammenhänge des Pythagoras Berechnungen mit Pythagoras",1,20,LZ_19_2,Sie erkennen Seiten und Winkel im Dreieck sowie verschiedene Arten von Dreiecken.,K4,1. Sem.,1
ET,9999 a.02,NQR 5,P,LN 3,BFS,MEM 08 03,Sie wenden bei der Bearbeitung technischer Problemstellungen mathematische Konzepte an.,LFB_Tg_dim_auf_1,,,,LZ_19_3,Sie führen Berechnungen mit dem Pythagoras durch.,K3,1. Sem.,1
ET,9999 a.02,NQR 5,P,LN 3,BFS,MEM 08 03,Sie wenden bei der Bearbeitung technischer Problemstellungen mathematische Konzepte an.,LFB_Tg_dim_auf_1,,,,LZ_19_1,"Sie berechnen Längen, Flächen, Volumen und Winkel an Quader, Prismen, Zylinder, Hohlzylinder, Kugeln, Pyramiden, Würfel und Kegel.",K3,1. Sem.,1
ET,9999 a.03,NQR 4,P,LN 3,BFS,MEM 07 07,Sie visualisieren Daten.,LFB_Tg_dim_auf_2,Potenzen und Wurzeln  Potenzbegriff  Zehnerpotenzen  Zehnerpotenzen als Vorsätze Zehnerpotenzen Addition und Subtraktion  Zehnerpotenzen gleicher Basis multiplizieren und dividieren Zehnerpotenzen mit negativen Exponenten Wurzel als Umkehroperation der Potenz,1,10,LZ_14,Sie wenden Zehnerpotenzen an und interpretieren diese als Vorsätze.,K3,4. Sem.,1
ET,9999 a.03,NQR 4,P,LN 3,BFS,MEM 07 07,Sie visualisieren Daten.,LFB_Tg_dim_auf_2,,,,LZ_15,Sie erklären und berechnen die Wurzel als Umkehroperation der Potenz.,K2,4. Sem.,1
ET,9999 a.02,NQR 5,P,LN 3,BFS,MEM 08 02,Sie planen ihre Arbeit unter Einbezug naturwissenschaftlicher Aspekte und führen sie aus.,LFB_Tg_dim_auf_2,Gleichungen ersten Grades Gleichungen mit Quadrat und Quadratwurzel Verhältnisgleichungen Gleichungen mit Textaufgaben,2,10,LZ_16_2,Sie lösen lineare Gleichungen algebraisch.,K3,4. Sem.,1
ET,9999 a.02,NQR 5,P,LN 3,BFS,MEM 08 02,Sie planen ihre Arbeit unter Einbezug naturwissenschaftlicher Aspekte und führen sie aus.,LFB_Tg_dim_auf_2,,,,LZ_17,Sie stellen Verhältnisgleichungen auf und lösen diese.,K3,4. Sem.,1
ET,9999 a.02,NQR 5,P,LN 3,BFS,MEM 08 02,Sie planen ihre Arbeit unter Einbezug naturwissenschaftlicher Aspekte und führen sie aus.,LFB_Tg_dim_auf_2,,,,LZ_18,Sie überführen Textaufgaben in eine Gleichung und lösen diese.,K3,4. Sem.,1
ET,9999 a.02,NQR 5,P,LN 3,BFS,MEM 08 03,Sie wenden bei der Bearbeitung technischer Problemstellungen mathematische Konzepte an.,LFB_Tg_dim_auf_2,"Trigonometrie und Funktionen Seitenverhältnisse im rechtwinkligen Dreieck Winkelfunktionen sin, cos, tan  Seiten und Winkel im rechtwinkligen Dreieck Mathematische Funktionen, Wertetabellen und grafische Darstellung  Funktion zweier veränderlicher Grössen Funktionsgleichung, Wertetabelle und Graph einer Funktion  Funktionen Wertetabellen Lineare Funktion, quadratische Funktion, trigonometrische Funktionen, Potenzfunktion, Exponentialfunktion (Wachstumsfunktion), Logarithmusfunktion",3,10,LZ_22,"Sie berechnen Seiten und Winkel im rechtwinkligen Dreieck, sowie in verschiedenen Arten von Dreiecken.",K3,4. Sem.,1
ET,9999 a.02,NQR 5,P,LN 3,BFS,MEM 08 03,Sie wenden bei der Bearbeitung technischer Problemstellungen mathematische Konzepte an.,LFB_Tg_dim_auf_2,,,,LZ_24,"Sie erklären die Definition der Winkelfunktionen sin, cos und tan als Seitenverhältnisse.",K2,4. Sem.,1
ET,9999 a.02,NQR 5,P,LN 3,BFS,MEM 08 03,Sie wenden bei der Bearbeitung technischer Problemstellungen mathematische Konzepte an.,LFB_Tg_dim_auf_2,,,,LZ_25,Sie wenden einfache trigonometrische Funktionen von sin und cos an.,K3,4. Sem.,1
ET,9999 a.02,NQR 5,P,LN 3,BFS,MEM 08 03,Sie wenden bei der Bearbeitung technischer Problemstellungen mathematische Konzepte an.,LFB_Tg_dim_auf_2,,,,LZ_26,Sie erkennen die Funktion als eine Zuordnung zweier variabler Grössen.,K2,4. Sem.,1
ET,9999 a.02,NQR 5,P,LN 3,BFS,MEM 08 03,Sie wenden bei der Bearbeitung technischer Problemstellungen mathematische Konzepte an.,LFB_Tg_dim_auf_2,,,,LZ_29,"Sie unterscheiden logische Grundfunktionen anhand des Symbols, der Wertetabelle, der Funktionsgleichung und des Zeitdiagrammes.",K4,4. Sem.,1
ET,9999 a.02,NQR 5,P,LN 3,BFS,MEM 08 03,Sie wenden bei der Bearbeitung technischer Problemstellungen mathematische Konzepte an.,LFB_Tg_dim_auf_2,,,,LZ_30,Sie wenden praktisch Mathematikprogramme an.,K3,4. Sem.,1
ET,9999 a.02,NQR 5,P,LN 3,BFS,MEM 08 03,Sie wenden bei der Bearbeitung technischer Problemstellungen mathematische Konzepte an.,LFB_Tg_dim_bas,"Rechnen mit allgemeinen Zahlen (Grundoperationen) Hierarchie der Operationen Addition (assoziatives und kommutatives Gesetz) Subtraktion, Klammern, Vorzeichen Multiplikation, Ausmultiplizieren, Ausklammern Brüche Erweitern und Kürzen (ggT) Brüche Addition und Subtraktion (kgV) Brüche Multiplikation und Division",1,22,LZ_11_1,"Sie rechnen mit allgemeinen Zahlen, welche die Grundoperationen umfasst, angefangen von der Addition, welche vom assoziativen und kommutativen Gesetz geleitet wird, zur Subtraktion.",K3,1. Sem.,1
ET,9999 a.02,NQR 5,P,LN 3,BFS,MEM 08 03,Sie wenden bei der Bearbeitung technischer Problemstellungen mathematische Konzepte an.,LFB_Tg_dim_bas,,,,LZ_11_2,"Sie rechnen mit Klammern und Vorzeichen, welche die Multiplikation, das Ausmultiplizieren und Ausklammern beinhaltet.",K3,1. Sem.,1
ET,9999 a.02,NQR 5,P,LN 3,BFS,MEM 08 03,Sie wenden bei der Bearbeitung technischer Problemstellungen mathematische Konzepte an.,LFB_Tg_dim_bas,,,,LZ_12_1,"Sie erweitern und kürzen Brüche anhand des grössten gemeinsamen Teilers (ggT), dem Addieren und Subtrahieren von Brüchen unter Verwendung des kleinsten gemeinsamen Vielfaches (kgV).",K3,1. Sem.,1
ET,9999 a.02,NQR 5,P,LN 3,BFS,MEM 08 03,Sie wenden bei der Bearbeitung technischer Problemstellungen mathematische Konzepte an.,LFB_Tg_dim_bas,,,,LZ_12_2,Sie mulitiplizieren und dividieren Brüche.,K3,1. Sem.,1
ET,9999 d.01,NQR 4,P,LN 2,BFS,MEM 02 08,Sie dokumentieren und archivieren ihre Arbeit nachvollziehbar mit festgelegten Hilfsmitteln nach Vorgaben.,LFB_Tg_dim_bas,"Grundoperationen, Potenzen und Wurzeln, Formeln umstellen, SI-Einheiten, Taschenrechnerbedienung trigonometrische und logarithmische Funktionen",2,4,LZ_1_,"Sie wenden den Taschenrechner an, der Darstellungen mit und ohne Exponenten ermöglicht, die Reihenfolge der Operationen bestimmt und den Gebrauch von Klammern einschliesst.",K3,1. Sem.,0
ET,9999 d.01,NQR 4,P,LN 2,BFS,MEM 02 08,Sie dokumentieren und archivieren ihre Arbeit nachvollziehbar mit festgelegten Hilfsmitteln nach Vorgaben.,LFB_Tg_dim_bas,,,,LZ_1_2,"Sie wenden den Taschenrechner an und nutzen den Speicher, die Umkehrtasten, Quadrat und Quadratwurzel Funktionen.",K3,1. Sem.,0
ET,9999 d.01,NQR 4,P,LN 2,BFS,MEM 02 08,Sie dokumentieren und archivieren ihre Arbeit nachvollziehbar mit festgelegten Hilfsmitteln nach Vorgaben.,LFB_Tg_dim_bas,,,,LZ_1_3,Sie wenden den Taschenrechner an und nutzen die trigonometrische und logarithmische Funktionen.,K3,1. Sem.,0
ET,9999 d.01,NQR 4,P,LN 2,BFS,MEM 02 08,Sie dokumentieren und archivieren ihre Arbeit nachvollziehbar mit festgelegten Hilfsmitteln nach Vorgaben.,LFB_Tg_dim_bas,,,,LZ_2,Sie schätzen die Genauigkeit von Resultatangaben ab und beachten dabei die Rundungsregeln.,K4,1. Sem.,0
ET,9999 d.01,NQR 4,P,LN 2,BFS,MEM 02 08,Sie dokumentieren und archivieren ihre Arbeit nachvollziehbar mit festgelegten Hilfsmitteln nach Vorgaben.,LFB_Tg_dim_bas,,,,LZ_3,Sie schätzen Resultate hinsichtlich ihrer Grössenordnung ab.,K4,1. Sem.,0
ET,9999 a.01,NQR 4,P,LN 3,BFS,MEM 06 06,Sie interpretieren technische Normen und Richtlinien anwendungsspezifisch.,LFB_Tg_dim_bas,"Bedeutung der Masseinheiten Rechnen mit SI-Einheiten und deren gebräuchlichen Massvorsätzen Zeitberechnungen  Berechnungen mit Zeiteinheiten Prozent als Verhältnis zweier Grössen  Prozent und Promille Beispiele wie Zins, Rabatt, Steigung, Fehler Promille und ppm erklären",3,14,LZ_5_1,Sie unterscheiden die physikalische Bedeutung und ordnen Masseinheiten zu.,K4,1. Sem.,1
ET,9999 a.01,NQR 4,P,LN 3,BFS,MEM 06 06,Sie interpretieren technische Normen und Richtlinien anwendungsspezifisch.,LFB_Tg_dim_bas,,,,LZ_5_2,Sie erklären Grössen und führen Berechnungen durch.,K2,1. Sem.,1
ET,9999 a.01,NQR 4,P,LN 3,BFS,MEM 06 06,Sie interpretieren technische Normen und Richtlinien anwendungsspezifisch.,LFB_Tg_dim_bas,,,,LZ_6_1,Sie rechnen mit SI-Einheiten und den gängigen Präfixen dieser Masseinheiten.,K3,1. Sem.,1
ET,9999 a.01,NQR 4,P,LN 3,BFS,MEM 06 06,Sie interpretieren technische Normen und Richtlinien anwendungsspezifisch.,LFB_Tg_dim_bas,,,,LZ_6_2,Sie wandeln Zehnerpotenzen mit Hilfe von Tabellen um und wenden diese an.,K3,1. Sem.,1
ET,9999 a.01,NQR 4,P,LN 3,BFS,MEM 06 06,Sie interpretieren technische Normen und Richtlinien anwendungsspezifisch.,LFB_Tg_dim_bas,,,,LZ_7_1,Sie führen Berechnungen mit Zeiteinheiten durch.,K3,1. Sem.,1
ET,9999 a.01,NQR 4,P,LN 3,BFS,MEM 06 06,Sie interpretieren technische Normen und Richtlinien anwendungsspezifisch.,LFB_Tg_dim_bas,,,,LZ_9,"Sie berechnen angewandte Beispiele mit Prozentsätzen wie Zins, Rabatt, Steigung, Anzug, Konizität und Fehler.",K3,1. Sem.,1
ET,9999 a.01,NQR 4,P,LN 3,BFS,MEM 06 06,Sie interpretieren technische Normen und Richtlinien anwendungsspezifisch.,LFB_Tg_dim_bas,,,,LZ_10,Sie erklären Promille und ppm.,K2,1. Sem.,1
ET,9999 a.02,NQR 5,P,LN 3,BFS,MEM 08 02,Sie planen ihre Arbeit unter Einbezug naturwissenschaftlicher Aspekte und führen sie aus.,LFB_Tg_ele_bas,Gleichungen lösen,1,24,LZ_11342,"Sie nennen die 5 Sicherheitsregeln und erläutern, wann diese eingesetzt werden müssen.",K2,1. Sem.,1
ET,9999 a.02,NQR 5,P,LN 3,BFS,MEM 08 02,Sie planen ihre Arbeit unter Einbezug naturwissenschaftlicher Aspekte und führen sie aus.,LFB_Tg_ele_bas,,,,LZ_11343,Sie überprüfen Geräte auf Spannungsfreiheit.,K4,1. Sem.,1
ET,9999 a.02,NQR 5,P,LN 3,BFS,MEM 08 02,Sie planen ihre Arbeit unter Einbezug naturwissenschaftlicher Aspekte und führen sie aus.,LFB_Tg_ele_bas,,,,LZ_11344,"Sie erläutern die Begriffe Strom, Spannung und Widerstand.",K2,1. Sem.,1
ET,9999 a.02,NQR 5,P,LN 3,BFS,MEM 08 02,Sie planen ihre Arbeit unter Einbezug naturwissenschaftlicher Aspekte und führen sie aus.,LFB_Tg_ele_bas,,,,LZ_11345,Sie erklären den Unterschied zwischen Gleich- und Wechselstrom.,K2,1. Sem.,1
ET,9999 a.02,NQR 5,P,LN 3,BFS,MEM 08 02,Sie planen ihre Arbeit unter Einbezug naturwissenschaftlicher Aspekte und führen sie aus.,LFB_Tg_ele_bas,,,,LZ_11346,"Sie erklären, wie Wechselstrom funktioniert (Sinus, Frequenz).",K2,1. Sem.,1
ET,9999 a.02,NQR 5,P,LN 3,BFS,MEM 08 02,Sie planen ihre Arbeit unter Einbezug naturwissenschaftlicher Aspekte und führen sie aus.,LFB_Tg_ele_bas,,,,LZ_11347,Sie kombinieren Schaltungen und beobachten die Effekte.,K4,1. Sem.,1
ET,9999 a.02,NQR 5,P,LN 3,BFS,MEM 08 02,Sie planen ihre Arbeit unter Einbezug naturwissenschaftlicher Aspekte und führen sie aus.,LFB_Tg_ele_bas,,,,LZ_11348,"Sie messen Spannung, Strom und Widerstand korrekt.",K3,1. Sem.,1
ET,9999 a.02,NQR 5,P,LN 3,BFS,MEM 08 02,Sie planen ihre Arbeit unter Einbezug naturwissenschaftlicher Aspekte und führen sie aus.,LFB_Tg_ele_bas,,,,LZ_11349,"Sie bestimmen, ob eine Leitung Durchgang hat.",K4,1. Sem.,1
ET,9999 a.02,NQR 5,P,LN 3,BFS,MEM 08 02,Sie planen ihre Arbeit unter Einbezug naturwissenschaftlicher Aspekte und führen sie aus.,LFB_Tg_ele_bas,,,,LZ_11350,"Sie erklären die Funktionen von Widerständen, Dioden, LED's, Kondensatoren und Spulen.",K2,1. Sem.,1
ET,9999 a.02,NQR 5,P,LN 3,BFS,MEM 08 02,Sie planen ihre Arbeit unter Einbezug naturwissenschaftlicher Aspekte und führen sie aus.,LFB_Tg_ele_bas,,,,LZ_11351,Sie erzeugen Magnetfelder mit Strom.,K3,1. Sem.,1
ET,9999 a.02,NQR 5,P,LN 3,BFS,MEM 08 02,Sie planen ihre Arbeit unter Einbezug naturwissenschaftlicher Aspekte und führen sie aus.,LFB_Tg_ele_bas,,,,LZ_11352,Sie steuern Relais oder Schütze.,K3,1. Sem.,1
ET,9999 a.02,NQR 5,P,LN 3,BFS,MEM 08 02,Sie planen ihre Arbeit unter Einbezug naturwissenschaftlicher Aspekte und führen sie aus.,LFB_Tg_ele_bas,,,,LZ_11353,Sie erläutern den Aufbau eines einfachen Elektromotors.,K2,1. Sem.,1
ET,9999 a.02,NQR 5,P,LN 3,BFS,MEM 08 02,Sie planen ihre Arbeit unter Einbezug naturwissenschaftlicher Aspekte und führen sie aus.,LFB_Tg_ele_bas,,,,LZ_11354,Sie lassen einen Gleichstrommotor laufen und ändern die Drehrichtung.,K3,1. Sem.,1
ET,9999 a.02,NQR 5,P,LN 3,BFS,MEM 08 02,Sie planen ihre Arbeit unter Einbezug naturwissenschaftlicher Aspekte und führen sie aus.,LFB_Tg_ele_bas,,,,LZ_11355,Sie berechnen Blindleistung und Blindwiderstand in gemischten Schaltungen mit Wechselstrom.,K3,1. Sem.,1
ET,9999 a.02,NQR 5,P,LN 3,BFS,MEM 08 02,Sie planen ihre Arbeit unter Einbezug naturwissenschaftlicher Aspekte und führen sie aus.,LFB_Tg_ele_bas,,,,LZ_11356,Sie benennen moderne Aufbauarten von Elektromotoren und erläutern deren Einsatzgebiete.,K2,1. Sem.,1
ET,9999 a.02,NQR 5,P,LN 3,BFS,MEM 08 03,Sie wenden bei der Bearbeitung technischer Problemstellungen mathematische Konzepte an.,LFB_Tg_ele_bas,Gleichungen lösen,2,8,LZ_11357,Sie berechnen Stromkreise mit dem Ohm’schen Gesetz.,K3,1. Sem.,1
ET,9999 a.02,NQR 5,P,LN 3,BFS,MEM 08 03,Sie wenden bei der Bearbeitung technischer Problemstellungen mathematische Konzepte an.,LFB_Tg_ele_bas,,,,LZ_11358,"Sie berechnen Strom, Spannung und Widerstände in Serie- und Parallelschaltungen.",K3,1. Sem.,1
ET,9999 a.02,NQR 5,P,LN 3,BFS,MEM 08 03,Sie wenden bei der Bearbeitung technischer Problemstellungen mathematische Konzepte an.,LFB_Tg_ele_bas,,,,LZ_11359,Sie berechnen die elektrische Leistung verschiedener Verbraucher.,K3,1. Sem.,1
ET,9999 a.02,NQR 5,P,LN 3,BFS,MEM 08 03,Sie wenden bei der Bearbeitung technischer Problemstellungen mathematische Konzepte an.,LFB_Tg_ele_bas,,,,LZ_11360,Sie berechnen die Energiekosten verschiedener Verbraucher.,K3,1. Sem.,1
ET,9999 a.01,NQR 4,P,LN 3,BFS,MEM 06 06,Sie interpretieren technische Normen und Richtlinien anwendungsspezifisch.,LFB_Tg_ele_bas,Grundsätze der Arbeitssicherheit,3,8,LZ_11361,Sie erklären den Nutzen von FI-Schalter und Erdung.,K2,1. Sem.,1
ET,9999 a.01,NQR 4,P,LN 3,BFS,MEM 06 06,Sie interpretieren technische Normen und Richtlinien anwendungsspezifisch.,LFB_Tg_ele_bas,,,,LZ_11362,Sie kennzeichnen Gefahrenstellen korrekt.,K1,1. Sem.,1
ET,9999 a.01,NQR 4,P,LN 3,BFS,MEM 06 06,Sie interpretieren technische Normen und Richtlinien anwendungsspezifisch.,LFB_Tg_ele_bas,,,,LZ_11363,"Sie zeichnen einfache Stromkreise mit Batterie, Lampe, Schalter.",K3,1. Sem.,1
ET,9999 a.01,NQR 4,P,LN 3,BFS,MEM 06 06,Sie interpretieren technische Normen und Richtlinien anwendungsspezifisch.,LFB_Tg_ele_bas,,,,LZ_11364,Sie bezeichnen die eingesetzten Betriebsmittel nach Norm.,K1,1. Sem.,1
ET,9999 a.01,NQR 4,P,LN 3,BFS,MEM 06 06,Sie interpretieren technische Normen und Richtlinien anwendungsspezifisch.,LFB_Tg_ele_bas,,,,LZ_11365,Sie benennen die Unterschieden zwischen den verschiedenen Spannungsklassen und zählen die wichtigsten Regulatorien bezüglich Sicherheit und Umgang dazu auf.,K1,1. Sem.,1
ET,9999 a.02,NQR 5,P,LN 3,BFS,MEM 08 02,Sie planen ihre Arbeit unter Einbezug naturwissenschaftlicher Aspekte und führen sie aus.,LFB_Tg_geh_auf_1,"Masseinheiten, Grössen, SI-Einheiten, lineare Gleichung, Arbeitstechniken",0,10,LZ_55,"Sie wenden Arbeits- und Lerntechniken wie Lesetechnik, Mindmap und Kreativitätstechniken an.",K3,3. Sem.,1
ET,9999 a.02,NQR 5,P,LN 3,BFS,MEM 08 02,Sie planen ihre Arbeit unter Einbezug naturwissenschaftlicher Aspekte und führen sie aus.,LFB_Tg_geh_auf_1,,,,LZ_3,Sie schätzen Resultate hinsichtlich ihrer Grössenordnung ab.,K4,3. Sem.,1
ET,9999 a.02,NQR 5,P,LN 3,BFS,MEM 08 02,Sie planen ihre Arbeit unter Einbezug naturwissenschaftlicher Aspekte und führen sie aus.,LFB_Tg_geh_auf_1,,,,LZ_5_1,Sie unterscheiden die physikalische Bedeutung und ordnen Masseinheiten zu.,K4,3. Sem.,1
ET,9999 a.02,NQR 5,P,LN 3,BFS,MEM 08 02,Sie planen ihre Arbeit unter Einbezug naturwissenschaftlicher Aspekte und führen sie aus.,LFB_Tg_geh_auf_1,,,,LZ_5_2,Sie erklären Grössen und führen Berechnungen durch.,K2,3. Sem.,1
ET,9999 a.02,NQR 5,P,LN 3,BFS,MEM 08 02,Sie planen ihre Arbeit unter Einbezug naturwissenschaftlicher Aspekte und führen sie aus.,LFB_Tg_geh_auf_1,,,,LZ_6_1,Sie rechnen mit SI-Einheiten und den gängigen Präfixen dieser Masseinheiten.,K3,3. Sem.,1
ET,9999 a.02,NQR 5,P,LN 3,BFS,MEM 08 02,Sie planen ihre Arbeit unter Einbezug naturwissenschaftlicher Aspekte und führen sie aus.,LFB_Tg_geh_auf_1,,,,LZ_16_2,Sie lösen lineare Gleichungen algebraisch.,K3,3. Sem.,1
ET,9999 a.02,NQR 5,P,LN 3,BFS,MEM 08 02,Sie planen ihre Arbeit unter Einbezug naturwissenschaftlicher Aspekte und führen sie aus.,LFB_Tg_geh_auf_1,,,,LZ_17,Sie stellen Verhältnisgleichungen auf und lösen diese.,K3,3. Sem.,1
ET,9999 a.02,NQR 5,P,LN 3,BFS,MEM 08 02,Sie planen ihre Arbeit unter Einbezug naturwissenschaftlicher Aspekte und führen sie aus.,LFB_Tg_geh_auf_1,,,,LZ_44,Sie setzen Zahlen mit den entsprechenden Einheiten in vorgegebene Formeln ein und berechnen diese.,K3,3. Sem.,1
ET,9999 a.02,NQR 5,P,LN 3,BFS,MEM 08 03,Sie wenden bei der Bearbeitung technischer Problemstellungen mathematische Konzepte an.,LFB_Tg_geh_auf_1,"SI-Einheiten, Hebelgesetz, Formeln umstellen, Taschenrechner, Ursache und Wirkung von Kräften, Kraftwirkung, Kraftrichtung",0,10,LZ_3,Sie schätzen Resultate hinsichtlich ihrer Grössenordnung ab.,K4,3. Sem.,1
ET,9999 a.02,NQR 5,P,LN 3,BFS,MEM 08 03,Sie wenden bei der Bearbeitung technischer Problemstellungen mathematische Konzepte an.,LFB_Tg_geh_auf_1,,,,LZ_5_1,Sie unterscheiden die physikalische Bedeutung und ordnen Masseinheiten zu.,K4,3. Sem.,1
ET,9999 a.02,NQR 5,P,LN 3,BFS,MEM 08 03,Sie wenden bei der Bearbeitung technischer Problemstellungen mathematische Konzepte an.,LFB_Tg_geh_auf_1,,,,LZ_5_2,Sie erklären Grössen und führen Berechnungen durch.,K2,3. Sem.,1
ET,9999 a.02,NQR 5,P,LN 3,BFS,MEM 08 03,Sie wenden bei der Bearbeitung technischer Problemstellungen mathematische Konzepte an.,LFB_Tg_geh_auf_1,,,,LZ_6_1,Sie rechnen mit SI-Einheiten und den gängigen Präfixen dieser Masseinheiten.,K3,3. Sem.,1
ET,9999 a.02,NQR 5,P,LN 3,BFS,MEM 08 03,Sie wenden bei der Bearbeitung technischer Problemstellungen mathematische Konzepte an.,LFB_Tg_geh_auf_1,,,,LZ_16_2,Sie lösen lineare Gleichungen algebraisch.,K3,3. Sem.,1
ET,9999 a.02,NQR 5,P,LN 3,BFS,MEM 08 03,Sie wenden bei der Bearbeitung technischer Problemstellungen mathematische Konzepte an.,LFB_Tg_geh_auf_1,,,,LZ_44,Sie setzen Zahlen mit den entsprechenden Einheiten in vorgegebene Formeln ein und berechnen diese.,K3,3. Sem.,1
ET,9999 a.02,NQR 5,P,LN 3,BFS,MEM 08 03,Sie wenden bei der Bearbeitung technischer Problemstellungen mathematische Konzepte an.,LFB_Tg_geh_auf_1,,,,LZ_71,Sie berechnen die Kraftwirkungen.,K3,3. Sem.,1
ET,9999 a.02,NQR 5,P,LN 3,BFS,MEM 08 03,Sie wenden bei der Bearbeitung technischer Problemstellungen mathematische Konzepte an.,LFB_Tg_geh_auf_2,"Prinzip Hebelarm, Drehmomente, hydrostatischer Druck, Einwirken von Kräften und Kraftfluss in einem System",2,10,LZ_1423,Sie erklären die Prinzipien des Hebelarms und des Drehmoments und wenden diese rechnerisch an.,K2,3. Sem.,1
ET,9999 a.02,NQR 5,P,LN 3,BFS,MEM 08 03,Sie wenden bei der Bearbeitung technischer Problemstellungen mathematische Konzepte an.,LFB_Tg_geh_auf_2,,,,LZ_1452,Sie berechnen den hydrostatischen Druck und zeigen dessen Bedeutung anhand von Anwendungsbeispielen auf.,K3,3. Sem.,1
ET,9999 a.02,NQR 5,P,LN 3,BFS,MEM 08 03,Sie wenden bei der Bearbeitung technischer Problemstellungen mathematische Konzepte an.,LFB_Tg_geh_auf_2,,,,LZ_4617,Sie berechnen den hydrostatischen Druck.,K3,3. Sem.,1
ET,9999 a.02,NQR 5,P,LN 3,BFS,MEM 08 03,Sie wenden bei der Bearbeitung technischer Problemstellungen mathematische Konzepte an.,LFB_Tg_geh_auf_2,,,,LZ_5199,Sie erkennen Funktion und Kraftfluss an einer Vorrichtung und geben diese wieder.,K2,3. Sem.,1
ET,9999 a.01,NQR 4,P,LN 3,BFS,MEM 06 06,Sie interpretieren technische Normen und Richtlinien anwendungsspezifisch.,LFB_Tg_geh_bas,"SI-Einheiten, Hebelgesetz, Formeln umstellen",0,2,LZ_5_1,Sie unterscheiden die physikalische Bedeutung und ordnen Masseinheiten zu.,K4,2. Sem.,1
ET,9999 a.02,NQR 5,P,LN 3,BFS,MEM 08 02,Sie planen ihre Arbeit unter Einbezug naturwissenschaftlicher Aspekte und führen sie aus.,LFB_Tg_geh_bas,"Masseinheiten, Grössen, SI-Einheiten, lineare Gleichung, Arbeitstechniken, Ursache und Wirkung der Kraft, Hebelarm, Drehmoment",0,9,LZ_70,Sie beschreiben die Ursachen und die Wirkungen der Kraft.,K1,2. Sem.,1
ET,9999 a.02,NQR 5,P,LN 3,BFS,MEM 08 02,Sie planen ihre Arbeit unter Einbezug naturwissenschaftlicher Aspekte und führen sie aus.,LFB_Tg_geh_bas,,,,LZ_77,Sie erklären die Begriffe Hebelarm und Drehmoment.,K3,2. Sem.,1
ET,9999 a.02,NQR 5,P,LN 3,BFS,MEM 08 03,Sie wenden bei der Bearbeitung technischer Problemstellungen mathematische Konzepte an.,LFB_Tg_geh_bas,"SI-Einheiten, Formeln umstellen, Taschenrechner, Ursache und Wirkung von Kräften, Kraftwirkung, Kraftrichtung, Momentengleichung, Drehmoment, Kräfte an Keil",0,9,LZ_78,Sie stellen die Wechselbeziehungen zwischen Hebelarm und Kraft anhand von konkreten Beispielen dar.,K2,2. Sem.,1
ET,9999 a.02,NQR 5,P,LN 3,BFS,MEM 08 03,Sie wenden bei der Bearbeitung technischer Problemstellungen mathematische Konzepte an.,LFB_Tg_geh_bas,,,,LZ_79,Sie wenden die Momentengleichung an Hebelsystemen an und führen eine einfache Berechnung durch.,K3,2. Sem.,1
ET,9999 a.02,NQR 5,P,LN 3,BFS,MEM 08 03,Sie wenden bei der Bearbeitung technischer Problemstellungen mathematische Konzepte an.,LFB_Tg_geh_bas,,,,LZ_71,Sie berechnen die Kraftwirkungen.,K3,2. Sem.,1
ET,9999 a.02,NQR 5,P,LN 3,BFS,MEM 08 03,Sie wenden bei der Bearbeitung technischer Problemstellungen mathematische Konzepte an.,LFB_Tg_geh_bas,,,,LZ_1423,Sie erklären die Prinzipien des Hebelarms und des Drehmoments und wenden diese rechnerisch an.,K2,2. Sem.,1
ET,9999 a.02,NQR 5,P,LN 3,BFS,MEM 08 03,Sie wenden bei der Bearbeitung technischer Problemstellungen mathematische Konzepte an.,LFB_Tg_geh_bas,,,,LZ_9494,Sie berechnen Scherspannungen.,K3,2. Sem.,1
ET,9999 a.01,NQR 4,P,LN 3,BFS,MEM 06 06,Sie interpretieren technische Normen und Richtlinien anwendungsspezifisch.,LFB_Tg_kun_bas,"Sie ordnen physikalischen Grössen genormte Formelsymbole und Einheiten zu. Sie berechnen Aufgaben mit genormten Masseinheiten, Massvorsätzen und Zehnerpotenzen",2,3,LZ_5_1,Sie unterscheiden die physikalische Bedeutung und ordnen Masseinheiten zu.,K4,3. Sem.,1
ET,9999 a.01,NQR 4,P,LN 3,BFS,MEM 06 06,Sie interpretieren technische Normen und Richtlinien anwendungsspezifisch.,LFB_Tg_kun_bas,,,,LZ_6_1,Sie rechnen mit SI-Einheiten und den gängigen Präfixen dieser Masseinheiten.,K3,3. Sem.,1
ET,9999 a.02,NQR 5,P,LN 3,BFS,MEM 08 02,Sie planen ihre Arbeit unter Einbezug naturwissenschaftlicher Aspekte und führen sie aus.,LFB_Tg_kun_bas,"Sie lösen Aufgaben mit Hilfe des Formelbuchs, des Taschenrechners oder vorgegebenen Computeranwendungen.",3,8,LZ_9497,"Sie unterscheiden die Begriffe Arbeit, Energie und Leistung.",K2,3. Sem.,1
ET,9999 a.02,NQR 5,P,LN 3,BFS,MEM 08 02,Sie planen ihre Arbeit unter Einbezug naturwissenschaftlicher Aspekte und führen sie aus.,LFB_Tg_kun_bas,,,,LZ_9498,Sie zählen die verschiedenen Energieformen auf.,K1,3. Sem.,1
ET,9999 a.02,NQR 5,P,LN 3,BFS,MEM 08 02,Sie planen ihre Arbeit unter Einbezug naturwissenschaftlicher Aspekte und führen sie aus.,LFB_Tg_kun_bas,,,,LZ_9499,Sie nennen die Einheiten für die Leistung und für die Energieformen.,K1,3. Sem.,1
ET,9999 a.02,NQR 5,P,LN 3,BFS,MEM 08 02,Sie planen ihre Arbeit unter Einbezug naturwissenschaftlicher Aspekte und führen sie aus.,LFB_Tg_kun_bas,,,,LZ_9502,Sie erklären den Begriff Wirkungsgrad anhand eines praktischen Beispiels.,K2,3. Sem.,1
ET,9999 a.02,NQR 5,P,LN 3,BFS,MEM 08 02,Sie planen ihre Arbeit unter Einbezug naturwissenschaftlicher Aspekte und führen sie aus.,LFB_Tg_kun_bas,,,,LZ_9503,Sie unterscheiden die Begriffe Einzelwirkungsgrad und Gesamtwirkungsgrad.,K2,3. Sem.,1
ET,9999 a.02,NQR 5,P,LN 3,BFS,MEM 08 03,Sie wenden bei der Bearbeitung technischer Problemstellungen mathematische Konzepte an.,LFB_Tg_kun_bas,"Formeln anwenden und wenn nötig umwandeln, Arbeit, Energie, Leistung aus geradlinigen und kreisförmigen Bewegungen, Einzel- und Gesamtwirkungsgrad",4,12,LZ_9500,"Sie berechnen Arbeit, Energie und Leistung bei der geradlinigen Bewegung.",K3,3. Sem.,1
ET,9999 a.02,NQR 5,P,LN 3,BFS,MEM 08 03,Sie wenden bei der Bearbeitung technischer Problemstellungen mathematische Konzepte an.,LFB_Tg_kun_bas,,,,LZ_9501,"Sie berechnen Arbeit, Energie und Leistung bei der kreisförmigen Bewegung.",K3,3. Sem.,1
ET,9999 a.02,NQR 5,P,LN 3,BFS,MEM 08 03,Sie wenden bei der Bearbeitung technischer Problemstellungen mathematische Konzepte an.,LFB_Tg_kun_bas,,,,LZ_9504,Sie berechnen den Einzelwirkungsgrad.,K3,3. Sem.,1
ET,9999 a.02,NQR 5,P,LN 3,BFS,MEM 08 03,Sie wenden bei der Bearbeitung technischer Problemstellungen mathematische Konzepte an.,LFB_Tg_kun_bas,,,,LZ_9505,Sie berechnen den Gesamtwirkungsgrad.,K3,3. Sem.,1
ET,9999 a.03,NQR 4,P,LN 3,BFS,MEM 07 07,Sie visualisieren Daten.,LFB_Tg_kun_bas,Sie stellen den Wirkungsgrad in Abhängigkeit des Drehmomentes anhand von gegebenen oder ermittelten Daten in einem Diagramm dar.,5,7,LZ_35,Sie nehmen Grundeinstellungen im Tabellenkalkulationsprogramm vor.,K3,3. Sem.,1
ET,9999 a.03,NQR 4,P,LN 3,BFS,MEM 07 07,Sie visualisieren Daten.,LFB_Tg_kun_bas,,,,LZ_30,Sie wenden praktisch Mathematikprogramme an.,K3,3. Sem.,1
ET,9999 a.03,NQR 4,P,LN 3,BFS,MEM 07 07,Sie visualisieren Daten.,LFB_Tg_kun_bas,,,,LZ_1131,Sie erstellen eine Wertetabelle und zeichnen das entsprechende Diagramm auf.,K3,3. Sem.,1
ET,9999 a.03,NQR 4,P,LN 3,BFS,MEM 07 07,Sie visualisieren Daten.,LFB_Tg_kun_bas,,,,LZ_1133,Sie fügen Tabellen und Diagramme ein und bearbeiten diese.,K3,3. Sem.,1
ET,9999 a.03,NQR 4,P,LN 3,BFS,MEM 07 07,Sie visualisieren Daten.,LFB_Tg_wär_auf,"Excel, Aggregatszustände, Wärmeenergie, Boyle-Mariotte, allgemeine Gasgleichung",1,10,LZ_35,Sie nehmen Grundeinstellungen im Tabellenkalkulationsprogramm vor.,K3,4. Sem.,1
ET,9999 a.03,NQR 4,P,LN 3,BFS,MEM 07 07,Sie visualisieren Daten.,LFB_Tg_wär_auf,,,,LZ_30,Sie wenden praktisch Mathematikprogramme an.,K3,4. Sem.,1
ET,9999 a.03,NQR 4,P,LN 3,BFS,MEM 07 07,Sie visualisieren Daten.,LFB_Tg_wär_auf,,,,LZ_1131,Sie erstellen eine Wertetabelle und zeichnen das entsprechende Diagramm auf.,K3,4. Sem.,1
ET,9999 a.03,NQR 4,P,LN 3,BFS,MEM 07 07,Sie visualisieren Daten.,LFB_Tg_wär_auf,,,,LZ_1133,Sie fügen Tabellen und Diagramme ein und bearbeiten diese.,K3,4. Sem.,1
ET,9999 a.03,NQR 4,P,LN 3,BFS,MEM 07 07,Sie visualisieren Daten.,LFB_Tg_wär_auf,,,,LZ_9508,Sie stellen Temperatur-Zeit-Diagramme grafisch dar.,K3,4. Sem.,1
ET,9999 a.03,NQR 4,P,LN 3,BFS,MEM 07 07,Sie visualisieren Daten.,LFB_Tg_wär_auf,,,,LZ_9509,"Sie beschreiben den Zusammenhang von Druck, Temperatur und Volumen bei Gasen.",K2,4. Sem.,1
ET,9999 a.03,NQR 4,P,LN 3,BFS,MEM 07 07,Sie visualisieren Daten.,LFB_Tg_wär_auf,,,,LZ_9512,Sie rechnen die Temperaturskalen Celsius und Kelvin um.,K3,4. Sem.,1
ET,9999 a.02,NQR 5,P,LN 3,BFS,MEM 08 03,Sie wenden bei der Bearbeitung technischer Problemstellungen mathematische Konzepte an.,LFB_Tg_wär_bas,"SI-Einheiten, Gleichungen, Formeln umstellen",1,5,LZ_3,Sie schätzen Resultate hinsichtlich ihrer Grössenordnung ab.,K4,4. Sem.,1
ET,9999 a.02,NQR 5,P,LN 3,BFS,MEM 08 03,Sie wenden bei der Bearbeitung technischer Problemstellungen mathematische Konzepte an.,LFB_Tg_wär_bas,,,,LZ_5_2,Sie erklären Grössen und führen Berechnungen durch.,K2,4. Sem.,1
ET,9999 a.02,NQR 5,P,LN 3,BFS,MEM 08 03,Sie wenden bei der Bearbeitung technischer Problemstellungen mathematische Konzepte an.,LFB_Tg_wär_bas,,,,LZ_16_2,Sie lösen lineare Gleichungen algebraisch.,K3,4. Sem.,1
ET,9999 a.02,NQR 5,P,LN 3,BFS,MEM 08 03,Sie wenden bei der Bearbeitung technischer Problemstellungen mathematische Konzepte an.,LFB_Tg_wär_bas,,,,LZ_44,Sie setzen Zahlen mit den entsprechenden Einheiten in vorgegebene Formeln ein und berechnen diese.,K3,4. Sem.,1
ET,9999 a.02,NQR 5,P,LN 3,BFS,MEM 08 03,Sie wenden bei der Bearbeitung technischer Problemstellungen mathematische Konzepte an.,LFB_Tg_wär_bas,,,,LZ_9496,Sie stellen Formeln aus technischen Anwendungen um.,K3,4. Sem.,1
ET,9999 a.01,NQR 4,P,LN 3,BFS,MEM 06 06,Sie interpretieren technische Normen und Richtlinien anwendungsspezifisch.,LFB_Tg_wär_bas,SI-Einheiten,2,3,LZ_5_1,Sie unterscheiden die physikalische Bedeutung und ordnen Masseinheiten zu.,K4,4. Sem.,1
ET,9999 a.01,NQR 4,P,LN 3,BFS,MEM 06 06,Sie interpretieren technische Normen und Richtlinien anwendungsspezifisch.,LFB_Tg_wär_bas,,,,LZ_6_1,Sie rechnen mit SI-Einheiten und den gängigen Präfixen dieser Masseinheiten.,K3,4. Sem.,1
ET,9999 a.03,NQR 4,P,LN 3,BFS,MEM 07 07,Sie visualisieren Daten.,LFB_Tg_wär_bas,"Tabellen, Diagramm und Wertetabellen aufzeichnen und interpretieren, Mathematikprogramme und Tabellenkalkulation (Excel)",7,3,LZ_35,Sie nehmen Grundeinstellungen im Tabellenkalkulationsprogramm vor.,K3,4. Sem.,1
ET,9999 a.03,NQR 4,P,LN 3,BFS,MEM 07 07,Sie visualisieren Daten.,LFB_Tg_wär_bas,,,,LZ_30,Sie wenden praktisch Mathematikprogramme an.,K3,4. Sem.,1
ET,9999 a.03,NQR 4,P,LN 3,BFS,MEM 07 07,Sie visualisieren Daten.,LFB_Tg_wär_bas,,,,LZ_1131,Sie erstellen eine Wertetabelle und zeichnen das entsprechende Diagramm auf.,K3,4. Sem.,1
ET,9999 a.03,NQR 4,P,LN 3,BFS,MEM 07 07,Sie visualisieren Daten.,LFB_Tg_wär_bas,,,,LZ_1133,Sie fügen Tabellen und Diagramme ein und bearbeiten diese.,K3,4. Sem.,1
ET,9999 a.03,NQR 4,P,LN 3,BFS,MEM 07 07,Sie visualisieren Daten.,LFB_Tg_wär_bas,,,,LZ_9514,Sie stellen Temperaturverläufe mittels Diagrammen grafisch dar.,K3,4. Sem.,1
ET,9999 a.02,NQR 5,P,LN 3,BFS,MEM 08 02,Sie planen ihre Arbeit unter Einbezug naturwissenschaftlicher Aspekte und führen sie aus.,LFB_Tg_wär_bas,"SI-Einheiten, Temperatur, Wärmeenergie, Wärmeerzeugung, Wärmeübertragung, Wärmeausdehnung, Einheiten Grad Celsius und Kelvin, Temperaturmessgeräte, Temperatur-Zeit-Diagramm",8,9,LZ_3,Sie schätzen Resultate hinsichtlich ihrer Grössenordnung ab.,K4,4. Sem.,1
ET,9999 a.02,NQR 5,P,LN 3,BFS,MEM 08 02,Sie planen ihre Arbeit unter Einbezug naturwissenschaftlicher Aspekte und führen sie aus.,LFB_Tg_wär_bas,,,,LZ_5_1,Sie unterscheiden die physikalische Bedeutung und ordnen Masseinheiten zu.,K4,4. Sem.,1
ET,9999 a.02,NQR 5,P,LN 3,BFS,MEM 08 02,Sie planen ihre Arbeit unter Einbezug naturwissenschaftlicher Aspekte und führen sie aus.,LFB_Tg_wär_bas,,,,LZ_5_2,Sie erklären Grössen und führen Berechnungen durch.,K2,4. Sem.,1
ET,9999 a.02,NQR 5,P,LN 3,BFS,MEM 08 02,Sie planen ihre Arbeit unter Einbezug naturwissenschaftlicher Aspekte und führen sie aus.,LFB_Tg_wär_bas,,,,LZ_9508,Sie stellen Temperatur-Zeit-Diagramme grafisch dar.,K3,4. Sem.,1
ET,9999 a.02,NQR 5,P,LN 3,BFS,MEM 08 02,Sie planen ihre Arbeit unter Einbezug naturwissenschaftlicher Aspekte und führen sie aus.,LFB_Tg_wär_bas,,,,LZ_9509,"Sie beschreiben den Zusammenhang von Druck, Temperatur und Volumen bei Gasen.",K2,4. Sem.,1
ET,9999 a.02,NQR 5,P,LN 3,BFS,MEM 08 02,Sie planen ihre Arbeit unter Einbezug naturwissenschaftlicher Aspekte und führen sie aus.,LFB_Tg_wär_bas,,,,LZ_9516,Sie beschreiben Temperaturmessgeräte den Anforderungen entsprechend.,K2,4. Sem.,1
ET,9999 a.02,NQR 5,P,LN 3,BFS,MEM 08 02,Sie planen ihre Arbeit unter Einbezug naturwissenschaftlicher Aspekte und führen sie aus.,LFB_Tg_wär_bas,,,,LZ_3442,Sie begründen die Wärmeausdehnung von Körpern.,K6,4. Sem.,1
ET,9999 a.02,NQR 5,P,LN 3,BFS,MEM 08 02,Sie planen ihre Arbeit unter Einbezug naturwissenschaftlicher Aspekte und führen sie aus.,LFB_Tg_wär_bas,,,,LZ_9512,Sie rechnen die Temperaturskalen Celsius und Kelvin um.,K3,4. Sem.,1
ET,9999 a.02,NQR 5,P,LN 3,BFS,MEM 08 02,Sie planen ihre Arbeit unter Einbezug naturwissenschaftlicher Aspekte und führen sie aus.,LFB_Tg_wär_bas,,,,LZ_9517,Sie berechnen die Wärmeausdehnung bei festen und flüssigen Stoffen.,K3,4. Sem.,1
ET,9999 a.02,NQR 5,P,LN 3,BFS,MEM 08 02,Sie planen ihre Arbeit unter Einbezug naturwissenschaftlicher Aspekte und führen sie aus.,LFB_Tg_wär_bas,,,,LZ_9515,Sie zählen verschiedene Temperaturmessgeräte auf.,K1,4. Sem.,1
ET,9999 b.04,NQR 4,P,LN 3,üK,ET b4 15,Sie beheben auf logische und strukturierte Weise Störungen an Schaltungen.,LFB_EL_ST,"Grundlagen Schaltungstechnik aus der BFS, erkennen eines Fehlers auf Grund einer Abweichung vom Sollverhalten, systematisches Einkreisen eines Fehlers in der Schaltung",1,32,LZ_11218,Sie erkennen mögliche Ursachen der Abweichung zwischen Soll und Ist.,K4,3. Sem.,1
ET,9999 b.04,NQR 4,P,LN 3,üK,ET b4 15,Sie beheben auf logische und strukturierte Weise Störungen an Schaltungen.,LFB_EL_ST,,,,LZ_7857,Sie füllen die vorgegebenen Prüfprotokolle aus.,K3,3. Sem.,1
ET,9999 b.04,NQR 4,P,LN 3,üK,ET b4 15,Sie beheben auf logische und strukturierte Weise Störungen an Schaltungen.,LFB_EL_ST,,,,LZ_9169,Sie wählen dem Arbeitsprozess entsprechend geeignete Prüfmittel und Prüfverfahren aus.,K3,3. Sem.,1
ET,9999 b.04,NQR 4,P,LN 3,üK,ET b4 15,Sie beheben auf logische und strukturierte Weise Störungen an Schaltungen.,LFB_EL_ST,,,,LZ_11178,Sie grenzen Fehler mit den gängigen Messmitteln systematisch so weit wie möglich ein und beheben sie.,K4,3. Sem.,1
ET,9999 b.04,NQR 4,P,LN 3,üK,ET b4 15,Sie beheben auf logische und strukturierte Weise Störungen an Schaltungen.,LFB_EL_ST,,,,LZ_11179,"Sie erstellen ein Protokoll, indem sie die Vorgehensweise detailliert beschreiben.",K3,3. Sem.,1
ET,9999 b.04,NQR 4,P,LN 3,üK,ET b4 15,Sie beheben auf logische und strukturierte Weise Störungen an Schaltungen.,LFB_EL_ST,,,,LZ_9703,Sie wenden ESD-Schutzmassahmen im Umgang mit elektronischen Bauelementen und Baugruppen an.,K3,3. Sem.,1
ET,9999 b.01,NQR 4,P,LN 2,üK,ET b1 12,Sie entnehmen aus technischen Datenblättern die relevanten Eigenschaften von Bauteilen.,LFB_EL_SuMA,"Grundlagen Schaltungstechnik aus der Berufsfachschule, Wahl von Komponenten gemäss Anforderung, typische Anwendungen aus Datenblättern lesen",1,4,LZ_9062,Sie suchen aufgrund der Bauteilbezeichnung das vom Hersteller herausgegebene Datenblatt und können damit die grundsätzliche Funktion des Bauteils herleiten.,K4,3. Sem.,1
ET,9999 b.04,NQR 4,P,LN 2,üK,ET b6 08,Sie erstellen für ihre Inbetriebnahme übersichtliche Messschemas.,LFB_EL_SuMA,"Messgeräte und gemessene Grössen in den Messschemas, leserliche Schemas erstellen",2,2,LZ_9379,Sie stellen Schaltpläne mit genormten Symbolen dar.,K3,3. Sem.,1
ET,9999 b.01,NQR 4,P,LN 2,üK,ET b1 13,Sie wenden klassische Grundschaltungen an.,LFB_EL_SuMA,"Grundlagen Schaltungstechnik aus der Berufsfachschule, Analyse von Grundschaltungen und die messtechnische Überprüfung",3,6,LZ_4148,"Sie dimensionieren Grundschaltungen mit Feldeffekttransistor, Bipolartransistor, linearem Spannungsregler und Operationsverstärker.",K3,3. Sem.,1
ET,9999 b.04,NQR 4,P,LN 2,üK,ET b4 11,Sie ermitteln die geeigneten Messgeräte und Hilfsmittel für die durchzuführenden Messungen.,LFB_EL_SuMA,"Messbereiche richtig einschätzen, Messmethode korrekt bestimmen, Messmittel den Anforderungen entsprechend auswählen",4,6,LZ_10095,Sie benennen die Fähigkeiten der einzelnen Messmittel und deren Einsatzgrenzen.,K2,3. Sem.,1
ET,9999 b.04,NQR 4,P,LN 2,üK,ET b4 11,Sie ermitteln die geeigneten Messgeräte und Hilfsmittel für die durchzuführenden Messungen.,LFB_EL_SuMA,,,,LZ_10096,Sie kennen die Grundregeln bei der Auswahl eines Messmittels.,K1,3. Sem.,1
ET,9999 b.04,NQR 4,P,LN 2,üK,ET b4 11,Sie ermitteln die geeigneten Messgeräte und Hilfsmittel für die durchzuführenden Messungen.,LFB_EL_SuMA,,,,LZ_8229,Sie prüfen mit standardisierten Prüfmitteln.,K3,3. Sem.,1
ET,9999 b.04,NQR 4,P,LN 2,üK,ET b4 11,Sie ermitteln die geeigneten Messgeräte und Hilfsmittel für die durchzuführenden Messungen.,LFB_EL_SuMA,,,,LZ_8263,Mit standardisierten Messmitteln führen Sie Messungen und Prüfungen durch.,K3,3. Sem.,1
ET,9999 b.01,NQR 4,P,LN 2,üK,ET b1 11,Sie messen die Eigenschaften der elektronischen Komponenten.,LFB_EL_SuMA,Grundlagen Schaltungstechnik aus der BFS bis und mit OP. Richtiger Einsatz eines Oszilloskops zur Messung von analogen und digitalen Signalen mit Trigger und phasenrichtig,8,8,LZ_144,Sie bauen und überprüfen einfache Schaltungsbeispiele anhand vorgegebener Schemas.,K3,3. Sem.,1
ET,9999 b.01,NQR 4,P,LN 2,üK,ET b1 11,Sie messen die Eigenschaften der elektronischen Komponenten.,LFB_EL_SuMA,,,,LZ_1949,"Sie zeichnen gemischte Schaltungen auf, erklären, berechnen und messen sie aus.",K3,3. Sem.,1
ET,9999 b.01,NQR 4,P,LN 3,üK,ET b1 14,Sie überprüfen die Schaltung mit Messgeräten.,LFB_EL_SuMA,"Grundlagen Schaltungstechnik aus der Berufsfachschule, Analyse von Schaltungen und die messtechnische Überprüfung",9,12,LZ_11219,Sie bestimmen aufgrund eines Schemas den Signalverlauf.,K4,3. Sem.,1
ET,9999 b.01,NQR 4,P,LN 3,üK,ET b1 14,Sie überprüfen die Schaltung mit Messgeräten.,LFB_EL_SuMA,,,,LZ_11220,Sie führen mit geeigneten Messmittel die Messung durch.,K3,3. Sem.,1
ET,9999 b.01,NQR 4,P,LN 3,üK,ET b1 14,Sie überprüfen die Schaltung mit Messgeräten.,LFB_EL_SuMA,,,,LZ_8263,Mit standardisierten Messmitteln führen Sie Messungen und Prüfungen durch.,K3,3. Sem.,1
ET,9999 a.01,NQR 4,P,LN 2,üK,MEM 02 19,Sie interpretieren ausgewählte definierte Prozesse und arbeiten diese korrekt ab.,LFB_EL_SuMA,"Einsatzgebiete von Oszilloskop, Spektrometer und Logikanalyser kennen, Messbereiche",15,1,LZ_9169,Sie wählen dem Arbeitsprozess entsprechend geeignete Prüfmittel und Prüfverfahren aus.,K3,3. Sem.,1
ET,9999 a.03,NQR 4,P,LN 2,üK,MEM 07 02,"Sie erfassen, verarbeiten und visualisieren Daten und stellen diese zur Verfügung.",LFB_EL_SuMA,"Datenerfassung in einer Software und die graphische Darstellung (Bsp. Excel), Datenbanken, Analysetools, Visualisierungstools",17,6,LZ_10016,"Sie bereinigen und transformieren Daten, um diese für Analysen vorzubereiten.",K3,3. Sem.,1
ET,9999 a.03,NQR 4,P,LN 2,üK,MEM 07 02,"Sie erfassen, verarbeiten und visualisieren Daten und stellen diese zur Verfügung.",LFB_EL_SuMA,,,,LZ_10017,Sie erstellen grundlegende und erweiterte Datenvisualisierungen.,K3,3. Sem.,1
ET,9999 a.03,NQR 4,P,LN 2,üK,MEM 07 02,"Sie erfassen, verarbeiten und visualisieren Daten und stellen diese zur Verfügung.",LFB_EL_SuMA,,,,LZ_9291,Sie beurteilen die Vor- und Nachteile von Datenverwaltungssystemen.,K4,3. Sem.,1
ET,9999 a.03,NQR 4,P,LN 2,üK,MEM 07 02,"Sie erfassen, verarbeiten und visualisieren Daten und stellen diese zur Verfügung.",LFB_EL_SuMA,,,,LZ_10015,"Sie erfassen Daten aus verschiedenen Quellen wie SQL-Datenbanken, CSV-Dateien und APIs.",K3,3. Sem.,1
ET,9999 a.03,NQR 4,P,LN 2,üK,MEM 07 16,Sie nutzen vernetzte Systeme bei ihren Tätigkeiten effizient. Sie gestalten ihr Handeln jederzeit optimal und sicher.,LFB_EL_SuMA,"Vernetzung von Geräten zielführend nutzen, Gefahrenbewusstsein bei vernetzten Geräten",18,3,LZ_10074,Sie setzen für ihre Arbeit mögliche vernetze Systeme ein.,K3,3. Sem.,1
ET,9999 a.03,NQR 4,P,LN 2,üK,MEM 07 16,Sie nutzen vernetzte Systeme bei ihren Tätigkeiten effizient. Sie gestalten ihr Handeln jederzeit optimal und sicher.,LFB_EL_SuMA,,,,LZ_9858,"Sie setzen Sicherheitsrichtlinien und -prozesse um, damit ein sicheres Handeln in vernetzten Umgebungen gewährleistet ist.",K3,3. Sem.,1
ET,9999 b.01,NQR 4,P,LN 2,üK,ET b1 12,Sie entnehmen aus technischen Datenblättern die relevanten Eigenschaften von Bauteilen.,LFB_EL_SuMB,"Grundlagen Schaltungstechnik aus der Berufsfachschule, Wahl von passiven Komponenten gemäss Anforderung",1,1,LZ_9062,Sie suchen aufgrund der Bauteilbezeichnung das vom Hersteller herausgegebene Datenblatt und können damit die grundsätzliche Funktion des Bauteils herleiten.,K4,2. Sem.,1
ET,9999 b.04,NQR 4,P,LN 2,üK,ET b6 08,Sie erstellen für ihre Inbetriebnahme übersichtliche Messschemas.,LFB_EL_SuMB,"Messgeräte und gemessen Grössen in den Messschemas, leserliche Schemas erstellen",2,2,LZ_9379,Sie stellen Schaltpläne mit genormten Symbolen dar.,K3,2. Sem.,1
ET,9999 b.01,NQR 4,P,LN 2,üK,ET b1 13,Sie wenden klassische Grundschaltungen an.,LFB_EL_SuMB,"Grundlagen Schaltungstechnik aus der Berufsfachschule, Analyse von Grundschaltungen und die messtechnische Überprüfung",3,4,LZ_11221,Sie dimensionieren Grundschaltungen mit Widerständen und Kondensatoren.,K3,2. Sem.,1
ET,9999 b.04,NQR 4,P,LN 2,üK,ET b4 11,Sie ermitteln die geeigneten Messgeräte und Hilfsmittel für die durchzuführenden Messungen.,LFB_EL_SuMB,"Anwenden eines Multimeters (Messbereich, DC/AC, Diodentester, …); Messbereiche richtig einschätzen, Messmethode korrekt bestimmen, Messmittel den Anforderungen entsprechend auswählen",4,6,LZ_10095,Sie benennen die Fähigkeiten der einzelnen Messmittel und deren Einsatzgrenzen.,K2,2. Sem.,1
ET,9999 b.04,NQR 4,P,LN 2,üK,ET b4 11,Sie ermitteln die geeigneten Messgeräte und Hilfsmittel für die durchzuführenden Messungen.,LFB_EL_SuMB,,,,LZ_10096,Sie kennen die Grundregeln bei der Auswahl eines Messmittels.,K1,2. Sem.,1
ET,9999 b.04,NQR 4,P,LN 1,üK,ET b4 12,Sie erarbeiten anhand von Beispielsituationen die notwendigen Schutzmaßnahmen für Mensch und Gerät.,LFB_EL_SuMB,"Schutzausrüstung Situationsgerecht einsetzen, Spannung, Kurzschluss, Erdung",5,4,LZ_7520,Sie setzen persönliche Schutzausrüstung ein.,K3,2. Sem.,1
ET,9999 b.04,NQR 4,P,LN 1,üK,ET b4 12,Sie erarbeiten anhand von Beispielsituationen die notwendigen Schutzmaßnahmen für Mensch und Gerät.,LFB_EL_SuMB,,,,LZ_7944,Sie treffen Schutzmassnahmen zur Arbeitssicherheit und zum Gesundheitsschutz.,K3,2. Sem.,1
ET,9999 a.03,NQR 4,P,LN 2,üK,ET a3 08,Sie bauen mit einfachen handwerklichen Mitteln Versuchsaufbauten auf.,LFB_EL_SuMB,"Physikalische Gesetze, Pflichtenheft korrekt interpretieren und Anforderung ableiten",7,4,LZ_144,Sie bauen und überprüfen einfache Schaltungsbeispiele anhand vorgegebener Schemas.,K3,2. Sem.,1
ET,9999 a.03,NQR 4,P,LN 2,üK,ET a3 08,Sie bauen mit einfachen handwerklichen Mitteln Versuchsaufbauten auf.,LFB_EL_SuMB,,,,LZ_11222,Sie bauen einen Versuchsaufbau zum Test einer gegebenen Schaltung auf.,K3,2. Sem.,1
ET,9999 b.01,NQR 4,P,LN 2,üK,ET b1 11,Sie messen die Eigenschaften der elektronischen Komponenten.,LFB_EL_SuMB,"Grundlagen Schaltungstechnik aus der BFS bis und mit Wechselstrom, Richtiger Einsatz vom Multimeter zum Messen von Strom, Spannung, Widerstand, Kapazität",8,7,LZ_126,Sie messen und berechnen die Leistungen durch Spannungs- und Strommessungen an praktischen Anwendungen.,K3,2. Sem.,1
ET,9999 b.01,NQR 4,P,LN 2,üK,ET b1 11,Sie messen die Eigenschaften der elektronischen Komponenten.,LFB_EL_SuMB,,,,LZ_1952,"Sie zeichnen, berechnen und vermessen Serien- und Parallelschaltungen.",K3,2. Sem.,1
ET,9999 b.01,NQR 4,P,LN 2,üK,ET b1 11,Sie messen die Eigenschaften der elektronischen Komponenten.,LFB_EL_SuMB,,,,LZ_144,Sie bauen und überprüfen einfache Schaltungsbeispiele anhand vorgegebener Schemas.,K3,2. Sem.,1
ET,9999 b.04,NQR 4,P,LN 2,üK,ET b4 04,"Sie messen Schaltungen und achten darauf, deren ursprünglichen Funktion nicht zu beeinflussen.",LFB_EL_SuMB,"Innenwiderstand eines Messgerätes, Masseschlaufe",10,6,LZ_11220,Sie führen mit geeigneten Messmittel die Messung durch.,K3,2. Sem.,1
ET,9999 b.04,NQR 4,P,LN 2,üK,ET b4 04,"Sie messen Schaltungen und achten darauf, deren ursprünglichen Funktion nicht zu beeinflussen.",LFB_EL_SuMB,,,,LZ_11224,Sie benennen Einflussfaktoren von Messmitteln auf das zu messende Bauteil.,K2,2. Sem.,1
ET,9999 b.04,NQR 4,P,LN 1,üK,ET b4 14,Sie erarbeiten den Inhalt und die Struktur eines Messprotokolls.,LFB_EL_SuMB,Aufbau und zwingende Punkte in einem Messprotokoll,11,8,LZ_9565,Sie erstellen Prüfprotokolle auf Grundlage bestehender Daten.,K3,2. Sem.,1
ET,9999 b.04,NQR 4,P,LN 2,üK,ET b6 04,Sie halten während der Inbetriebnahme alle Schritte gemäss Protokoll in der richtigen Abfolge ein.,LFB_EL_SuMB,Verstehen und anwenden eines Prüfprotokolls,12,2,LZ_7995,Sie handhaben vorgegebene Prüfdokumente und dokumentieren die Prüfergebnisse im Prüfprotokoll.,K3,2. Sem.,1
ET,9999 b.04,NQR 4,P,LN 2,üK,ET b6 05,Sie protokollieren bei Abweichungen vom Sollwert ihre Vermutungen.,LFB_EL_SuMB,"Grundlagen Schaltungstechnik aus der BFS, Ableiten eines möglichen Fehlers aus Theorie und Messung",13,1,LZ_11218,Sie erkennen mögliche Ursachen der Abweichung zwischen Soll und Ist.,K4,2. Sem.,1
ET,9999 a.01,NQR 4,P,LN 2,üK,MEM 02 18,Sie dokumentieren und archivieren ihre Arbeit beispielhaft nachvollziehbar mit festgelegten Hilfsmitteln nach Vorgaben.,LFB_EL_SuMB,"Aufbau und Kriterien für ein gutes Messprotokoll, Messschema",14,1,LZ_7857,Sie füllen die vorgegebenen Prüfprotokolle aus.,K3,2. Sem.,1
ET,9999 a.01,NQR 4,P,LN 2,üK,MEM 02 19,Sie interpretieren ausgewählte definierte Prozesse und arbeiten diese korrekt ab.,LFB_EL_SuMB,"Ablauf einer sicheren Messung, Einsatzgebiete Multimeter, Messbereiche",15,1,LZ_9169,Sie wählen dem Arbeitsprozess entsprechend geeignete Prüfmittel und Prüfverfahren aus.,K3,2. Sem.,1
ET,9999 a.01,NQR 4,P,LN 3,üK,MEM 02 21,Sie gestalten beispielhafte Prozessabläufe und erstellen geeignete Prozessdokumente.,LFB_EL_SuMB,"Prozesse aus dem Betrieb, Ablauf einer sicheren Messung",16,1,LZ_9561,Sie wählen geeignete Prüfmittel und -methoden entsprechend dem Arbeitsprozess.,K3,2. Sem.,1
ET,9999 a.02,NQR 5,P,LN 2,üK,ET a2 07,Sie definieren anhand vorgegebener Lösungsansätze Funktionsblöcke.,LFB_EL_Test,"Grundschaltungen, Schema lesen, denken in Funktionen",1,2,LZ_11226,Sie unterteilen eine gegebene Lösung in sinnvolle kleinere Funktionsblöcke.,K3,3. Sem.,1
ET,9999 a.02,NQR 5,P,LN 2,üK,ET a2 07,Sie definieren anhand vorgegebener Lösungsansätze Funktionsblöcke.,LFB_EL_Test,,,,LZ_11227,Sie benennen die Schnittstellen zwischen Funktionsblöcken.,K1,3. Sem.,1
ET,9999 a.02,NQR 5,P,LN 2,üK,ET a2 08,Sie interpretieren typische Lösungsansätze und setzen diese zu einer Gesamtlösung zusammen.,LFB_EL_Test,"Konzepte von Grundschaltungen, elektronische und elektromechanische Komponenten, Application Notes",2,4,LZ_11228,Sie verknüpfen konzeptionell Einzelfunktionen zu einer Gesamtlösung.,K3,3. Sem.,1
ET,9999 a.02,NQR 5,P,LN 2,üK,ET a2 08,Sie interpretieren typische Lösungsansätze und setzen diese zu einer Gesamtlösung zusammen.,LFB_EL_Test,,,,LZ_11229,Sie erklären das Zusammenspiel von Einzelfunktionen in einer Gesamtlösung.,K2,3. Sem.,1
ET,9999 b.04,NQR 4,P,LN 2,üK,ET b4 10,Sie ermitteln anhand typischer Beispiele die notwendigen Messpunkte.,LFB_EL_Test,"Grundlagen Schaltungstechnik aus der BFS, Ableiten der Messanforderung auf die Schaltung, Kriterien für gute Messpunkte",3,2,LZ_11230,Sie benennen Kriterien für einen guten Messpunkt.,K1,3. Sem.,1
ET,9999 b.04,NQR 4,P,LN 2,üK,ET b4 10,Sie ermitteln anhand typischer Beispiele die notwendigen Messpunkte.,LFB_EL_Test,,,,LZ_11231,Sie bestimmen auf Grund einer Messanforderung aus dem Pflichtenheft Messpunkte auf einer Schaltung.,K3,3. Sem.,1
ET,9999 b.05,NQR 4,P,LN 2,üK,ET b4 11,Sie ermitteln die geeigneten Messgeräte und Hilfsmittel für die durchzuführenden Messungen.,LFB_EL_Test,"Messbereiche richtig einschätzen, Messmethode korrekt bestimmen, Messmittel den Anforderungen entsprechend auswählen",4,2,LZ_10095,Sie benennen die Fähigkeiten der einzelnen Messmittel und deren Einsatzgrenzen.,K2,3. Sem.,1
ET,9999 b.05,NQR 4,P,LN 2,üK,ET b4 11,Sie ermitteln die geeigneten Messgeräte und Hilfsmittel für die durchzuführenden Messungen.,LFB_EL_Test,,,,LZ_10096,Sie kennen die Grundregeln bei der Auswahl eines Messmittels.,K1,3. Sem.,1
ET,9999 b.05,NQR 4,P,LN 3,üK,ET b5 09,Sie entwickeln für ein elektronisches Projekt ein Testkonzept.,LFB_EL_Test,"Kriterien von Prüfpunkten, Strategien für einen effizienten Testablauf",5,4,LZ_11232,Sie benennen die zu prüfenden Grössen auf Grund eines Pflichtenhefts.,K1,3. Sem.,1
ET,9999 b.05,NQR 4,P,LN 3,üK,ET b5 09,Sie entwickeln für ein elektronisches Projekt ein Testkonzept.,LFB_EL_Test,,,,LZ_11233,Sie bestimmen die nötigen Messmittel.,K3,3. Sem.,1
ET,9999 b.05,NQR 4,P,LN 3,üK,ET b5 09,Sie entwickeln für ein elektronisches Projekt ein Testkonzept.,LFB_EL_Test,,,,LZ_11234,Sie definieren den Ablauf der Messungen.,K3,3. Sem.,1
ET,9999 b.05,NQR 4,P,LN 2,üK,ET b5 10,Sie erstellen für ein elektronisches Projekt ein Testprotokoll.,LFB_EL_Test,"Anforderungen und Aufbau eines Testprotokolls, Betriebsspezifische Vorgaben",6,2,LZ_11235,Sie leiten aus dem Prüfkonzept ein Prüfprotokoll zur lückenlosen und nachvollziehbaren Dokumentation der geforderten Funktion ab.,K3,3. Sem.,1
ET,9999 b.05,NQR 4,P,LN 2,üK,ET b5 10,Sie erstellen für ein elektronisches Projekt ein Testprotokoll.,LFB_EL_Test,,,,LZ_9932,Sie erstellen Prüfvorschriften und Bedienungsanleitungen.,K3,3. Sem.,1
ET,9999 a.02,NQR 5,P,LN 2,üK,ET a2 07,Sie definieren anhand vorgegebener Lösungsansätze Funktionsblöcke.,LFB_EL_UCPB,"Denken in Funktionen, strukturiertes Denken",0,5,LZ_11226,Sie unterteilen eine gegebene Lösung in sinnvolle kleinere Funktionsblöcke.,K3,4. Sem.,1
ET,9999 a.02,NQR 5,P,LN 2,üK,ET a2 07,Sie definieren anhand vorgegebener Lösungsansätze Funktionsblöcke.,LFB_EL_UCPB,,,,LZ_11227,Sie benennen die Schnittstellen zwischen Funktionsblöcken.,K1,4. Sem.,1
ET,9999 a.02,NQR 5,P,LN 2,üK,ET a2 08,Sie interpretieren typische Lösungsansätze und setzen diese zu einer Gesamtlösung zusammen.,LFB_EL_UCPB,"Grundkonzepte der angewendeten Programmiersprache, Code-Verständnis",0,2,LZ_11228,Sie verknüpfen konzeptionell Einzelfunktionen zu einer Gesamtlösung.,K3,4. Sem.,1
ET,9999 a.02,NQR 5,P,LN 2,üK,ET a2 08,Sie interpretieren typische Lösungsansätze und setzen diese zu einer Gesamtlösung zusammen.,LFB_EL_UCPB,,,,LZ_11229,Sie erklären das Zusammenspiel von Einzelfunktionen in einer Gesamtlösung.,K2,4. Sem.,1
ET,9999 a.03,NQR 4,P,LN 2,üK,MEM 07 14,Sie setzen ausgewählte Standardapplikationen und industrieübliche Software effektiv und effizient ein.,LFB_EL_UCPB,Kenntnisse in den branchenüblichen Programmen und Entwicklungsumgebungen,0,2,LZ_11240,Sie benennen den Funktionsumfang und Nutzen einer Entwicklungsumgebung.,K1,4. Sem.,1
ET,9999 a.03,NQR 4,P,LN 2,üK,MEM 07 14,Sie setzen ausgewählte Standardapplikationen und industrieübliche Software effektiv und effizient ein.,LFB_EL_UCPB,,,,LZ_11241,Sie entwickeln in einer Entwicklungsumgebung Software für einen Mikrocontroller.,K3,4. Sem.,1
ET,9999 a.03,NQR 4,P,LN 2,üK,MEM 07 14,Sie setzen ausgewählte Standardapplikationen und industrieübliche Software effektiv und effizient ein.,LFB_EL_UCPB,,,,LZ_11242,Sie nutzen Bibliotheken.,K3,4. Sem.,1
ET,9999 a.03,NQR 4,P,LN 2,üK,MEM 07 05,Sie setzen Massnahmen zur Verminderung und Verhinderung von Gefahren bei der Benutzung von digitalen Arbeitsmitteln um.,LFB_EL_UCPB,"Bedeutung und Durchführen von Updates und Aktualisierungen, was ist ein gutes Passwort, SPAM, Social-Engineering",0,2,LZ_9900,Sie erkennen und beschreiben verschiedene Arten von Cyber-Gefahren und Angriffsvektoren.,K1,4. Sem.,1
ET,9999 a.03,NQR 4,P,LN 2,üK,MEM 07 05,Sie setzen Massnahmen zur Verminderung und Verhinderung von Gefahren bei der Benutzung von digitalen Arbeitsmitteln um.,LFB_EL_UCPB,,,,LZ_9904,"Sie implementieren Sicherheitsrichtungen und Protokolle wie regelmässige Updates, starke Passwörter und die Nutzung von Antivirus-Software.",K4,4. Sem.,1
ET,9999 c.01,NQR 4,P,LN 3,üK,ET c1 19,Sie realisieren in den Grundstrukturen eines Mikrocontrollers einfachste Programme.,LFB_EL_UCPB,"Variablentypen, Schleifen, Bedingungen, Funktionen, Kommentare, Funktionen einer Entwicklungsumgebung",0,4,LZ_4276,Sie schreiben einfache Programme (Standardanweisungen).,K3,4. Sem.,1
ET,9999 c.01,NQR 4,P,LN 3,üK,ET c1 19,Sie realisieren in den Grundstrukturen eines Mikrocontrollers einfachste Programme.,LFB_EL_UCPB,,,,LZ_11203,Sie schreiben verständliche und nachvollziehbare Kommentare im Code.,K3,4. Sem.,1
ET,9999 c.01,NQR 4,P,LN 3,üK,ET c1 19,Sie realisieren in den Grundstrukturen eines Mikrocontrollers einfachste Programme.,LFB_EL_UCPB,,,,LZ_11204,Sie nutzen die unterstützenden Funktionen einer Entwicklungsumgebung.,K3,4. Sem.,1
ET,9999 c.01,NQR 4,P,LN 3,üK,ET c1 20,Sie setzen SW-Entwicklungsmethoden in beispielhaften Situationen ein.,LFB_EL_UCPB,"Ablaufdiagramm, Struktogramm",0,40,LZ_9579,Sie nutzen die Grundstruktur einer imperativen Programmiersprache.,K3,4. Sem.,1
ET,9999 c.01,NQR 4,P,LN 3,üK,ET c1 20,Sie setzen SW-Entwicklungsmethoden in beispielhaften Situationen ein.,LFB_EL_UCPB,,,,LZ_9610_1,Sie zählen die verschiedenen Elemente eines Flussdiagramms auf.,K1,4. Sem.,1
ET,9999 c.01,NQR 4,P,LN 3,üK,ET c1 20,Sie setzen SW-Entwicklungsmethoden in beispielhaften Situationen ein.,LFB_EL_UCPB,,,,LZ_11211,Sie konzipieren einfache Programme grafisch.,K3,4. Sem.,1
ET,9999 c.01,NQR 4,P,LN 2,üK,ET c1 21,Sie erstellen eine Hardwarestruktur inklusive der nötigen Schnittstellen und stellen diese graphisch dar.,LFB_EL_UCPB,"Übersicht über verfügbare Schnittstellen an einem Mikrocontroller, Darstellungsarten",0,7,LZ_11246,Sie benennen typische Schnittstellen an einem Mikrocontroller.,K1,4. Sem.,1
ET,9999 c.01,NQR 4,P,LN 2,üK,ET c1 21,Sie erstellen eine Hardwarestruktur inklusive der nötigen Schnittstellen und stellen diese graphisch dar.,LFB_EL_UCPB,,,,LZ_11247,Sie weisen der geforderten Funktion entsprechend die korrekten I/Os zu.,K3,4. Sem.,1
ET,9999 c.01,NQR 4,P,LN 2,üK,ET c1 21,Sie erstellen eine Hardwarestruktur inklusive der nötigen Schnittstellen und stellen diese graphisch dar.,LFB_EL_UCPB,,,,LZ_11248,Sie vergeben den I/Os aussagekräftige Namen zur Verwendung in der Software.,K3,4. Sem.,1
ET,9999 c.01,NQR 4,P,LN 2,üK,ET c1 25,Sie finden und beheben mit Hilfe der Entwicklungsumgebung Fehler in der Software.,LFB_EL_UCPB,"Funktionen eines Compilers, Verständnis der Warn- und Fehlermeldungen",0,8,LZ_9782,Sie setzen den Compiler zur Fehlersuche ein.,K3,4. Sem.,1
ET,9999 c.01,NQR 4,P,LN 2,üK,ET c1 25,Sie finden und beheben mit Hilfe der Entwicklungsumgebung Fehler in der Software.,LFB_EL_UCPB,,,,LZ_11249,Sie erklären die Fehlermeldungen eines Compilers und kennen die Ursachen der Fehlermeldungen.,K2,4. Sem.,1
ET,9999 c.01,NQR 4,P,LN 2,üK,ET c1 26,Sie finden und beheben mittels einer Debugschnittstelle Fehler in der Software.,LFB_EL_UCPB,"Funktionen des Debuggers, Breakpoint, Variablen einsehen",0,8,LZ_9783,Sie setzen den Debugger zur Fehlersuche ein.,K3,4. Sem.,1
ET,9999 c.01,NQR 4,P,LN 2,üK,ET c1 26,Sie finden und beheben mittels einer Debugschnittstelle Fehler in der Software.,LFB_EL_UCPB,,,,LZ_11250,Sie benennen verschiedene Arten von Debuggern.,K1,4. Sem.,1
ET,9999 c.01,NQR 4,P,LN 2,üK,ET c1 26,Sie finden und beheben mittels einer Debugschnittstelle Fehler in der Software.,LFB_EL_UCPB,,,,LZ_11251,Sie erklären die Grundfunktionen eines Debuggers.,K2,4. Sem.,1
ET,9999 c.01,NQR 4,P,LN 2,üK,ET c1 27,Sie steuern mit Software-Beispielen im Mikrocontroller integrierte Hardware an.,LFB_EL_UCPB,"Einbinden von Bibliotheken, Parametrieren von I/Os, ADC/DAC, Timer und Schnittstellen",0,8,LZ_9573,"Sie konsultieren die Dokumentation des Mikrocontrollers und der Peripheriegeräte, um technische Daten zu identifizieren.",K2,4. Sem.,1
ET,9999 c.01,NQR 4,P,LN 2,üK,ET c1 27,Sie steuern mit Software-Beispielen im Mikrocontroller integrierte Hardware an.,LFB_EL_UCPB,,,,LZ_9572,"Sie programmieren Anwendungen, indem sie Bibliotheken verwenden, ändern oder erstellen.",K5,4. Sem.,1
ET,9999 c.02,NQR 4,P,LN 2,üK,ET c2 04,Sie führen die Tests durch.,LFB_EL_UCPB,Durchführen eines manuellen SW-Tests,0,4,LZ_9584,Sie validieren die ordnungsgemässe Funktion der auf die Geräte geladenen Programme.,K3,4. Sem.,1
ET,9999 c.02,NQR 4,P,LN 2,üK,ET c2 04,Sie führen die Tests durch.,LFB_EL_UCPB,,,,LZ_11202,Sie führen ein Prüfprotokoll aus und dokumentieren die Resultate korrekt.,K3,4. Sem.,1
ET,9999 c.02,NQR 4,P,LN 2,üK,ET c2 05,Sie dokumentieren die Testresultate.,LFB_EL_UCPB,"Verständnis eines Testprotokolls, Informationsfluss ist bekannt ",0,4,LZ_9104,"Sie erstellen Berichte über die Testergebnisse und kommunizieren diese regelmässig an alle relevanten Stakeholder, um sicherzustellen, dass alle Beteiligten über den Fortschritt und die Ergebnisse informiert sind.",K3,4. Sem.,1
ET,9999 c.02,NQR 4,P,LN 3,üK,ET c2 15,Sie analysieren die Testresultate und machen Aussagen zu deren Qualität.,LFB_EL_UCPB,"Ableiten von Massnahmen, Beurteilen der Qualität der Messung",0,2,LZ_9105,Sie schlagen basierend auf den Testergebnissen gezielte Verbesserungen vor.,K5,4. Sem.,1
ET,9999 c.01,NQR 4,P,LN 2,üK,ET c1 22,Sie setzen ein System für die Versionsverwaltung in der Software-Entwicklung ein.,LFB_EL_UCPV,"Arten und Nutzen von Versionsverwaltung-Tools, Grundfunktionen, Integration in die Entwicklungsumgebung",0,4,LZ_9582,Sie verwenden eine kollaborative Versionverwaltungssoftware wie GitHub.,K3,4. Sem.,1
ET,9999 c.01,NQR 4,P,LN 2,üK,ET c1 22,Sie setzen ein System für die Versionsverwaltung in der Software-Entwicklung ein.,LFB_EL_UCPV,,,,LZ_9583,"Sie führen Versionshistorien, insbesondere bei kollaborativer Entwicklungsarbeit.",K3,4. Sem.,1
ET,9999 c.01,NQR 4,P,LN 2,üK,ET c1 23,Sie realisieren Projekte mit verschiedenen Energiesparoptionen für den Mikrocontroller und die umliegende Hardware.,LFB_EL_UCPV,"Einflussfaktoren zur Verbesserung der Energieeffizienz, Konfiguration von Hardware",0,4,LZ_9573,"Sie konsultieren die Dokumentation des Mikrocontrollers und der Peripheriegeräte, um technische Daten zu identifizieren.",K2,4. Sem.,1
ET,9999 c.01,NQR 4,P,LN 2,üK,ET c1 23,Sie realisieren Projekte mit verschiedenen Energiesparoptionen für den Mikrocontroller und die umliegende Hardware.,LFB_EL_UCPV,,,,LZ_9132,Sie beschreiben und planen die Anwendungsgebiete und den Nutzen von Technologien zur Energieeffizienz in industriellen Anwendungen.,K4,4. Sem.,1
ET,9999 c.01,NQR 4,P,LN 2,üK,ET c1 23,Sie realisieren Projekte mit verschiedenen Energiesparoptionen für den Mikrocontroller und die umliegende Hardware.,LFB_EL_UCPV,,,,LZ_9246,Sie zählen mögliche Strategien der Energieversorgungssicherheit auf.,K1,4. Sem.,1
ET,9999 c.01,NQR 4,P,LN 3,üK,ET c1 24,Sie erstellen basierend auf vorhandenen Frameworks eigene Programme.,LFB_EL_UCPV,"Nutzen und Umgang mit Frameworks, Arten von Frameworks",0,10,LZ_9581,Sie programmieren komplexe Prozesse mithilfe eines Zustandsautomaten.,K4,4. Sem.,1
ET,9999 c.01,NQR 4,P,LN 3,üK,ET c1 24,Sie erstellen basierend auf vorhandenen Frameworks eigene Programme.,LFB_EL_UCPV,,,,LZ_11241,Sie entwickeln in einer Entwicklungsumgebung Software für einen Mikrocontroller.,K3,4. Sem.,1
ET,9999 c.01,NQR 4,P,LN 3,üK,ET c1 24,Sie erstellen basierend auf vorhandenen Frameworks eigene Programme.,LFB_EL_UCPV,,,,LZ_11204,Sie nutzen die unterstützenden Funktionen einer Entwicklungsumgebung.,K3,4. Sem.,1
ET,9999 c.01,NQR 4,P,LN 2,üK,ET c1 28,Sie kommunizieren über im Mikrocontroller integrierten Schnittstellen mit externer Hardware.,LFB_EL_UCPV,"Arten und Nutzen von Schnittstellen, Libraries",0,8,LZ_9573,"Sie konsultieren die Dokumentation des Mikrocontrollers und der Peripheriegeräte, um technische Daten zu identifizieren.",K2,4. Sem.,1
ET,9999 c.01,NQR 4,P,LN 2,üK,ET c1 28,Sie kommunizieren über im Mikrocontroller integrierten Schnittstellen mit externer Hardware.,LFB_EL_UCPV,,,,LZ_11255,Sie nutzen Bibliotheken zur Ansteuerung einer externen Hardware.,K3,4. Sem.,1
ET,9999 c.01,NQR 4,P,LN 1,üK,ET c1 29,Sie nutzen mit Software Beispielen Interrupts.,LFB_EL_UCPV,"Funktion und Nutzen von Interrupts, Einbinden von Interrupts in Code",0,8,LZ_9573,"Sie konsultieren die Dokumentation des Mikrocontrollers und der Peripheriegeräte, um technische Daten zu identifizieren.",K2,4. Sem.,1
ET,9999 c.01,NQR 4,P,LN 1,üK,ET c1 29,Sie nutzen mit Software Beispielen Interrupts.,LFB_EL_UCPV,,,,LZ_9571,Sie verwenden Interrupts.,K4,4. Sem.,1
ET,9999 c.01,NQR 4,P,LN 1,üK,ET c1 29,Sie nutzen mit Software Beispielen Interrupts.,LFB_EL_UCPV,,,,LZ_11256,Sie lösen eine Problemstellung mit und ohne Interrupts.,K3,4. Sem.,1
ET,9999 c.01,NQR 4,P,LN 2,üK,ET c1 30,Sie variieren Compiler-Optionen in Bezug auf Energieoptimierung und Performance.,LFB_EL_UCPV,"Energiesparpotential durch Nutzung von Compiler Optionen, Compiler-Optionen",0,6,LZ_11199,Sie benennen Einflussgrössen des Compilers auf den Energieverbrauch.,K1,4. Sem.,1
ET,9999 c.01,NQR 4,P,LN 2,üK,ET c1 30,Sie variieren Compiler-Optionen in Bezug auf Energieoptimierung und Performance.,LFB_EL_UCPV,,,,LZ_11200,Sie messen die Reduktion des Energiebedarfs einer gegebenen Anwendung durch die Nutzung von Compileroptionen.,K3,4. Sem.,1
ET,9999 c.02,NQR 4,P,LN 3,üK,ET c2 12,Sie definieren Prüfkriterien für beispielhafte Aufgabenstellungen.,LFB_EL_UCPV,"Prüffälle definieren, manuelles Testen",0,8,LZ_9101,"Sie analysieren das Lastenheft, um spezifische Prüfkriterien und Testanforderungen zu identifizieren und dokumentieren diese Kriterien.",K4,4. Sem.,1
ET,9999 c.02,NQR 4,P,LN 3,üK,ET c2 12,Sie definieren Prüfkriterien für beispielhafte Aufgabenstellungen.,LFB_EL_UCPV,,,,LZ_11201,Sie erstellen Prüffälle für einen Code anhand des Pflichtenheftes.,K3,4. Sem.,1
ET,9999 b.03,NQR 3,P,LN 1,üK,MEM 11 03,Sie setzen die Vorgaben zur Arbeitssicherheit in ihrer Arbeit um und stellen die Einhaltung in ihrem Umfeld sicher.,LFB_El_LBA,Anforderung im Arbeitsumfeld,1,4,LZ_7520,Sie setzen persönliche Schutzausrüstung ein.,K3,1. Sem.,1
ET,9999 b.03,NQR 3,P,LN 1,üK,MEM 11 03,Sie setzen die Vorgaben zur Arbeitssicherheit in ihrer Arbeit um und stellen die Einhaltung in ihrem Umfeld sicher.,LFB_El_LBA,,,,LZ_1064,Sie beschreiben und halten die betriebsspezifischen Vorschriften des Personen- und Sachschutzes ein.,K2,1. Sem.,1
ET,9999 b.03,NQR 3,P,LN 1,üK,MEM 11 03,Sie setzen die Vorgaben zur Arbeitssicherheit in ihrer Arbeit um und stellen die Einhaltung in ihrem Umfeld sicher.,LFB_El_LBA,,,,LZ_7944,Sie treffen Schutzmassnahmen zur Arbeitssicherheit und zum Gesundheitsschutz.,K3,1. Sem.,1
ET,9999 a.01,NQR 4,P,LN 1,üK,MEM 06 02,Sie setzen technische Normen und Richtlinien im Handeln anwendungsspezifisch um.,LFB_El_LBA,"Vorschriften, Richtlinien",2,2,LZ_9165,Sie zählen in ihrem Arbeitsumfeld die verschiedenen Qualitätsstandards auf.,K1,1. Sem.,1
ET,9999 a.01,NQR 4,P,LN 2,üK,MEM 06 01,Sie setzen technische Normen und Richtlinien in der Planung anwendungsspezifisch ein.,LFB_El_LBA,IPERKA,3,2,LZ_9166,Sie ordnen Tätigkeiten in ihrem Arbeitsumfeld den verschiedenen Qualitätsstandards zu und begründen dies.,K3,1. Sem.,1
ET,9999 a.01,NQR 4,P,LN 2,üK,MEM 06 01,Sie setzen technische Normen und Richtlinien in der Planung anwendungsspezifisch ein.,LFB_El_LBA,,,,LZ_9302,Sie setzen geeignete Planungsinstrumente ein.,K3,1. Sem.,1
ET,9999 b.03,NQR 3,P,LN 2,üK,ET b3 17,"Sie interpretieren Fertigungsunterlagen wie Zeichnungen, Stücklisten und Zusammenstellungszeichnungen.",LFB_El_LBA,Unterscheiden und Verwendungszweck von Fertigungsunterlagen,4,8,LZ_9711,Sie interpretieren Fertigungsunterlagen wie Bestückungspläne und Stücklisten.,K2,1. Sem.,1
ET,9999 b.03,NQR 3,P,LN 2,üK,ET b3 17,"Sie interpretieren Fertigungsunterlagen wie Zeichnungen, Stücklisten und Zusammenstellungszeichnungen.",LFB_El_LBA,,,,LZ_1070,Sie lesen und interpretieren Projektdokumentationen.,K3,1. Sem.,1
ET,9999 b.03,NQR 3,P,LN 2,üK,ET b3 01,Sie stellen gemäss Fertigungsunterlagen das Material bereit.,LFB_El_LBA,Fertigungsdokumente,5,2,LZ_7891,"Sie bereiten und rüsten Bauteile und Elemente, Werkzeuge und Hilfsmittel, basierend auf Fertigungsunterlagen wie Aufträgen, Zusammenstellungszeichnungen und Stücklisten.",K3,1. Sem.,1
ET,9999 b.03,NQR 3,P,LN 1,üK,MEM 05 13,"Sie bewirtschaften auftragsbezogene Materialien, Ersatzteile, Waren oder Dienstleistungen und stellen diese bereit.",LFB_El_LBA,ESD-Verpackungsmaterial bzw. Lager- und Transportbehältnisse,6,2,LZ_9908,"Sie bewirtschaften Materialien wie Bausätze, Baugruppen, Ersatzteile und stellen diese bereit.",K3,1. Sem.,1
ET,9999 b.03,NQR 3,P,LN 1,üK,ET b3 02,Sie kontrollieren das bereitgestellte Material.,LFB_El_LBA,Bauteilkennzeichnungen,7,2,LZ_9003,Sie interpretieren vorgegebene Arbeitsaufträge und Vorgaben.,K2,1. Sem.,1
ET,9999 b.03,NQR 3,P,LN 1,üK,ET b3 02,Sie kontrollieren das bereitgestellte Material.,LFB_El_LBA,,,,LZ_9167,Sie definieren die notwendigen Qualitätsnormen aus einer vorgegebenen Aufgabenstellung.,K2,1. Sem.,1
ET,9999 b.03,NQR 3,P,LN 2,üK,ET b3 21,Sie bestücken und löten beispielhafte Leiterplatten mit verschiedensten Bauarten von Bauteilen.,LFB_El_LBA,"Löten von Bauteilen in THT und SMD; Wahl von Lötzinn, Lötspitze oder Temperatur; Qualitätsmerkmale einer Lötstelle",8,15,LZ_9703,Sie wenden ESD-Schutzmassahmen im Umgang mit elektronischen Bauelementen und Baugruppen an.,K3,1. Sem.,1
ET,9999 b.03,NQR 3,P,LN 2,üK,ET b3 21,Sie bestücken und löten beispielhafte Leiterplatten mit verschiedensten Bauarten von Bauteilen.,LFB_El_LBA,,,,LZ_9950,Sie identifizieren gängige THT- und SMD-Bauelemente und kennen deren Einbaurichtlinien (z.Bsp.: Polung).,K2,1. Sem.,1
ET,9999 b.03,NQR 3,P,LN 2,üK,ET b3 21,Sie bestücken und löten beispielhafte Leiterplatten mit verschiedensten Bauarten von Bauteilen.,LFB_El_LBA,,,,LZ_9954,Sie reinigen die Leiterplatte nach erfolgreichem Lötprozess.,K3,1. Sem.,1
ET,9999 b.03,NQR 3,P,LN 2,üK,ET b3 21,Sie bestücken und löten beispielhafte Leiterplatten mit verschiedensten Bauarten von Bauteilen.,LFB_El_LBA,,,,LZ_9934,Sie bestücken Bauelemente unter Berücksichtigung der Montageanleitung (Befestigung / Distanzierung).,K3,1. Sem.,1
ET,9999 b.03,NQR 3,P,LN 2,üK,ET b3 21,Sie bestücken und löten beispielhafte Leiterplatten mit verschiedensten Bauarten von Bauteilen.,LFB_El_LBA,,,,LZ_8042,Sie bereiten Bauelemente vor und konfektionieren diese.,K3,1. Sem.,1
ET,9999 b.03,NQR 3,P,LN 2,üK,ET b3 21,Sie bestücken und löten beispielhafte Leiterplatten mit verschiedensten Bauarten von Bauteilen.,LFB_El_LBA,,,,LZ_9085,"Sie achten darauf, dass bei allen Bauteilen der Wert, die Toleranz und gegebenenfalls die genaue Typenbezeichnung ersichtlich ist.",K2,1. Sem.,1
ET,9999 b.03,NQR 3,P,LN 2,üK,ET b3 21,Sie bestücken und löten beispielhafte Leiterplatten mit verschiedensten Bauarten von Bauteilen.,LFB_El_LBA,,,,LZ_9055,Sie benennen die gängigsten THT- und SMD-Footprints.,K1,1. Sem.,1
ET,9999 b.03,NQR 3,P,LN 2,üK,ET b3 21,Sie bestücken und löten beispielhafte Leiterplatten mit verschiedensten Bauarten von Bauteilen.,LFB_El_LBA,,,,LZ_7916,Sie führen fachgerechte Reparaturarbeiten unter Anleitung aus.,K3,1. Sem.,1
ET,9999 b.03,NQR 3,P,LN 2,üK,ET b3 21,Sie bestücken und löten beispielhafte Leiterplatten mit verschiedensten Bauarten von Bauteilen.,LFB_El_LBA,,,,LZ_7995,Sie handhaben vorgegebene Prüfdokumente und dokumentieren die Prüfergebnisse im Prüfprotokoll.,K3,1. Sem.,1
ET,9999 b.03,NQR 3,P,LN 2,üK,ET b3 21,Sie bestücken und löten beispielhafte Leiterplatten mit verschiedensten Bauarten von Bauteilen.,LFB_El_LBA,,,,LZ_9955,Sie beurteilen ihre Lötstellen nach den gültigen Normen (IPC-Norm) und definieren gegebenenfalls den Optimierungsprozess bzw. arbeiten diese nach.,K3,1. Sem.,1
ET,9999 b.03,NQR 3,P,LN 2,üK,ET b3 20,Sie stellen Kabel mit unterschiedlichen Steckertypen her.,LFB_El_LBA,Verbindungselemente,9,8,LZ_7883,"Sie unterscheiden elektrische Leiter wie Drähte, Litzen und Kabel.",K4,1. Sem.,1
ET,9999 b.03,NQR 3,P,LN 2,üK,ET b3 20,Sie stellen Kabel mit unterschiedlichen Steckertypen her.,LFB_El_LBA,,,,LZ_7962,Sie benennen Schneid- und Abisolierwerkzeuge und zählen deren Verwendung auf.,K1,1. Sem.,1
ET,9999 b.03,NQR 3,P,LN 2,üK,ET b3 20,Sie stellen Kabel mit unterschiedlichen Steckertypen her.,LFB_El_LBA,,,,LZ_7963,Sie beschreiben und unterscheiden Crimp- und Presswerkzeuge entsprechend den Kabelschuhen und Hülsen.,K2,1. Sem.,1
ET,9999 b.03,NQR 3,P,LN 2,üK,ET b3 20,Sie stellen Kabel mit unterschiedlichen Steckertypen her.,LFB_El_LBA,,,,LZ_7978,"Sie unterscheiden zwischen verschiedenen Arten von Leitern wie nacktem Draht, lackisoliertem Draht, kunststoffisoliertem Draht und Litzen.",K4,1. Sem.,1
ET,9999 b.03,NQR 3,P,LN 2,üK,ET b3 20,Sie stellen Kabel mit unterschiedlichen Steckertypen her.,LFB_El_LBA,,,,LZ_7979,Sie lesen und interpretieren einfache Fertigungsunterlagen für die Kabelkonfektion.,K5,1. Sem.,1
ET,9999 b.03,NQR 3,P,LN 2,üK,ET b3 20,Sie stellen Kabel mit unterschiedlichen Steckertypen her.,LFB_El_LBA,,,,LZ_7980,"Sie unterscheiden, setzen ein und prüfen die gebräuchlichsten Verbindungen wie Löt-, Schraub-, Crimp-, Press-, Schneid- und Klemmverbindungen.",K4,1. Sem.,1
ET,9999 b.03,NQR 3,P,LN 2,üK,ET b3 24,Sie setzen verschiedene mechanische Verbindungstechnologien ein.,LFB_El_LBA,Normen (zum Beispiel Schutzleiteranschluss),10,4,LZ_9888,"Sie stellen elektrische Verbindung wie Schraub-, Crimp-, Löt-, Federzug-, Schneid-Klemm-Verbindungen her und stellen die einwandfreie Funktion sicher.",K3,1. Sem.,1
ET,9999 b.03,NQR 3,P,LN 2,üK,ET b3 25,"Sie bewerten optisch nach vorgegebenen Kriterien Lötstellen, Bestückungen und Verbindungen.",LFB_El_LBA,Norm (IPC),11,4,LZ_464,Sie führen die Sichtprüfung durch.,K3,1. Sem.,1
ET,9999 d.02,NQR 3,P,LN 2,üK,MEM 04 08,"Sie setzen bei der Arbeitsausführung die Vorgaben der Arbeitsprozesse, der Branchennormen und geforderten Qualitätsvorgaben um.",LFB_El_LBA,Absolute Nachvollziehbarkeit,12,1,LZ_8263,Mit standardisierten Messmitteln führen Sie Messungen und Prüfungen durch.,K3,1. Sem.,1
ET,9999 d.02,NQR 3,P,LN 2,üK,MEM 04 08,"Sie setzen bei der Arbeitsausführung die Vorgaben der Arbeitsprozesse, der Branchennormen und geforderten Qualitätsvorgaben um.",LFB_El_LBA,,,,LZ_9167,Sie definieren die notwendigen Qualitätsnormen aus einer vorgegebenen Aufgabenstellung.,K2,1. Sem.,1
ET,9999 d.02,NQR 3,P,LN 2,üK,MEM 04 08,"Sie setzen bei der Arbeitsausführung die Vorgaben der Arbeitsprozesse, der Branchennormen und geforderten Qualitätsvorgaben um.",LFB_El_LBA,,,,LZ_9561,Sie wählen geeignete Prüfmittel und -methoden entsprechend dem Arbeitsprozess.,K3,1. Sem.,1
ET,9999 b.03,NQR 3,P,LN 2,üK,ET b3 08,Sie korrigieren fehlende oder falsche Angaben in den Unterlagen.,LFB_El_LBA,"Bauteilsymbole, Norm",13,4,LZ_9711,Sie interpretieren Fertigungsunterlagen wie Bestückungspläne und Stücklisten.,K2,1. Sem.,1
ET,9999 b.03,NQR 3,P,LN 2,üK,ET b3 08,Sie korrigieren fehlende oder falsche Angaben in den Unterlagen.,LFB_El_LBA,,,,LZ_9808,"Sie ergänzen oder korrigieren Angaben in technischen Unterlagen wie Schema, Bestückungsplan, Stücklisten, Dimensionierungen, Schaltungsanalyen, Prüfanweisungen und Prüfprotokollen.",K3,1. Sem.,1
ET,9999 b.03,NQR 3,P,LN 2,üK,ET b3 08,Sie korrigieren fehlende oder falsche Angaben in den Unterlagen.,LFB_El_LBA,,,,LZ_882,Sie interpretieren Bauteilzeichnungen in Datenblättern.,K3,1. Sem.,1
ET,9999 b.03,NQR 3,P,LN 2,üK,ET b3 22,Sie modifizieren Leiterplatten.,LFB_El_LBA,"Norm (IPC), Dokumentation",14,8,LZ_9861,"Sie modifizieren Leiterplatten nach Vorgaben, führen diese fachgerecht durch, prüfen deren Korrektheit und führen alle technische Dokumente nach.",K3,1. Sem.,1
ET,9999 b.03,NQR 3,P,LN 2,üK,ET b3 22,Sie modifizieren Leiterplatten.,LFB_El_LBA,,,,LZ_9070,"Sie können erklären, wie mechanische Belastungen Leiterplatten und Baugruppen beschädigen können.",K2,1. Sem.,1
ET,9999 a.01,NQR 4,P,LN 1,üK,MEM 06 03,Sie setzen Informationen aus Normen und Richtlinien in technischen Dokumentationen um.,LFB_El_LBA,"Bauteilsymbole, Dokumentationsrichtlinien",15,2,LZ_9807,"Sie entwerfen oder ändern technische Dokumente, wie Schema, Bestückungslisten, Zeichnungen, Prüfanweisungen usw. normgerecht und ihrem betrieblichen Corporate Design.",K3,1. Sem.,1
ET,9999 a.01,NQR 4,P,LN 1,üK,MEM 06 03,Sie setzen Informationen aus Normen und Richtlinien in technischen Dokumentationen um.,LFB_El_LBA,,,,LZ_901,Sie interpretieren die im Beruf gebräuchlichen Symbole und wenden diese korrekt an.,K5,1. Sem.,1
ET,9999 b.03,NQR 3,P,LN 1,üK,MEM 11 05 1-2,Sie halten im eigenen Arbeitsumfeld die gesetzlichen Vorschriften und betrieblichen Vorgaben zum Schutz der Umwelt ein.,LFB_El_LBA,"Entsorgungssystem, Klassifizierung Reststoffe",16,1,LZ_9767,Sie setzen die gesetzlichen und betrieblichen Vorgaben im Rahmen des Umweltschutzes um.,K3,1. Sem.,1
ET,9999 b.03,NQR 3,P,LN 1,üK,MEM 11 05 1-2,Sie halten im eigenen Arbeitsumfeld die gesetzlichen Vorschriften und betrieblichen Vorgaben zum Schutz der Umwelt ein.,LFB_El_LBA,,,,LZ_222,"Sie wenden Werkstoffe fach- und umweltgerecht an, sowie kümmern sich um deren fachgemässe Entsorgung.",K3,1. Sem.,1
ET,9999 b.03,NQR 3,P,LN 1,üK,MEM 11 05 1-2,Sie halten im eigenen Arbeitsumfeld die gesetzlichen Vorschriften und betrieblichen Vorgaben zum Schutz der Umwelt ein.,LFB_El_LBA,,,,LZ_9175,Sie vermeiden durch fachgerechtes Entsorgen eine Belastung der Umwelt durch Emissionen und Abfälle.,K3,1. Sem.,1
ET,9999 b.03,NQR 3,P,LN 1,üK,MEM 11 05 1-2,Sie halten im eigenen Arbeitsumfeld die gesetzlichen Vorschriften und betrieblichen Vorgaben zum Schutz der Umwelt ein.,LFB_El_LBA,,,,LZ_9528,Sie sortieren anfallende Hilfsstoffe umweltgerecht und entsorgen diese.,K3,1. Sem.,1
ET,9999 b.03,NQR 3,P,LN 1,üK,MEM 11 05 1-2,Sie halten im eigenen Arbeitsumfeld die gesetzlichen Vorschriften und betrieblichen Vorgaben zum Schutz der Umwelt ein.,LFB_El_LBA,,,,LZ_9536,Sie beurteilen unterschiedliche Reststoffe gemäss ihrer Umweltverträglichkeit.,K2,1. Sem.,1
ET,9999 b.03,NQR 3,P,LN 1,üK,MEM 11 05 1-2,Sie halten im eigenen Arbeitsumfeld die gesetzlichen Vorschriften und betrieblichen Vorgaben zum Schutz der Umwelt ein.,LFB_El_LBA,,,,LZ_9537,Sie sortieren und entsorgen anfallende Reststoffe umweltgerecht.,K3,1. Sem.,1
ET,9999 b.03,NQR 3,P,LN 3,üK,MEM 11 04,Sie dokumentieren die Einhaltung von Arbeitssicherheit und Umweltschutz nach betrieblichen Vorgaben.,LFB_El_LBA,"Prozessvorgaben, Prüfintervalle",17,2,LZ_9953,"Sie dokumentieren betriebliche Vorgaben wie Sicherheitseinweisungen, ESD-Wiederholprüfungen, Arbeitsplatzüberprüfungen (FI).",K3,1. Sem.,1
ET,9999 b.03,NQR 3,P,LN 2,üK,MEM 11 05 2-2,Sie dokumentieren deren Einhaltung nach betrieblichen Vorgaben.,LFB_El_LBA,Prozessabläufe,18,1,LZ_9768,Sie dokumentieren nach gesetzlichen Vorschriften und betrieblichen Vorgaben die Einhaltung von Massnahmen des Umweltschutzes.,K3,1. Sem.,1
ET,9999 b.03,NQR 3,P,LN 1,üK,MEM 05 02,"Sie wählen die für ihre Arbeit benötigen Materialen, Hilfsstoffe und Arbeitsmittel aus und stellen diese bereit.",LFB_El_LBB,"Hilfsmittel (Lötzinn, Flussmittelarten), Werkzeuge (Rüstwerkzeuge/Bestückungshilfen)",1,4,LZ_7964,"Sie benennen Werkzeuge und Hilfsmittel, die für die Montage von Baugruppen benötigt werden.",K1,1. Sem.,1
ET,9999 b.03,NQR 3,P,LN 1,üK,MEM 05 02,"Sie wählen die für ihre Arbeit benötigen Materialen, Hilfsstoffe und Arbeitsmittel aus und stellen diese bereit.",LFB_El_LBB,,,,LZ_7865,Sie benennen Geräte und Hilfsmittel für die Montage von Bauelementen.,K1,1. Sem.,1
ET,9999 b.03,NQR 3,P,LN 1,üK,MEM 05 02,"Sie wählen die für ihre Arbeit benötigen Materialen, Hilfsstoffe und Arbeitsmittel aus und stellen diese bereit.",LFB_El_LBB,,,,LZ_8084,Sie ordnen verschiedene Werkzeuge und Hilfsmittel ihrem Verwendungszweck zu.,K4,1. Sem.,1
ET,9999 b.03,NQR 3,P,LN 1,üK,MEM 05 02,"Sie wählen die für ihre Arbeit benötigen Materialen, Hilfsstoffe und Arbeitsmittel aus und stellen diese bereit.",LFB_El_LBB,,,,LZ_7891,"Sie bereiten und rüsten Bauteile und Elemente, Werkzeuge und Hilfsmittel, basierend auf Fertigungsunterlagen wie Aufträgen, Zusammenstellungszeichnungen und Stücklisten.",K3,1. Sem.,1
ET,9999 b.03,NQR 3,P,LN 1,üK,MEM 05 02,"Sie wählen die für ihre Arbeit benötigen Materialen, Hilfsstoffe und Arbeitsmittel aus und stellen diese bereit.",LFB_El_LBB,,,,LZ_9739,"Sie wählen für den Lötprozess geeignete Hilfsstoffe wie Lötzinn, Flussmittel, Entlötlitze aus und setzen diese fachgerecht ein.",K3,1. Sem.,1
ET,9999 b.03,NQR 3,P,LN 1,üK,MEM 05 02,"Sie wählen die für ihre Arbeit benötigen Materialen, Hilfsstoffe und Arbeitsmittel aus und stellen diese bereit.",LFB_El_LBB,,,,LZ_9739,"Sie wählen für den Lötprozess geeignete Hilfsstoffe wie Lötzinn, Flussmittel, Entlötlitze aus und setzen diese fachgerecht ein.",K3,1. Sem.,1
ET,9999 b.03,NQR 3,P,LN 1,üK,MEM 05 02,"Sie wählen die für ihre Arbeit benötigen Materialen, Hilfsstoffe und Arbeitsmittel aus und stellen diese bereit.",LFB_El_LBB,,,,LZ_9865,Sie wählen zur Konfektionierung bzw. Schneiden der Bauelemente die entsprechenden Werkzeuge aus und wenden diese ordnungsgemäss an.,K3,1. Sem.,1
ET,9999 b.03,NQR 3,P,LN 2,üK,MEM 11 07,Sie lassen in ihrem Handeln und Entscheiden ökologische Aspekte einfliessen.,LFB_El_LBB,"Umweltschutz, Entsorgung",2,2,LZ_7944,Sie treffen Schutzmassnahmen zur Arbeitssicherheit und zum Gesundheitsschutz.,K3,1. Sem.,1
ET,9999 b.03,NQR 3,P,LN 2,üK,MEM 11 07,Sie lassen in ihrem Handeln und Entscheiden ökologische Aspekte einfliessen.,LFB_El_LBB,,,,LZ_7520,Sie setzen persönliche Schutzausrüstung ein.,K3,1. Sem.,1
ET,9999 b.03,NQR 3,P,LN 1,üK,MEM 05 01,Sie organisieren ihren Arbeitsplatz.,LFB_El_LBB,"Absaugung,  ESD-Schutzmassnahmen (Tischbelag/Kleidung/Schuhe/Armbänder) Arbeitsabläufe",3,4,LZ_9067,Sie können die Funktionsweise eines ESD-Arbeitsplatzes erklären.,K2,1. Sem.,1
ET,9999 b.03,NQR 3,P,LN 1,üK,MEM 05 01,Sie organisieren ihren Arbeitsplatz.,LFB_El_LBB,,,,LZ_7519,Sie erkennen und beschreiben Gefahren am Arbeitsplatz.,K2,1. Sem.,1
ET,9999 b.03,NQR 3,P,LN 1,üK,MEM 05 01,Sie organisieren ihren Arbeitsplatz.,LFB_El_LBB,,,,LZ_9703,Sie wenden ESD-Schutzmassahmen im Umgang mit elektronischen Bauelementen und Baugruppen an.,K3,1. Sem.,1
ET,9999 b.03,NQR 3,P,LN 2,üK,ET b3 21,Sie bestücken und löten beispielhafte Leiterplatten mit verschiedensten Bauarten von Bauteilen.,LFB_El_LBB,"Elektronische aktive und passive Bauelemente Dokumente wie Schema, Bestückungsplan, Stücklisten Lötprozess (unlösbare Verbindungen) Reinigungsmittel (Leiterplatten)",4,8,LZ_9892,Sie wählen für den Lötprozess die korrekten Parameter wie Löttemperatur.,K2,1. Sem.,1
ET,9999 b.03,NQR 3,P,LN 2,üK,ET b3 21,Sie bestücken und löten beispielhafte Leiterplatten mit verschiedensten Bauarten von Bauteilen.,LFB_El_LBB,,,,LZ_9085,"Sie achten darauf, dass bei allen Bauteilen der Wert, die Toleranz und gegebenenfalls die genaue Typenbezeichnung ersichtlich ist.",K2,1. Sem.,1
ET,9999 b.03,NQR 3,P,LN 2,üK,ET b3 21,Sie bestücken und löten beispielhafte Leiterplatten mit verschiedensten Bauarten von Bauteilen.,LFB_El_LBB,,,,LZ_7968,Sie benennen und wenden Lötwerkzeuge sowie Löthilfsmittel unter Berücksichtigung ökologischer Aspekte an.,K1,1. Sem.,1
ET,9999 b.03,NQR 3,P,LN 2,üK,ET b3 21,Sie bestücken und löten beispielhafte Leiterplatten mit verschiedensten Bauarten von Bauteilen.,LFB_El_LBB,,,,LZ_9711,Sie interpretieren Fertigungsunterlagen wie Bestückungspläne und Stücklisten.,K2,1. Sem.,1
ET,9999 b.03,NQR 3,P,LN 2,üK,ET b3 21,Sie bestücken und löten beispielhafte Leiterplatten mit verschiedensten Bauarten von Bauteilen.,LFB_El_LBB,,,,LZ_1081,Sie lesen Bestückungspläne und Einbauskizzen.,K3,1. Sem.,1
ET,9999 b.03,NQR 3,P,LN 2,üK,ET b3 21,Sie bestücken und löten beispielhafte Leiterplatten mit verschiedensten Bauarten von Bauteilen.,LFB_El_LBB,,,,LZ_8042,Sie bereiten Bauelemente vor und konfektionieren diese.,K3,1. Sem.,1
ET,9999 b.03,NQR 3,P,LN 2,üK,ET b3 21,Sie bestücken und löten beispielhafte Leiterplatten mit verschiedensten Bauarten von Bauteilen.,LFB_El_LBB,,,,LZ_8044,"Sie bestücken und verarbeiten Leiterplatten und Bauelemente weiter, entweder unter Anleitung oder aufgrund von Fertigungsunterlagen.",K3,1. Sem.,1
ET,9999 b.03,NQR 3,P,LN 2,üK,ET b3 21,Sie bestücken und löten beispielhafte Leiterplatten mit verschiedensten Bauarten von Bauteilen.,LFB_El_LBB,,,,LZ_9003,Sie interpretieren vorgegebene Arbeitsaufträge und Vorgaben.,K2,1. Sem.,1
ET,9999 b.03,NQR 3,P,LN 2,üK,ET b3 21,Sie bestücken und löten beispielhafte Leiterplatten mit verschiedensten Bauarten von Bauteilen.,LFB_El_LBB,,,,LZ_9934,Sie bestücken Bauelemente unter Berücksichtigung der Montageanleitung (Befestigung / Distanzierung).,K3,1. Sem.,1
ET,9999 b.03,NQR 3,P,LN 2,üK,ET b3 21,Sie bestücken und löten beispielhafte Leiterplatten mit verschiedensten Bauarten von Bauteilen.,LFB_El_LBB,,,,LZ_9954,Sie reinigen die Leiterplatte nach erfolgreichem Lötprozess.,K3,1. Sem.,1
ET,9999 b.03,NQR 3,P,LN 2,üK,ET b3 25,"Sie bewerten optisch nach vorgegebenen Kriterien Lötstellen, Bestückungen und Verbindungen.",LFB_El_LBB,Qualitätsstandards (IPC-Norm),5,4,LZ_464,Sie führen die Sichtprüfung durch.,K3,1. Sem.,1
ET,9999 b.03,NQR 3,P,LN 2,üK,ET b3 25,"Sie bewerten optisch nach vorgegebenen Kriterien Lötstellen, Bestückungen und Verbindungen.",LFB_El_LBB,,,,LZ_674,Sie zählen Qualitätsmerkmale auf.,K1,1. Sem.,1
ET,9999 b.03,NQR 3,P,LN 2,üK,ET b3 25,"Sie bewerten optisch nach vorgegebenen Kriterien Lötstellen, Bestückungen und Verbindungen.",LFB_El_LBB,,,,LZ_7995,Sie handhaben vorgegebene Prüfdokumente und dokumentieren die Prüfergebnisse im Prüfprotokoll.,K3,1. Sem.,1
ET,9999 b.03,NQR 3,P,LN 2,üK,ET b3 25,"Sie bewerten optisch nach vorgegebenen Kriterien Lötstellen, Bestückungen und Verbindungen.",LFB_El_LBB,,,,LZ_9955,Sie beurteilen ihre Lötstellen nach den gültigen Normen (IPC-Norm) und definieren gegebenenfalls den Optimierungsprozess bzw. arbeiten diese nach.,K3,1. Sem.,1
ET,9999 b.03,NQR 3,P,LN 1,üK,MEM 05 03,Sie gewährleisten die Pflege und den Unterhalt der Werkzeuge/Arbeitsgeräte und Verbrauchsgüter.,LFB_El_LBB,"Reinigungsmittel (ESD-Arbeitsplatz) Oxidation, Beständigkeiten",6,2,LZ_9956,Sie überprüfen ihren ESD-Schutz gemäss Vorgabe.,K2,1. Sem.,1
ET,9999 b.03,NQR 3,P,LN 1,üK,MEM 05 03,Sie gewährleisten die Pflege und den Unterhalt der Werkzeuge/Arbeitsgeräte und Verbrauchsgüter.,LFB_El_LBB,,,,LZ_9957,Sie reinigen nach Gebrauch ihre Hilfsmittel.,K3,1. Sem.,1
ET,9999 b.03,NQR 3,P,LN 1,üK,MEM 05 03,Sie gewährleisten die Pflege und den Unterhalt der Werkzeuge/Arbeitsgeräte und Verbrauchsgüter.,LFB_El_LBB,,,,LZ_9958,Sie setzen Massnahmen zur Verhinderung von Oxidation ihrer Hilfsmittel und Werkzeuge um.,K3,1. Sem.,1
ET,9999 b.01,NQR 4,P,LN 3,BE,ET b1 03,Sie überprüfen auf Grund des Schemas die prinzipielle Funktion von Schaltungsteilen.,LFB_9999_TP,-,-,-,-,-,-,4. Sem.,1
ET,9999 b.03,NQR 3,P,LN 3,BE,ET b3 01,Sie stellen gemäss Fertigungsunterlagen das Material bereit.,LFB_9999_TP,-,-,-,-,-,-,4. Sem.,1
ET,9999 b.03,NQR 3,P,LN 2,BE,ET b3 02,Sie kontrollieren das bereitgestellte Material.,LFB_9999_TP,-,-,-,-,-,-,4. Sem.,1
ET,9999 b.03,NQR 3,P,LN 3,BE,ET b3 04,Sie halten zum Schutz von Personen und Betriebsmittel die Sicherheitsmassnahmen ein.,LFB_9999_TP,-,-,-,-,-,-,4. Sem.,1
ET,9999 b.03,NQR 3,P,LN 3,BE,ET b3 05,Sie stellen Kabel für elektrische Verbindungen her.,LFB_9999_TP,-,-,-,-,-,-,4. Sem.,1
ET,9999 b.03,NQR 3,P,LN 3,BE,ET b3 06,Sie bestücken und löten Leiterplatten.,LFB_9999_TP,-,-,-,-,-,-,4. Sem.,1
ET,9999 b.03,NQR 3,P,LN 3,BE,ET b3 07,Sie modifizieren bestehende Leiterplatten oder Baugruppen.,LFB_9999_TP,-,-,-,-,-,-,4. Sem.,1
ET,9999 b.03,NQR 3,P,LN 3,BE,ET b3 08,Sie korrigieren fehlende oder falsche Angaben in den Unterlagen.,LFB_9999_TP,-,-,-,-,-,-,4. Sem.,1
ET,9999 b.03,NQR 3,P,LN 3,BE,ET b3 09,Sie nehmen einfache mechanische Montagen vor.,LFB_9999_TP,-,-,-,-,-,-,4. Sem.,1
ET,9999 b.03,NQR 3,P,LN 3,BE,ET b3 10,"Sie kontrollieren optisch nach Prüfkriterien die Lötstellen, Bestückungen und Verbindungen.",LFB_9999_TP,-,-,-,-,-,-,4. Sem.,1
ET,9999 b.03,NQR 3,P,LN 3,BE,ET b3 11,Sie schützen Leiterplatten oder Baugruppen vor möglichen Schadeinwirkungen.,LFB_9999_TP,-,-,-,-,-,-,4. Sem.,1
ET,9999 b.03,NQR 3,P,LN 3,BE,ET b3 12,Sie schützen sich und Betriebsmittel vor Schäden und führen Abfälle einer Wiederverwertung zu oder entsorgen sie umweltgerecht.,LFB_9999_TP,-,-,-,-,-,-,4. Sem.,1
ET,9999 b.03,NQR 3,P,LN 3,BE,MEM 05 01,Sie organisieren ihren Arbeitsplatz.,LFB_9999_TP,-,-,-,-,-,-,4. Sem.,1
ET,9999 b.03,NQR 3,P,LN 4,BE,MEM 05 02,"Sie wählen die für ihre Arbeit benötigen Materialen, Hilfsstoffe und Arbeitsmittel aus und stellen diese bereit.",LFB_9999_TP,-,-,-,-,-,-,4. Sem.,1
ET,9999 b.03,NQR 3,P,LN 3,BE,MEM 05 04,Sie lagern Material und Waren fachgerecht gemäss betrieblichen und rechtlichen Vorgaben/Anforderungen.,LFB_9999_TP,-,-,-,-,-,-,4. Sem.,1
ET,9999 b.04,NQR 4,P,LN 4,BE,ET b4 01,Sie legen anhand des Schemas oder der Funktion die Messpunkte fest.,LFB_9999_TP,-,-,-,-,-,-,4. Sem.,1
ET,9999 b.04,NQR 4,P,LN 4,BE,ET b4 02,"Sie bestimmen die Geräte und Hilfsmittel, welche für die durchzuführenden Messungen nötig sind.",LFB_9999_TP,-,-,-,-,-,-,4. Sem.,1
ET,9999 b.04,NQR 4,P,LN 3,BE,ET b4 03,Sie treffen situationsgerechte Maßnahmen zum Schutz von Personen und Gerät.,LFB_9999_TP,-,-,-,-,-,-,4. Sem.,1
ET,9999 b.04,NQR 4,P,LN 3,BE,ET b4 04,"Sie messen Schaltungen und achten darauf, deren ursprünglichen Funktion nicht zu beeinflussen.",LFB_9999_TP,-,-,-,-,-,-,4. Sem.,1
ET,9999 b.04,NQR 4,P,LN 3,BE,ET b4 05,Sie notieren alle Messparameter und alle gemessenen Werte in einem Messprotokoll gemäss Firmenvorgaben.,LFB_9999_TP,-,-,-,-,-,-,4. Sem.,1
ET,9999 b.04,NQR 4,P,LN 4,BE,ET b4 06,Sie sammeln für eine Störungsbehebung die nötigen Unterlagen und grenzen die Fehlfunktion der Schaltung systematisch ein.,LFB_9999_TP,-,-,-,-,-,-,4. Sem.,1
ET,9999 b.04,NQR 4,P,LN 4,BE,ET b4 07,Sie validieren die gemachten Messungen gemäss dem Pflichtenheft.,LFB_9999_TP,-,-,-,-,-,-,4. Sem.,1
ET,9999 b.04,NQR 4,P,LN 3,BE,ET b6 04,Sie halten während der Inbetriebnahme alle Schritte gemäss Protokoll in der richtigen Abfolge ein.,LFB_9999_TP,-,-,-,-,-,-,4. Sem.,1
ET,9999 b.04,NQR 4,P,LN 3,BE,ET b6 05,Sie protokollieren bei Abweichungen vom Sollwert ihre Vermutungen.,LFB_9999_TP,-,-,-,-,-,-,4. Sem.,1
ET,9999 c.01,NQR 4,P,LN 5,BE,ET c1 01,Sie entwickeln eine Software Struktur gemäss dem Pflichtenheft und stellen diese graphisch dar.,LFB_9999_TP,-,-,-,-,-,-,4. Sem.,1
ET,9999 c.01,NQR 4,P,LN 3,BE,ET c1 02,Sie definieren die Schnittstellen zur verwendeten Hardware.,LFB_9999_TP,-,-,-,-,-,-,4. Sem.,1
ET,9999 c.01,NQR 4,P,LN 4,BE,ET c1 05,Sie programmieren Mikrocontroller gemäss Software Struktur in einer Hochsprache.,LFB_9999_TP,-,-,-,-,-,-,4. Sem.,1
ET,9999 c.01,NQR 4,P,LN 4,BE,ET c1 06,Sie finden und beheben Fehler in der Software.,LFB_9999_TP,-,-,-,-,-,-,4. Sem.,1
ET,9999 c.01,NQR 4,P,LN 2,BE,ET c1 09,"Sie kompilieren Software, laden diese auf das Zielsystem und nehmen das Programm in Betrieb.",LFB_9999_TP,-,-,-,-,-,-,4. Sem.,1
ET,9999 c.02,NQR 4,P,LN 3,BE,ET c2 01,Sie überprüfen laufend die Anforderungen während der Entwicklung.,LFB_9999_TP,-,-,-,-,-,-,4. Sem.,1
ET,9999 c.02,NQR 4,P,LN 4,BE,ET b5 01,Sie leiten aufgrund der Spezifikationen Prüfkriterien ab.,LFB_9999_TP,-,-,-,-,-,-,4. Sem.,1
ET,9999 c.02,NQR 4,P,LN 4,BE,ET c2 03,Sie erstellen auf Grund der Prüfkriterien die Testfälle.,LFB_9999_TP,-,-,-,-,-,-,4. Sem.,1
ET,9999 c.02,NQR 4,P,LN 3,BE,ET c2 04,Sie führen die Tests durch.,LFB_9999_TP,-,-,-,-,-,-,4. Sem.,1
ET,9999 c.02,NQR 4,P,LN 3,BE,ET c2 05,Sie dokumentieren die Testresultate.,LFB_9999_TP,-,-,-,-,-,-,4. Sem.,1
ET,9999 c.02,NQR 4,P,LN 4,BE,ET c2 06,Sie analysieren die Testresultate und bei unbefriedigenden Testresultaten initiieren sie passende Änderungen.,LFB_9999_TP,-,-,-,-,-,-,4. Sem.,1
ET,9999 c.02,NQR 4,P,LN 4,BE,ET c2 07,Sie schlagen aufgrund der Testresultate Optimierungen vor.,LFB_9999_TP,-,-,-,-,-,-,4. Sem.,1
ET,9999 c.02,NQR 4,P,LN 3,BE,ET c2 08,Sie überprüfen die Auswirkungen gemachter Änderungen auf die Software.,LFB_9999_TP,-,-,-,-,-,-,4. Sem.,1
ET,9999 a.01,NQR 4,P,LN 4,BE,ET a1 06,Sie identifizieren Mess- und Prüfkriterien.,LFB_9999_a.01_1,-,-,-,-,-,-,1. Sem.,1
ET,9999 a.01,NQR 4,P,LN 2,BE,MEM 02 01,Sie dokumentieren und archivieren ihre Arbeit nachvollziehbar mit festgelegten Hilfsmitteln nach betrieblichen Vorgaben.,LFB_9999_a.01_1,-,-,-,-,-,-,1. Sem.,1
ET,9999 a.01,NQR 4,P,LN 3,BE,MEM 02 02,Sie dokumentieren und archivieren ihre Arbeit nachvollziehbar laufend und lückenlos mit situativ geeigneten Hilfsmitteln unter Einhaltung betrieblicher Vorgaben.,LFB_9999_a.01_1,-,-,-,-,-,-,1. Sem.,1
ET,9999 a.01,NQR 4,P,LN 3,BE,MEM 06 03,Sie setzen Informationen aus Normen und Richtlinien in technischen Dokumentationen um.,LFB_9999_a.01_1,-,-,-,-,-,-,1. Sem.,1
ET,9999 a.01,NQR 4,P,LN 4,BE,ET a1 06,Sie identifizieren Mess- und Prüfkriterien.,LFB_9999_a.01_2,-,-,-,-,-,-,2. Sem.,1
ET,9999 a.01,NQR 4,P,LN 2,BE,MEM 02 01,Sie dokumentieren und archivieren ihre Arbeit nachvollziehbar mit festgelegten Hilfsmitteln nach betrieblichen Vorgaben.,LFB_9999_a.01_2,-,-,-,-,-,-,2. Sem.,1
ET,9999 a.01,NQR 4,P,LN 3,BE,MEM 02 02,Sie dokumentieren und archivieren ihre Arbeit nachvollziehbar laufend und lückenlos mit situativ geeigneten Hilfsmitteln unter Einhaltung betrieblicher Vorgaben.,LFB_9999_a.01_2,-,-,-,-,-,-,2. Sem.,1
ET,9999 a.01,NQR 4,P,LN 3,BE,MEM 06 01,Sie setzen technische Normen und Richtlinien in der Planung anwendungsspezifisch ein.,LFB_9999_a.01_2,-,-,-,-,-,-,2. Sem.,1
ET,9999 a.01,NQR 4,P,LN 3,BE,MEM 06 02,Sie setzen technische Normen und Richtlinien im Handeln anwendungsspezifisch um.,LFB_9999_a.01_2,-,-,-,-,-,-,2. Sem.,1
ET,9999 a.01,NQR 4,P,LN 3,BE,MEM 06 03,Sie setzen Informationen aus Normen und Richtlinien in technischen Dokumentationen um.,LFB_9999_a.01_2,-,-,-,-,-,-,2. Sem.,1
ET,9999 a.01,NQR 4,P,LN 4,BE,ET a1 06,Sie identifizieren Mess- und Prüfkriterien.,LFB_9999_a.01_3,-,-,-,-,-,-,3. Sem.,1
ET,9999 a.01,NQR 4,P,LN 2,BE,MEM 02 01,Sie dokumentieren und archivieren ihre Arbeit nachvollziehbar mit festgelegten Hilfsmitteln nach betrieblichen Vorgaben.,LFB_9999_a.01_3,-,-,-,-,-,-,3. Sem.,1
ET,9999 a.01,NQR 4,P,LN 3,BE,MEM 02 02,Sie dokumentieren und archivieren ihre Arbeit nachvollziehbar laufend und lückenlos mit situativ geeigneten Hilfsmitteln unter Einhaltung betrieblicher Vorgaben.,LFB_9999_a.01_3,-,-,-,-,-,-,3. Sem.,1
ET,9999 a.01,NQR 4,P,LN 2,BE,MEM 02 04,Sie interpretieren definierte betriebliche Prozesse und arbeiten diese korrekt ab.,LFB_9999_a.01_3,-,-,-,-,-,-,3. Sem.,1
ET,9999 a.01,NQR 4,P,LN 3,BE,MEM 06 01,Sie setzen technische Normen und Richtlinien in der Planung anwendungsspezifisch ein.,LFB_9999_a.01_3,-,-,-,-,-,-,3. Sem.,1
ET,9999 a.01,NQR 4,P,LN 3,BE,MEM 06 02,Sie setzen technische Normen und Richtlinien im Handeln anwendungsspezifisch um.,LFB_9999_a.01_3,-,-,-,-,-,-,3. Sem.,1
ET,9999 a.01,NQR 4,P,LN 3,BE,MEM 06 03,Sie setzen Informationen aus Normen und Richtlinien in technischen Dokumentationen um.,LFB_9999_a.01_3,-,-,-,-,-,-,3. Sem.,1
ET,9999 a.01,NQR 4,P,LN 4,BE,ET a1 01,Sie identifizieren die nötigen Schnittstellen.,LFB_9999_a.01_4,-,-,-,-,-,-,4. Sem.,1
ET,9999 a.01,NQR 4,P,LN 4,BE,ET a1 02,Sie bestimmen den Kostenrahmen.,LFB_9999_a.01_4,-,-,-,-,-,-,4. Sem.,1
ET,9999 a.01,NQR 4,P,LN 3,BE,ET a1 03,Sie identifizieren die einzuhaltenden Normen.,LFB_9999_a.01_4,-,-,-,-,-,-,4. Sem.,1
ET,9999 a.01,NQR 4,P,LN 3,BE,ET a1 04,Sie identifizieren das Einsatzgebiet.,LFB_9999_a.01_4,-,-,-,-,-,-,4. Sem.,1
ET,9999 a.01,NQR 4,P,LN 3,BE,ET a1 05,Sie erstellen aus den gesammelten Informationen das Pflichtenheft.,LFB_9999_a.01_4,-,-,-,-,-,-,4. Sem.,1
ET,9999 a.01,NQR 4,P,LN 4,BE,ET a1 06,Sie identifizieren Mess- und Prüfkriterien.,LFB_9999_a.01_4,-,-,-,-,-,-,4. Sem.,1
ET,9999 a.01,NQR 4,P,LN 3,BE,ET a1 08,Sie stellen die Kundenanforderungen graphisch dar.,LFB_9999_a.01_4,-,-,-,-,-,-,4. Sem.,1
ET,9999 a.01,NQR 4,P,LN 2,BE,MEM 02 01,Sie dokumentieren und archivieren ihre Arbeit nachvollziehbar mit festgelegten Hilfsmitteln nach betrieblichen Vorgaben.,LFB_9999_a.01_4,-,-,-,-,-,-,4. Sem.,1
ET,9999 a.01,NQR 4,P,LN 3,BE,MEM 02 02,Sie dokumentieren und archivieren ihre Arbeit nachvollziehbar laufend und lückenlos mit situativ geeigneten Hilfsmitteln unter Einhaltung betrieblicher Vorgaben.,LFB_9999_a.01_4,-,-,-,-,-,-,4. Sem.,1
ET,9999 a.01,NQR 4,P,LN 2,BE,MEM 02 04,Sie interpretieren definierte betriebliche Prozesse und arbeiten diese korrekt ab.,LFB_9999_a.01_4,-,-,-,-,-,-,4. Sem.,1
ET,9999 a.01,NQR 4,P,LN 3,BE,MEM 06 01,Sie setzen technische Normen und Richtlinien in der Planung anwendungsspezifisch ein.,LFB_9999_a.01_4,-,-,-,-,-,-,4. Sem.,1
ET,9999 a.01,NQR 4,P,LN 3,BE,MEM 06 02,Sie setzen technische Normen und Richtlinien im Handeln anwendungsspezifisch um.,LFB_9999_a.01_4,-,-,-,-,-,-,4. Sem.,1
ET,9999 a.01,NQR 4,P,LN 3,BE,MEM 06 03,Sie setzen Informationen aus Normen und Richtlinien in technischen Dokumentationen um.,LFB_9999_a.01_4,-,-,-,-,-,-,4. Sem.,1
ET,9999 a.01,NQR 4,P,LN 4,BE,ET a1 01,Sie identifizieren die nötigen Schnittstellen.,LFB_9999_a.01_5,-,-,-,-,-,-,5. Sem.,1
ET,9999 a.01,NQR 4,P,LN 4,BE,ET a1 02,Sie bestimmen den Kostenrahmen.,LFB_9999_a.01_5,-,-,-,-,-,-,5. Sem.,1
ET,9999 a.01,NQR 4,P,LN 3,BE,ET a1 03,Sie identifizieren die einzuhaltenden Normen.,LFB_9999_a.01_5,-,-,-,-,-,-,5. Sem.,1
ET,9999 a.01,NQR 4,P,LN 3,BE,ET a1 04,Sie identifizieren das Einsatzgebiet.,LFB_9999_a.01_5,-,-,-,-,-,-,5. Sem.,1
ET,9999 a.01,NQR 4,P,LN 3,BE,ET a1 05,Sie erstellen aus den gesammelten Informationen das Pflichtenheft.,LFB_9999_a.01_5,-,-,-,-,-,-,5. Sem.,1
ET,9999 a.01,NQR 4,P,LN 4,BE,ET a1 06,Sie identifizieren Mess- und Prüfkriterien.,LFB_9999_a.01_5,-,-,-,-,-,-,5. Sem.,1
ET,9999 a.01,NQR 4,P,LN 3,BE,ET a1 08,Sie stellen die Kundenanforderungen graphisch dar.,LFB_9999_a.01_5,-,-,-,-,-,-,5. Sem.,1
ET,9999 a.01,NQR 4,P,LN 2,BE,MEM 02 04,Sie interpretieren definierte betriebliche Prozesse und arbeiten diese korrekt ab.,LFB_9999_a.01_5,-,-,-,-,-,-,5. Sem.,1
ET,9999 a.01,NQR 4,P,LN 3,BE,MEM 02 05,Sie erfassen relevante Informationen für neue betriebliche Prozesse.,LFB_9999_a.01_5,-,-,-,-,-,-,5. Sem.,1
ET,9999 a.01,NQR 4,P,LN 4,BE,MEM 02 06,Sie gestalten betriebliche Prozessabläufe und erstellen geeignete Prozessdokumente unter Einhaltung der betrieblichen Vorgaben.,LFB_9999_a.01_5,-,-,-,-,-,-,5. Sem.,1
ET,9999 a.01,NQR 4,P,LN 3,BE,MEM 06 01,Sie setzen technische Normen und Richtlinien in der Planung anwendungsspezifisch ein.,LFB_9999_a.01_5,-,-,-,-,-,-,5. Sem.,1
ET,9999 a.01,NQR 4,P,LN 3,BE,MEM 06 02,Sie setzen technische Normen und Richtlinien im Handeln anwendungsspezifisch um.,LFB_9999_a.01_5,-,-,-,-,-,-,5. Sem.,1
ET,9999 a.01,NQR 4,P,LN 4,BE,ET a1 01,Sie identifizieren die nötigen Schnittstellen.,LFB_9999_a.01_6,-,-,-,-,-,-,6. Sem.,1
ET,9999 a.01,NQR 4,P,LN 4,BE,ET a1 02,Sie bestimmen den Kostenrahmen.,LFB_9999_a.01_6,-,-,-,-,-,-,6. Sem.,1
ET,9999 a.01,NQR 4,P,LN 3,BE,ET a1 03,Sie identifizieren die einzuhaltenden Normen.,LFB_9999_a.01_6,-,-,-,-,-,-,6. Sem.,1
ET,9999 a.01,NQR 4,P,LN 3,BE,ET a1 04,Sie identifizieren das Einsatzgebiet.,LFB_9999_a.01_6,-,-,-,-,-,-,6. Sem.,1
ET,9999 a.01,NQR 4,P,LN 3,BE,ET a1 05,Sie erstellen aus den gesammelten Informationen das Pflichtenheft.,LFB_9999_a.01_6,-,-,-,-,-,-,6. Sem.,1
ET,9999 a.01,NQR 4,P,LN 4,BE,ET a1 06,Sie identifizieren Mess- und Prüfkriterien.,LFB_9999_a.01_6,-,-,-,-,-,-,6. Sem.,1
ET,9999 a.01,NQR 4,P,LN 3,BE,ET a1 08,Sie stellen die Kundenanforderungen graphisch dar.,LFB_9999_a.01_6,-,-,-,-,-,-,6. Sem.,1
ET,9999 a.01,NQR 4,P,LN 2,BE,MEM 02 04,Sie interpretieren definierte betriebliche Prozesse und arbeiten diese korrekt ab.,LFB_9999_a.01_6,-,-,-,-,-,-,6. Sem.,1
ET,9999 a.01,NQR 4,P,LN 3,BE,MEM 02 05,Sie erfassen relevante Informationen für neue betriebliche Prozesse.,LFB_9999_a.01_6,-,-,-,-,-,-,6. Sem.,1
ET,9999 a.01,NQR 4,P,LN 4,BE,MEM 02 06,Sie gestalten betriebliche Prozessabläufe und erstellen geeignete Prozessdokumente unter Einhaltung der betrieblichen Vorgaben.,LFB_9999_a.01_6,-,-,-,-,-,-,6. Sem.,1
ET,9999 a.01,NQR 4,P,LN 3,BE,MEM 06 01,Sie setzen technische Normen und Richtlinien in der Planung anwendungsspezifisch ein.,LFB_9999_a.01_6,-,-,-,-,-,-,6. Sem.,1
ET,9999 a.01,NQR 4,P,LN 3,BE,MEM 06 02,Sie setzen technische Normen und Richtlinien im Handeln anwendungsspezifisch um.,LFB_9999_a.01_6,-,-,-,-,-,-,6. Sem.,1
ET,9999 a.01,NQR 4,P,LN 4,BE,ET a1 01,Sie identifizieren die nötigen Schnittstellen.,LFB_9999_a.01_7,-,-,-,-,-,-,7. Sem.,1
ET,9999 a.01,NQR 4,P,LN 4,BE,ET a1 02,Sie bestimmen den Kostenrahmen.,LFB_9999_a.01_7,-,-,-,-,-,-,7. Sem.,1
ET,9999 a.01,NQR 4,P,LN 3,BE,ET a1 03,Sie identifizieren die einzuhaltenden Normen.,LFB_9999_a.01_7,-,-,-,-,-,-,7. Sem.,1
ET,9999 a.01,NQR 4,P,LN 3,BE,ET a1 04,Sie identifizieren das Einsatzgebiet.,LFB_9999_a.01_7,-,-,-,-,-,-,7. Sem.,1
ET,9999 a.01,NQR 4,P,LN 3,BE,ET a1 05,Sie erstellen aus den gesammelten Informationen das Pflichtenheft.,LFB_9999_a.01_7,-,-,-,-,-,-,7. Sem.,1
ET,9999 a.01,NQR 4,P,LN 3,BE,ET a1 08,Sie stellen die Kundenanforderungen graphisch dar.,LFB_9999_a.01_7,-,-,-,-,-,-,7. Sem.,1
ET,9999 a.01,NQR 4,P,LN 3,BE,MEM 02 05,Sie erfassen relevante Informationen für neue betriebliche Prozesse.,LFB_9999_a.01_7,-,-,-,-,-,-,7. Sem.,1
ET,9999 a.01,NQR 4,P,LN 4,BE,MEM 02 06,Sie gestalten betriebliche Prozessabläufe und erstellen geeignete Prozessdokumente unter Einhaltung der betrieblichen Vorgaben.,LFB_9999_a.01_7,-,-,-,-,-,-,7. Sem.,1
ET,9999 a.01,NQR 4,P,LN 4,BE,ET a1 01,Sie identifizieren die nötigen Schnittstellen.,LFB_9999_a.01_8,-,-,-,-,-,-,8. Sem.,1
ET,9999 a.01,NQR 4,P,LN 4,BE,ET a1 02,Sie bestimmen den Kostenrahmen.,LFB_9999_a.01_8,-,-,-,-,-,-,8. Sem.,1
ET,9999 a.01,NQR 4,P,LN 3,BE,ET a1 03,Sie identifizieren die einzuhaltenden Normen.,LFB_9999_a.01_8,-,-,-,-,-,-,8. Sem.,1
ET,9999 a.01,NQR 4,P,LN 3,BE,ET a1 04,Sie identifizieren das Einsatzgebiet.,LFB_9999_a.01_8,-,-,-,-,-,-,8. Sem.,1
ET,9999 a.01,NQR 4,P,LN 3,BE,ET a1 05,Sie erstellen aus den gesammelten Informationen das Pflichtenheft.,LFB_9999_a.01_8,-,-,-,-,-,-,8. Sem.,1
ET,9999 a.01,NQR 4,P,LN 3,BE,ET a1 08,Sie stellen die Kundenanforderungen graphisch dar.,LFB_9999_a.01_8,-,-,-,-,-,-,8. Sem.,1
ET,9999 a.01,NQR 4,P,LN 3,BE,MEM 02 05,Sie erfassen relevante Informationen für neue betriebliche Prozesse.,LFB_9999_a.01_8,-,-,-,-,-,-,8. Sem.,1
ET,9999 a.01,NQR 4,P,LN 4,BE,MEM 02 06,Sie gestalten betriebliche Prozessabläufe und erstellen geeignete Prozessdokumente unter Einhaltung der betrieblichen Vorgaben.,LFB_9999_a.01_8,-,-,-,-,-,-,8. Sem.,1
ET,9999 a.02,NQR 5,P,LN 3,BE,KR a2 05,Sie dokumentieren die Lösungssuche.,LFB_9999_a.02_1,-,-,-,-,-,-,1. Sem.,1
ET,9999 a.02,NQR 5,P,LN 3,BE,ET a2 01,Sie stellen Lösungsansätze graphisch dar.,LFB_9999_a.02_1,-,-,-,-,-,-,1. Sem.,1
ET,9999 a.02,NQR 5,P,LN 3,BE,ET a2 04,Sie recherchieren in der einschlägigen Literatur zu Hard- und Software nach möglichen Lösungsansätzen.,LFB_9999_a.02_1,-,-,-,-,-,-,1. Sem.,1
ET,9999 a.02,NQR 5,P,LN 3,BE,KR a2 05,Sie dokumentieren die Lösungssuche.,LFB_9999_a.02_2,-,-,-,-,-,-,2. Sem.,1
ET,9999 a.02,NQR 5,P,LN 3,BE,ET a2 01,Sie stellen Lösungsansätze graphisch dar.,LFB_9999_a.02_2,-,-,-,-,-,-,2. Sem.,1
ET,9999 a.02,NQR 5,P,LN 3,BE,ET a2 04,Sie recherchieren in der einschlägigen Literatur zu Hard- und Software nach möglichen Lösungsansätzen.,LFB_9999_a.02_2,-,-,-,-,-,-,2. Sem.,1
ET,9999 a.02,NQR 5,P,LN 3,BE,KR a2 05,Sie dokumentieren die Lösungssuche.,LFB_9999_a.02_3,-,-,-,-,-,-,3. Sem.,1
ET,9999 a.02,NQR 5,P,LN 3,BE,ET a2 01,Sie stellen Lösungsansätze graphisch dar.,LFB_9999_a.02_3,-,-,-,-,-,-,3. Sem.,1
ET,9999 a.02,NQR 5,P,LN 4,BE,ET a2 02,Sie unterteilen Lösungsansätze in sinnvolle Einheiten und definieren die Schnittstellen.,LFB_9999_a.02_3,-,-,-,-,-,-,3. Sem.,1
ET,9999 a.02,NQR 5,P,LN 3,BE,ET a2 04,Sie recherchieren in der einschlägigen Literatur zu Hard- und Software nach möglichen Lösungsansätzen.,LFB_9999_a.02_3,-,-,-,-,-,-,3. Sem.,1
ET,9999 a.02,NQR 5,P,LN 3,BE,KR a2 05,Sie dokumentieren die Lösungssuche.,LFB_9999_a.02_4,-,-,-,-,-,-,4. Sem.,1
ET,9999 a.02,NQR 5,P,LN 3,BE,ET a2 01,Sie stellen Lösungsansätze graphisch dar.,LFB_9999_a.02_4,-,-,-,-,-,-,4. Sem.,1
ET,9999 a.02,NQR 5,P,LN 4,BE,ET a2 02,Sie unterteilen Lösungsansätze in sinnvolle Einheiten und definieren die Schnittstellen.,LFB_9999_a.02_4,-,-,-,-,-,-,4. Sem.,1
ET,9999 a.02,NQR 5,P,LN 3,BE,ET a2 04,Sie recherchieren in der einschlägigen Literatur zu Hard- und Software nach möglichen Lösungsansätzen.,LFB_9999_a.02_4,-,-,-,-,-,-,4. Sem.,1
ET,9999 a.02,NQR 5,P,LN 5,BE,KR a2 03,Sie konzipieren unter Anwendung geeigneter Methoden Lösungsvarianten für Produkte.,LFB_9999_a.02_5,-,-,-,-,-,-,5. Sem.,1
ET,9999 a.02,NQR 5,P,LN 4,BE,ET a2 02,Sie unterteilen Lösungsansätze in sinnvolle Einheiten und definieren die Schnittstellen.,LFB_9999_a.02_5,-,-,-,-,-,-,5. Sem.,1
ET,9999 a.02,NQR 5,P,LN 5,BE,ET a2 03,Sie suchen typische oder bestehende Lösungsansätze zur Lösung von Teilproblemen.,LFB_9999_a.02_5,-,-,-,-,-,-,5. Sem.,1
ET,9999 a.02,NQR 5,P,LN 4,BE,ET a2 05,Sie bewerten die ökologische Wertigkeit der einzelnen Lösungen.,LFB_9999_a.02_5,-,-,-,-,-,-,5. Sem.,1
ET,9999 a.02,NQR 5,P,LN 5,BE,KR a3 04,Sie setzen bei der Lösungsauswahl geeignete Methoden zur Entscheidungsfindung ein.,LFB_9999_a.02_5,-,-,-,-,-,-,5. Sem.,1
ET,9999 a.02,NQR 5,P,LN 3,BE,KR a3 07,Sie dokumentieren die Entscheidungsfindung.,LFB_9999_a.02_5,-,-,-,-,-,-,5. Sem.,1
ET,9999 a.02,NQR 5,P,LN 5,BE,KR a2 03,Sie konzipieren unter Anwendung geeigneter Methoden Lösungsvarianten für Produkte.,LFB_9999_a.02_6,-,-,-,-,-,-,6. Sem.,1
ET,9999 a.02,NQR 5,P,LN 4,BE,ET a2 02,Sie unterteilen Lösungsansätze in sinnvolle Einheiten und definieren die Schnittstellen.,LFB_9999_a.02_6,-,-,-,-,-,-,6. Sem.,1
ET,9999 a.02,NQR 5,P,LN 5,BE,ET a2 03,Sie suchen typische oder bestehende Lösungsansätze zur Lösung von Teilproblemen.,LFB_9999_a.02_6,-,-,-,-,-,-,6. Sem.,1
ET,9999 a.02,NQR 5,P,LN 4,BE,ET a2 05,Sie bewerten die ökologische Wertigkeit der einzelnen Lösungen.,LFB_9999_a.02_6,-,-,-,-,-,-,6. Sem.,1
ET,9999 a.02,NQR 5,P,LN 5,BE,KR a3 04,Sie setzen bei der Lösungsauswahl geeignete Methoden zur Entscheidungsfindung ein.,LFB_9999_a.02_6,-,-,-,-,-,-,6. Sem.,1
ET,9999 a.02,NQR 5,P,LN 3,BE,KR a3 07,Sie dokumentieren die Entscheidungsfindung.,LFB_9999_a.02_6,-,-,-,-,-,-,6. Sem.,1
ET,9999 a.02,NQR 5,P,LN 5,BE,KR a2 03,Sie konzipieren unter Anwendung geeigneter Methoden Lösungsvarianten für Produkte.,LFB_9999_a.02_7,-,-,-,-,-,-,7. Sem.,1
ET,9999 a.02,NQR 5,P,LN 5,BE,ET a2 03,Sie suchen typische oder bestehende Lösungsansätze zur Lösung von Teilproblemen.,LFB_9999_a.02_7,-,-,-,-,-,-,7. Sem.,1
ET,9999 a.02,NQR 5,P,LN 4,BE,ET a2 05,Sie bewerten die ökologische Wertigkeit der einzelnen Lösungen.,LFB_9999_a.02_7,-,-,-,-,-,-,7. Sem.,1
ET,9999 a.02,NQR 5,P,LN 5,BE,KR a3 04,Sie setzen bei der Lösungsauswahl geeignete Methoden zur Entscheidungsfindung ein.,LFB_9999_a.02_7,-,-,-,-,-,-,7. Sem.,1
ET,9999 a.02,NQR 5,P,LN 3,BE,KR a3 07,Sie dokumentieren die Entscheidungsfindung.,LFB_9999_a.02_7,-,-,-,-,-,-,7. Sem.,1
ET,9999 a.02,NQR 5,P,LN 5,BE,KR a2 03,Sie konzipieren unter Anwendung geeigneter Methoden Lösungsvarianten für Produkte.,LFB_9999_a.02_8,-,-,-,-,-,-,8. Sem.,1
ET,9999 a.02,NQR 5,P,LN 5,BE,ET a2 03,Sie suchen typische oder bestehende Lösungsansätze zur Lösung von Teilproblemen.,LFB_9999_a.02_8,-,-,-,-,-,-,8. Sem.,1
ET,9999 a.02,NQR 5,P,LN 4,BE,ET a2 05,Sie bewerten die ökologische Wertigkeit der einzelnen Lösungen.,LFB_9999_a.02_8,-,-,-,-,-,-,8. Sem.,1
ET,9999 a.02,NQR 5,P,LN 5,BE,KR a3 04,Sie setzen bei der Lösungsauswahl geeignete Methoden zur Entscheidungsfindung ein.,LFB_9999_a.02_8,-,-,-,-,-,-,8. Sem.,1
ET,9999 a.02,NQR 5,P,LN 3,BE,KR a3 07,Sie dokumentieren die Entscheidungsfindung.,LFB_9999_a.02_8,-,-,-,-,-,-,8. Sem.,1
ET,9999 a.03,NQR 4,P,LN 3,BE,ET a3 02,Sie bauen Versuchsanordnungen auf.,LFB_9999_a.03_1,-,-,-,-,-,-,1. Sem.,1
ET,9999 a.03,NQR 4,P,LN 3,BE,ET a3 04,Sie dokumentieren die Messergebnisse aus den Versuchen.,LFB_9999_a.03_1,-,-,-,-,-,-,1. Sem.,1
ET,9999 a.03,NQR 4,P,LN 3,BE,MEM 07 01,Sie setzen Standardapplikationen und betriebliche Software in ihrer Arbeit effektiv und effizient ein.,LFB_9999_a.03_1,-,-,-,-,-,-,1. Sem.,1
ET,9999 a.03,NQR 4,P,LN 3,BE,MEM 07 02,"Sie erfassen, verarbeiten und visualisieren Daten und stellen diese zur Verfügung.",LFB_9999_a.03_1,-,-,-,-,-,-,1. Sem.,1
ET,9999 a.03,NQR 4,P,LN 3,BE,MEM 07 05,Sie setzen Massnahmen zur Verminderung und Verhinderung von Gefahren bei der Benutzung von digitalen Arbeitsmitteln um.,LFB_9999_a.03_1,-,-,-,-,-,-,1. Sem.,1
ET,9999 a.03,NQR 4,P,LN 3,BE,ET a3 02,Sie bauen Versuchsanordnungen auf.,LFB_9999_a.03_2,-,-,-,-,-,-,2. Sem.,1
ET,9999 a.03,NQR 4,P,LN 3,BE,ET a3 04,Sie dokumentieren die Messergebnisse aus den Versuchen.,LFB_9999_a.03_2,-,-,-,-,-,-,2. Sem.,1
ET,9999 a.03,NQR 4,P,LN 3,BE,MEM 07 01,Sie setzen Standardapplikationen und betriebliche Software in ihrer Arbeit effektiv und effizient ein.,LFB_9999_a.03_2,-,-,-,-,-,-,2. Sem.,1
ET,9999 a.03,NQR 4,P,LN 3,BE,MEM 07 02,"Sie erfassen, verarbeiten und visualisieren Daten und stellen diese zur Verfügung.",LFB_9999_a.03_2,-,-,-,-,-,-,2. Sem.,1
ET,9999 a.03,NQR 4,P,LN 3,BE,MEM 07 05,Sie setzen Massnahmen zur Verminderung und Verhinderung von Gefahren bei der Benutzung von digitalen Arbeitsmitteln um.,LFB_9999_a.03_2,-,-,-,-,-,-,2. Sem.,1
ET,9999 a.03,NQR 4,P,LN 3,BE,ET a3 02,Sie bauen Versuchsanordnungen auf.,LFB_9999_a.03_3,-,-,-,-,-,-,3. Sem.,1
ET,9999 a.03,NQR 4,P,LN 4,BE,ET a3 03,Sie überprüfen mit den Versuchsaufbauten die Machbarkeit.,LFB_9999_a.03_3,-,-,-,-,-,-,3. Sem.,1
ET,9999 a.03,NQR 4,P,LN 3,BE,ET a3 04,Sie dokumentieren die Messergebnisse aus den Versuchen.,LFB_9999_a.03_3,-,-,-,-,-,-,3. Sem.,1
ET,9999 a.03,NQR 4,P,LN 4,BE,ET a3 05,Sie schätzen die Erfüllbarkeit der Anforderungen durch die erstellten Konzepte ab.,LFB_9999_a.03_3,-,-,-,-,-,-,3. Sem.,1
ET,9999 a.03,NQR 4,P,LN 4,BE,ET a2 04,Sie recherchieren in der einschlägigen Literatur zu Hard- und Software nach möglichen Lösungsansätzen.,LFB_9999_a.03_3,-,-,-,-,-,-,3. Sem.,1
ET,9999 a.03,NQR 4,P,LN 4,BE,ET a3 07,Sie entscheiden zusammen mit den Verantwortlichen auf Basis der Messergebnisse über das weitere Vorgehen.,LFB_9999_a.03_3,-,-,-,-,-,-,3. Sem.,1
ET,9999 a.03,NQR 4,P,LN 3,BE,MEM 07 01,Sie setzen Standardapplikationen und betriebliche Software in ihrer Arbeit effektiv und effizient ein.,LFB_9999_a.03_3,-,-,-,-,-,-,3. Sem.,1
ET,9999 a.03,NQR 4,P,LN 3,BE,MEM 07 02,"Sie erfassen, verarbeiten und visualisieren Daten und stellen diese zur Verfügung.",LFB_9999_a.03_3,-,-,-,-,-,-,3. Sem.,1
ET,9999 a.03,NQR 4,P,LN 3,BE,MEM 07 05,Sie setzen Massnahmen zur Verminderung und Verhinderung von Gefahren bei der Benutzung von digitalen Arbeitsmitteln um.,LFB_9999_a.03_3,-,-,-,-,-,-,3. Sem.,1
ET,9999 a.03,NQR 4,P,LN 3,BE,ET a3 02,Sie bauen Versuchsanordnungen auf.,LFB_9999_a.03_4,-,-,-,-,-,-,4. Sem.,1
ET,9999 a.03,NQR 4,P,LN 4,BE,ET a3 03,Sie überprüfen mit den Versuchsaufbauten die Machbarkeit.,LFB_9999_a.03_4,-,-,-,-,-,-,4. Sem.,1
ET,9999 a.03,NQR 4,P,LN 3,BE,ET a3 04,Sie dokumentieren die Messergebnisse aus den Versuchen.,LFB_9999_a.03_4,-,-,-,-,-,-,4. Sem.,1
ET,9999 a.03,NQR 4,P,LN 4,BE,ET a3 05,Sie schätzen die Erfüllbarkeit der Anforderungen durch die erstellten Konzepte ab.,LFB_9999_a.03_4,-,-,-,-,-,-,4. Sem.,1
ET,9999 a.03,NQR 4,P,LN 4,BE,ET a2 04,Sie recherchieren in der einschlägigen Literatur zu Hard- und Software nach möglichen Lösungsansätzen.,LFB_9999_a.03_4,-,-,-,-,-,-,4. Sem.,1
ET,9999 a.03,NQR 4,P,LN 4,BE,ET a3 07,Sie entscheiden zusammen mit den Verantwortlichen auf Basis der Messergebnisse über das weitere Vorgehen.,LFB_9999_a.03_4,-,-,-,-,-,-,4. Sem.,1
ET,9999 a.03,NQR 4,P,LN 3,BE,MEM 07 01,Sie setzen Standardapplikationen und betriebliche Software in ihrer Arbeit effektiv und effizient ein.,LFB_9999_a.03_4,-,-,-,-,-,-,4. Sem.,1
ET,9999 a.03,NQR 4,P,LN 3,BE,MEM 07 02,"Sie erfassen, verarbeiten und visualisieren Daten und stellen diese zur Verfügung.",LFB_9999_a.03_4,-,-,-,-,-,-,4. Sem.,1
ET,9999 a.03,NQR 4,P,LN 3,BE,MEM 07 05,Sie setzen Massnahmen zur Verminderung und Verhinderung von Gefahren bei der Benutzung von digitalen Arbeitsmitteln um.,LFB_9999_a.03_4,-,-,-,-,-,-,4. Sem.,1
ET,9999 a.03,NQR 4,P,LN 5,BE,ET a3 01,Sie planen gemäss den Anforderungen Versuchsanordnungen.,LFB_9999_a.03_5,-,-,-,-,-,-,5. Sem.,1
ET,9999 a.03,NQR 4,P,LN 4,BE,ET a3 03,Sie überprüfen mit den Versuchsaufbauten die Machbarkeit.,LFB_9999_a.03_5,-,-,-,-,-,-,5. Sem.,1
ET,9999 a.03,NQR 4,P,LN 4,BE,ET a3 05,Sie schätzen die Erfüllbarkeit der Anforderungen durch die erstellten Konzepte ab.,LFB_9999_a.03_5,-,-,-,-,-,-,5. Sem.,1
ET,9999 a.03,NQR 4,P,LN 4,BE,ET a2 04,Sie recherchieren in der einschlägigen Literatur zu Hard- und Software nach möglichen Lösungsansätzen.,LFB_9999_a.03_5,-,-,-,-,-,-,5. Sem.,1
ET,9999 a.03,NQR 4,P,LN 4,BE,ET a3 07,Sie entscheiden zusammen mit den Verantwortlichen auf Basis der Messergebnisse über das weitere Vorgehen.,LFB_9999_a.03_5,-,-,-,-,-,-,5. Sem.,1
ET,9999 a.03,NQR 4,P,LN 3,BE,MEM 07 03,Sie nutzen vernetzte Systeme im betrieblichen Alltag effizient. Sie gestalten ihr Handeln jederzeit optimal und sicher.,LFB_9999_a.03_5,-,-,-,-,-,-,5. Sem.,1
ET,9999 a.03,NQR 4,P,LN 4,BE,MEM 07 04,"Sie erkennen Cyberbedrohungen, die Schaden an der digitalen Infrastruktur anrichten, und setzen Massnahmen zur Schadensbegrenzung um.",LFB_9999_a.03_5,-,-,-,-,-,-,5. Sem.,1
ET,9999 a.03,NQR 4,P,LN 5,BE,ET a3 01,Sie planen gemäss den Anforderungen Versuchsanordnungen.,LFB_9999_a.03_6,-,-,-,-,-,-,6. Sem.,1
ET,9999 a.03,NQR 4,P,LN 4,BE,ET a3 03,Sie überprüfen mit den Versuchsaufbauten die Machbarkeit.,LFB_9999_a.03_6,-,-,-,-,-,-,6. Sem.,1
ET,9999 a.03,NQR 4,P,LN 4,BE,ET a3 05,Sie schätzen die Erfüllbarkeit der Anforderungen durch die erstellten Konzepte ab.,LFB_9999_a.03_6,-,-,-,-,-,-,6. Sem.,1
ET,9999 a.03,NQR 4,P,LN 4,BE,ET a2 04,Sie recherchieren in der einschlägigen Literatur zu Hard- und Software nach möglichen Lösungsansätzen.,LFB_9999_a.03_6,-,-,-,-,-,-,6. Sem.,1
ET,9999 a.03,NQR 4,P,LN 4,BE,ET a3 07,Sie entscheiden zusammen mit den Verantwortlichen auf Basis der Messergebnisse über das weitere Vorgehen.,LFB_9999_a.03_6,-,-,-,-,-,-,6. Sem.,1
ET,9999 a.03,NQR 4,P,LN 3,BE,MEM 07 03,Sie nutzen vernetzte Systeme im betrieblichen Alltag effizient. Sie gestalten ihr Handeln jederzeit optimal und sicher.,LFB_9999_a.03_6,-,-,-,-,-,-,6. Sem.,1
ET,9999 a.03,NQR 4,P,LN 4,BE,MEM 07 04,"Sie erkennen Cyberbedrohungen, die Schaden an der digitalen Infrastruktur anrichten, und setzen Massnahmen zur Schadensbegrenzung um.",LFB_9999_a.03_6,-,-,-,-,-,-,6. Sem.,1
ET,9999 a.03,NQR 4,P,LN 5,BE,ET a3 01,Sie planen gemäss den Anforderungen Versuchsanordnungen.,LFB_9999_a.03_7,-,-,-,-,-,-,7. Sem.,1
ET,9999 a.03,NQR 4,P,LN 3,BE,MEM 07 03,Sie nutzen vernetzte Systeme im betrieblichen Alltag effizient. Sie gestalten ihr Handeln jederzeit optimal und sicher.,LFB_9999_a.03_7,-,-,-,-,-,-,7. Sem.,1
ET,9999 a.03,NQR 4,P,LN 4,BE,MEM 07 04,"Sie erkennen Cyberbedrohungen, die Schaden an der digitalen Infrastruktur anrichten, und setzen Massnahmen zur Schadensbegrenzung um.",LFB_9999_a.03_7,-,-,-,-,-,-,7. Sem.,1
ET,9999 a.03,NQR 4,P,LN 5,BE,ET a3 01,Sie planen gemäss den Anforderungen Versuchsanordnungen.,LFB_9999_a.03_8,-,-,-,-,-,-,8. Sem.,1
ET,9999 a.03,NQR 4,P,LN 3,BE,MEM 07 03,Sie nutzen vernetzte Systeme im betrieblichen Alltag effizient. Sie gestalten ihr Handeln jederzeit optimal und sicher.,LFB_9999_a.03_8,-,-,-,-,-,-,8. Sem.,1
ET,9999 a.03,NQR 4,P,LN 4,BE,MEM 07 04,"Sie erkennen Cyberbedrohungen, die Schaden an der digitalen Infrastruktur anrichten, und setzen Massnahmen zur Schadensbegrenzung um.",LFB_9999_a.03_8,-,-,-,-,-,-,8. Sem.,1
ET,9999 b.01,NQR 4,P,LN 4,BE,ET b1 01,Sie evaluieren auf Grund von Anforderungen elektronische Komponenten.,LFB_9999_b.01_2,-,-,-,-,-,-,2. Sem.,1
ET,9999 b.01,NQR 4,P,LN 5,BE,ET b1 02,Sie entwickeln auf Grund des Konzepts die Schaltung.,LFB_9999_b.01_2,-,-,-,-,-,-,2. Sem.,1
ET,9999 b.01,NQR 4,P,LN 3,BE,ET b1 04,Sie zeichnen mit einem CAD-System nach Firmenvorgaben das Schema.,LFB_9999_b.01_2,-,-,-,-,-,-,2. Sem.,1
ET,9999 b.01,NQR 4,P,LN 4,BE,ET b1 01,Sie evaluieren auf Grund von Anforderungen elektronische Komponenten.,LFB_9999_b.01_3,-,-,-,-,-,-,3. Sem.,1
ET,9999 b.01,NQR 4,P,LN 5,BE,ET b1 02,Sie entwickeln auf Grund des Konzepts die Schaltung.,LFB_9999_b.01_3,-,-,-,-,-,-,3. Sem.,1
ET,9999 b.01,NQR 4,P,LN 3,BE,ET b1 03,Sie überprüfen auf Grund des Schemas die prinzipielle Funktion von Schaltungsteilen.,LFB_9999_b.01_3,-,-,-,-,-,-,3. Sem.,1
ET,9999 b.01,NQR 4,P,LN 3,BE,ET b1 04,Sie zeichnen mit einem CAD-System nach Firmenvorgaben das Schema.,LFB_9999_b.01_3,-,-,-,-,-,-,3. Sem.,1
ET,9999 b.01,NQR 4,P,LN 3,BE,ET b1 05,Sie erfassen in Bauteilbibliotheken alle relevanten Daten.,LFB_9999_b.01_3,-,-,-,-,-,-,3. Sem.,1
ET,9999 b.01,NQR 4,P,LN 4,BE,ET b1 01,Sie evaluieren auf Grund von Anforderungen elektronische Komponenten.,LFB_9999_b.01_4,-,-,-,-,-,-,4. Sem.,1
ET,9999 b.01,NQR 4,P,LN 5,BE,ET b1 02,Sie entwickeln auf Grund des Konzepts die Schaltung.,LFB_9999_b.01_4,-,-,-,-,-,-,4. Sem.,1
ET,9999 b.01,NQR 4,P,LN 3,BE,ET b1 03,Sie überprüfen auf Grund des Schemas die prinzipielle Funktion von Schaltungsteilen.,LFB_9999_b.01_4,-,-,-,-,-,-,4. Sem.,1
ET,9999 b.01,NQR 4,P,LN 3,BE,ET b1 04,Sie zeichnen mit einem CAD-System nach Firmenvorgaben das Schema.,LFB_9999_b.01_4,-,-,-,-,-,-,4. Sem.,1
ET,9999 b.01,NQR 4,P,LN 3,BE,ET b1 05,Sie erfassen in Bauteilbibliotheken alle relevanten Daten.,LFB_9999_b.01_4,-,-,-,-,-,-,4. Sem.,1
ET,9999 b.01,NQR 4,P,LN 4,BE,ET b1 01,Sie evaluieren auf Grund von Anforderungen elektronische Komponenten.,LFB_9999_b.01_5,-,-,-,-,-,-,5. Sem.,1
ET,9999 b.01,NQR 4,P,LN 5,BE,ET b1 02,Sie entwickeln auf Grund des Konzepts die Schaltung.,LFB_9999_b.01_5,-,-,-,-,-,-,5. Sem.,1
ET,9999 b.01,NQR 4,P,LN 3,BE,ET b1 04,Sie zeichnen mit einem CAD-System nach Firmenvorgaben das Schema.,LFB_9999_b.01_5,-,-,-,-,-,-,5. Sem.,1
ET,9999 b.01,NQR 4,P,LN 3,BE,ET b1 05,Sie erfassen in Bauteilbibliotheken alle relevanten Daten.,LFB_9999_b.01_5,-,-,-,-,-,-,5. Sem.,1
ET,9999 b.01,NQR 4,P,LN 4,BE,ET b1 01,Sie evaluieren auf Grund von Anforderungen elektronische Komponenten.,LFB_9999_b.01_6,-,-,-,-,-,-,6. Sem.,1
ET,9999 b.01,NQR 4,P,LN 5,BE,ET b1 02,Sie entwickeln auf Grund des Konzepts die Schaltung.,LFB_9999_b.01_6,-,-,-,-,-,-,6. Sem.,1
ET,9999 b.01,NQR 4,P,LN 3,BE,ET b1 04,Sie zeichnen mit einem CAD-System nach Firmenvorgaben das Schema.,LFB_9999_b.01_6,-,-,-,-,-,-,6. Sem.,1
ET,9999 b.01,NQR 4,P,LN 3,BE,ET b1 05,Sie erfassen in Bauteilbibliotheken alle relevanten Daten.,LFB_9999_b.01_6,-,-,-,-,-,-,6. Sem.,1
ET,9999 b.01,NQR 4,P,LN 4,BE,ET b1 01,Sie evaluieren auf Grund von Anforderungen elektronische Komponenten.,LFB_9999_b.01_7,-,-,-,-,-,-,7. Sem.,1
ET,9999 b.01,NQR 4,P,LN 5,BE,ET b1 02,Sie entwickeln auf Grund des Konzepts die Schaltung.,LFB_9999_b.01_7,-,-,-,-,-,-,7. Sem.,1
ET,9999 b.01,NQR 4,P,LN 3,BE,ET b1 05,Sie erfassen in Bauteilbibliotheken alle relevanten Daten.,LFB_9999_b.01_7,-,-,-,-,-,-,7. Sem.,1
ET,9999 b.01,NQR 4,P,LN 4,BE,ET b1 01,Sie evaluieren auf Grund von Anforderungen elektronische Komponenten.,LFB_9999_b.01_8,-,-,-,-,-,-,8. Sem.,1
ET,9999 b.01,NQR 4,P,LN 5,BE,ET b1 02,Sie entwickeln auf Grund des Konzepts die Schaltung.,LFB_9999_b.01_8,-,-,-,-,-,-,8. Sem.,1
ET,9999 b.01,NQR 4,P,LN 3,BE,ET b1 05,Sie erfassen in Bauteilbibliotheken alle relevanten Daten.,LFB_9999_b.01_8,-,-,-,-,-,-,8. Sem.,1
ET,9999 b.02,NQR 4,P,LN 4,BE,ET b2 01,Sie erstellen mit einem CAD-System nach Designregeln Layouts.,LFB_9999_b.02_3,-,-,-,-,-,-,3. Sem.,1
ET,9999 b.02,NQR 4,P,LN 3,BE,ET b2 03,Sie zeichnen die Leiterplatte gemäss dem mechanischen Konzept.,LFB_9999_b.02_3,-,-,-,-,-,-,3. Sem.,1
ET,9999 b.02,NQR 4,P,LN 3,BE,ET b1 05,Sie erfassen in Bauteilbibliotheken alle relevanten Daten.,LFB_9999_b.02_3,-,-,-,-,-,-,3. Sem.,1
ET,9999 b.02,NQR 4,P,LN 4,BE,ET b2 01,Sie erstellen mit einem CAD-System nach Designregeln Layouts.,LFB_9999_b.02_4,-,-,-,-,-,-,4. Sem.,1
ET,9999 b.02,NQR 4,P,LN 3,BE,ET b2 03,Sie zeichnen die Leiterplatte gemäss dem mechanischen Konzept.,LFB_9999_b.02_4,-,-,-,-,-,-,4. Sem.,1
ET,9999 b.02,NQR 4,P,LN 3,BE,ET b1 05,Sie erfassen in Bauteilbibliotheken alle relevanten Daten.,LFB_9999_b.02_4,-,-,-,-,-,-,4. Sem.,1
ET,9999 b.02,NQR 4,P,LN 3,BE,ET b2 05,Sie generieren die notwendigen Dateien für die Herstellung und Bestückung der Leiterplatte.,LFB_9999_b.02_4,-,-,-,-,-,-,4. Sem.,1
ET,9999 b.02,NQR 4,P,LN 3,BE,ET b2 06,Sie bestellen bei einem Hersteller Prototypen der Leiterplatte.,LFB_9999_b.02_4,-,-,-,-,-,-,4. Sem.,1
ET,9999 b.02,NQR 4,P,LN 4,BE,ET b2 01,Sie erstellen mit einem CAD-System nach Designregeln Layouts.,LFB_9999_b.02_5,-,-,-,-,-,-,5. Sem.,1
ET,9999 b.02,NQR 4,P,LN 3,BE,ET b2 02,Sie wenden die Designempfehlungen aus den Datenblättern in den Layouts an.,LFB_9999_b.02_5,-,-,-,-,-,-,5. Sem.,1
ET,9999 b.02,NQR 4,P,LN 3,BE,ET b2 03,Sie zeichnen die Leiterplatte gemäss dem mechanischen Konzept.,LFB_9999_b.02_5,-,-,-,-,-,-,5. Sem.,1
ET,9999 b.02,NQR 4,P,LN 3,BE,ET b1 05,Sie erfassen in Bauteilbibliotheken alle relevanten Daten.,LFB_9999_b.02_5,-,-,-,-,-,-,5. Sem.,1
ET,9999 b.02,NQR 4,P,LN 3,BE,ET b2 05,Sie generieren die notwendigen Dateien für die Herstellung und Bestückung der Leiterplatte.,LFB_9999_b.02_5,-,-,-,-,-,-,5. Sem.,1
ET,9999 b.02,NQR 4,P,LN 3,BE,ET b2 06,Sie bestellen bei einem Hersteller Prototypen der Leiterplatte.,LFB_9999_b.02_5,-,-,-,-,-,-,5. Sem.,1
ET,9999 b.02,NQR 4,P,LN 4,BE,ET b2 01,Sie erstellen mit einem CAD-System nach Designregeln Layouts.,LFB_9999_b.02_6,-,-,-,-,-,-,6. Sem.,1
ET,9999 b.02,NQR 4,P,LN 3,BE,ET b2 02,Sie wenden die Designempfehlungen aus den Datenblättern in den Layouts an.,LFB_9999_b.02_6,-,-,-,-,-,-,6. Sem.,1
ET,9999 b.02,NQR 4,P,LN 3,BE,ET b2 03,Sie zeichnen die Leiterplatte gemäss dem mechanischen Konzept.,LFB_9999_b.02_6,-,-,-,-,-,-,6. Sem.,1
ET,9999 b.02,NQR 4,P,LN 3,BE,ET b1 05,Sie erfassen in Bauteilbibliotheken alle relevanten Daten.,LFB_9999_b.02_6,-,-,-,-,-,-,6. Sem.,1
ET,9999 b.02,NQR 4,P,LN 3,BE,ET b2 05,Sie generieren die notwendigen Dateien für die Herstellung und Bestückung der Leiterplatte.,LFB_9999_b.02_6,-,-,-,-,-,-,6. Sem.,1
ET,9999 b.02,NQR 4,P,LN 3,BE,ET b2 06,Sie bestellen bei einem Hersteller Prototypen der Leiterplatte.,LFB_9999_b.02_6,-,-,-,-,-,-,6. Sem.,1
ET,9999 b.02,NQR 4,P,LN 4,BE,ET b2 01,Sie erstellen mit einem CAD-System nach Designregeln Layouts.,LFB_9999_b.02_7,-,-,-,-,-,-,7. Sem.,1
ET,9999 b.02,NQR 4,P,LN 3,BE,ET b2 02,Sie wenden die Designempfehlungen aus den Datenblättern in den Layouts an.,LFB_9999_b.02_7,-,-,-,-,-,-,7. Sem.,1
ET,9999 b.02,NQR 4,P,LN 3,BE,ET b2 03,Sie zeichnen die Leiterplatte gemäss dem mechanischen Konzept.,LFB_9999_b.02_7,-,-,-,-,-,-,7. Sem.,1
ET,9999 b.02,NQR 4,P,LN 3,BE,ET b1 05,Sie erfassen in Bauteilbibliotheken alle relevanten Daten.,LFB_9999_b.02_7,-,-,-,-,-,-,7. Sem.,1
ET,9999 b.02,NQR 4,P,LN 3,BE,ET b2 05,Sie generieren die notwendigen Dateien für die Herstellung und Bestückung der Leiterplatte.,LFB_9999_b.02_7,-,-,-,-,-,-,7. Sem.,1
ET,9999 b.02,NQR 4,P,LN 3,BE,ET b2 06,Sie bestellen bei einem Hersteller Prototypen der Leiterplatte.,LFB_9999_b.02_7,-,-,-,-,-,-,7. Sem.,1
ET,9999 b.02,NQR 4,P,LN 4,BE,ET b2 01,Sie erstellen mit einem CAD-System nach Designregeln Layouts.,LFB_9999_b.02_8,-,-,-,-,-,-,8. Sem.,1
ET,9999 b.02,NQR 4,P,LN 3,BE,ET b2 02,Sie wenden die Designempfehlungen aus den Datenblättern in den Layouts an.,LFB_9999_b.02_8,-,-,-,-,-,-,8. Sem.,1
ET,9999 b.02,NQR 4,P,LN 3,BE,ET b2 03,Sie zeichnen die Leiterplatte gemäss dem mechanischen Konzept.,LFB_9999_b.02_8,-,-,-,-,-,-,8. Sem.,1
ET,9999 b.02,NQR 4,P,LN 3,BE,ET b1 05,Sie erfassen in Bauteilbibliotheken alle relevanten Daten.,LFB_9999_b.02_8,-,-,-,-,-,-,8. Sem.,1
ET,9999 b.02,NQR 4,P,LN 3,BE,ET b2 05,Sie generieren die notwendigen Dateien für die Herstellung und Bestückung der Leiterplatte.,LFB_9999_b.02_8,-,-,-,-,-,-,8. Sem.,1
ET,9999 b.02,NQR 4,P,LN 3,BE,ET b2 06,Sie bestellen bei einem Hersteller Prototypen der Leiterplatte.,LFB_9999_b.02_8,-,-,-,-,-,-,8. Sem.,1
ET,9999 b.03,NQR 3,P,LN 3,BE,ET b3 01,Sie stellen gemäss Fertigungsunterlagen das Material bereit.,LFB_9999_b.03_1,-,-,-,-,-,-,1. Sem.,1
ET,9999 b.03,NQR 3,P,LN 2,BE,ET b3 02,Sie kontrollieren das bereitgestellte Material.,LFB_9999_b.03_1,-,-,-,-,-,-,1. Sem.,1
ET,9999 b.03,NQR 3,P,LN 3,BE,ET b3 04,Sie halten zum Schutz von Personen und Betriebsmittel die Sicherheitsmassnahmen ein.,LFB_9999_b.03_1,-,-,-,-,-,-,1. Sem.,1
ET,9999 b.03,NQR 3,P,LN 3,BE,ET b3 05,Sie stellen Kabel für elektrische Verbindungen her.,LFB_9999_b.03_1,-,-,-,-,-,-,1. Sem.,1
ET,9999 b.03,NQR 3,P,LN 3,BE,ET b3 06,Sie bestücken und löten Leiterplatten.,LFB_9999_b.03_1,-,-,-,-,-,-,1. Sem.,1
ET,9999 b.03,NQR 3,P,LN 3,BE,ET b3 10,"Sie kontrollieren optisch nach Prüfkriterien die Lötstellen, Bestückungen und Verbindungen.",LFB_9999_b.03_1,-,-,-,-,-,-,1. Sem.,1
ET,9999 b.03,NQR 3,P,LN 3,BE,ET b3 11,Sie schützen Leiterplatten oder Baugruppen vor möglichen Schadeinwirkungen.,LFB_9999_b.03_1,-,-,-,-,-,-,1. Sem.,1
ET,9999 b.03,NQR 3,P,LN 3,BE,ET b3 12,Sie schützen sich und Betriebsmittel vor Schäden und führen Abfälle einer Wiederverwertung zu oder entsorgen sie umweltgerecht.,LFB_9999_b.03_1,-,-,-,-,-,-,1. Sem.,1
ET,9999 b.03,NQR 3,P,LN 3,BE,MEM 05 01,Sie organisieren ihren Arbeitsplatz.,LFB_9999_b.03_1,-,-,-,-,-,-,1. Sem.,1
ET,9999 b.03,NQR 3,P,LN 4,BE,MEM 05 02,"Sie wählen die für ihre Arbeit benötigen Materialen, Hilfsstoffe und Arbeitsmittel aus und stellen diese bereit.",LFB_9999_b.03_1,-,-,-,-,-,-,1. Sem.,1
ET,9999 b.03,NQR 3,P,LN 3,BE,MEM 05 03,Sie gewährleisten die Pflege und den Unterhalt der Werkzeuge/Arbeitsgeräte und Verbrauchsgüter.,LFB_9999_b.03_1,-,-,-,-,-,-,1. Sem.,1
ET,9999 b.03,NQR 3,P,LN 3,BE,MEM 05 04,Sie lagern Material und Waren fachgerecht gemäss betrieblichen und rechtlichen Vorgaben/Anforderungen.,LFB_9999_b.03_1,-,-,-,-,-,-,1. Sem.,1
ET,9999 b.03,NQR 3,P,LN 4,BE,MEM 05 05,Sie beschaffen Material und Waren fachgerecht gemäss betrieblichen und rechtlichen Vorgaben/Anforderungen.,LFB_9999_b.03_1,-,-,-,-,-,-,1. Sem.,1
ET,9999 b.03,NQR 3,P,LN 3,BE,MEM 11 05 1-2,Sie halten im eigenen Arbeitsumfeld die gesetzlichen Vorschriften und betrieblichen Vorgaben zum Schutz der Umwelt ein.,LFB_9999_b.03_1,-,-,-,-,-,-,1. Sem.,1
ET,9999 b.03,NQR 3,P,LN 3,BE,MEM 11 05 2-2,Sie dokumentieren deren Einhaltung nach betrieblichen Vorgaben.,LFB_9999_b.03_1,-,-,-,-,-,-,1. Sem.,1
ET,9999 b.03,NQR 3,P,LN 4,BE,ET b3 03,Sie planen je nach Verfügbarkeit des Materials oder anderer Ressourcen die Arbeiten.,LFB_9999_b.03_2,-,-,-,-,-,-,2. Sem.,1
ET,9999 b.03,NQR 3,P,LN 3,BE,ET b3 04,Sie halten zum Schutz von Personen und Betriebsmittel die Sicherheitsmassnahmen ein.,LFB_9999_b.03_2,-,-,-,-,-,-,2. Sem.,1
ET,9999 b.03,NQR 3,P,LN 3,BE,ET b3 05,Sie stellen Kabel für elektrische Verbindungen her.,LFB_9999_b.03_2,-,-,-,-,-,-,2. Sem.,1
ET,9999 b.03,NQR 3,P,LN 3,BE,ET b3 06,Sie bestücken und löten Leiterplatten.,LFB_9999_b.03_2,-,-,-,-,-,-,2. Sem.,1
ET,9999 b.03,NQR 3,P,LN 3,BE,ET b3 09,Sie nehmen einfache mechanische Montagen vor.,LFB_9999_b.03_2,-,-,-,-,-,-,2. Sem.,1
ET,9999 b.03,NQR 3,P,LN 3,BE,ET b3 10,"Sie kontrollieren optisch nach Prüfkriterien die Lötstellen, Bestückungen und Verbindungen.",LFB_9999_b.03_2,-,-,-,-,-,-,2. Sem.,1
ET,9999 b.03,NQR 3,P,LN 3,BE,ET b3 11,Sie schützen Leiterplatten oder Baugruppen vor möglichen Schadeinwirkungen.,LFB_9999_b.03_2,-,-,-,-,-,-,2. Sem.,1
ET,9999 b.03,NQR 3,P,LN 3,BE,ET b3 12,Sie schützen sich und Betriebsmittel vor Schäden und führen Abfälle einer Wiederverwertung zu oder entsorgen sie umweltgerecht.,LFB_9999_b.03_2,-,-,-,-,-,-,2. Sem.,1
ET,9999 b.03,NQR 3,P,LN 3,BE,MEM 05 01,Sie organisieren ihren Arbeitsplatz.,LFB_9999_b.03_2,-,-,-,-,-,-,2. Sem.,1
ET,9999 b.03,NQR 3,P,LN 4,BE,MEM 05 02,"Sie wählen die für ihre Arbeit benötigen Materialen, Hilfsstoffe und Arbeitsmittel aus und stellen diese bereit.",LFB_9999_b.03_2,-,-,-,-,-,-,2. Sem.,1
ET,9999 b.03,NQR 3,P,LN 3,BE,MEM 05 03,Sie gewährleisten die Pflege und den Unterhalt der Werkzeuge/Arbeitsgeräte und Verbrauchsgüter.,LFB_9999_b.03_2,-,-,-,-,-,-,2. Sem.,1
ET,9999 b.03,NQR 3,P,LN 3,BE,MEM 05 04,Sie lagern Material und Waren fachgerecht gemäss betrieblichen und rechtlichen Vorgaben/Anforderungen.,LFB_9999_b.03_2,-,-,-,-,-,-,2. Sem.,1
ET,9999 b.03,NQR 3,P,LN 4,BE,MEM 05 05,Sie beschaffen Material und Waren fachgerecht gemäss betrieblichen und rechtlichen Vorgaben/Anforderungen.,LFB_9999_b.03_2,-,-,-,-,-,-,2. Sem.,1
ET,9999 b.03,NQR 3,P,LN 3,BE,MEM 11 03,Sie setzen die Vorgaben zur Arbeitssicherheit in ihrer Arbeit um und stellen die Einhaltung in ihrem Umfeld sicher.,LFB_9999_b.03_2,-,-,-,-,-,-,2. Sem.,1
ET,9999 b.03,NQR 3,P,LN 3,BE,MEM 11 04,Sie dokumentieren die Einhaltung von Arbeitssicherheit und Umweltschutz nach betrieblichen Vorgaben.,LFB_9999_b.03_2,-,-,-,-,-,-,2. Sem.,1
ET,9999 b.03,NQR 3,P,LN 3,BE,MEM 11 05 1-2,Sie halten im eigenen Arbeitsumfeld die gesetzlichen Vorschriften und betrieblichen Vorgaben zum Schutz der Umwelt ein.,LFB_9999_b.03_2,-,-,-,-,-,-,2. Sem.,1
ET,9999 b.03,NQR 3,P,LN 3,BE,MEM 11 05 2-2,Sie dokumentieren deren Einhaltung nach betrieblichen Vorgaben.,LFB_9999_b.03_2,-,-,-,-,-,-,2. Sem.,1
ET,9999 b.03,NQR 3,P,LN 4,BE,ET b3 03,Sie planen je nach Verfügbarkeit des Materials oder anderer Ressourcen die Arbeiten.,LFB_9999_b.03_3,-,-,-,-,-,-,3. Sem.,1
ET,9999 b.03,NQR 3,P,LN 3,BE,ET b3 04,Sie halten zum Schutz von Personen und Betriebsmittel die Sicherheitsmassnahmen ein.,LFB_9999_b.03_3,-,-,-,-,-,-,3. Sem.,1
ET,9999 b.03,NQR 3,P,LN 3,BE,ET b3 06,Sie bestücken und löten Leiterplatten.,LFB_9999_b.03_3,-,-,-,-,-,-,3. Sem.,1
ET,9999 b.03,NQR 3,P,LN 3,BE,ET b3 07,Sie modifizieren bestehende Leiterplatten oder Baugruppen.,LFB_9999_b.03_3,-,-,-,-,-,-,3. Sem.,1
ET,9999 b.03,NQR 3,P,LN 3,BE,ET b3 08,Sie korrigieren fehlende oder falsche Angaben in den Unterlagen.,LFB_9999_b.03_3,-,-,-,-,-,-,3. Sem.,1
ET,9999 b.03,NQR 3,P,LN 3,BE,ET b3 09,Sie nehmen einfache mechanische Montagen vor.,LFB_9999_b.03_3,-,-,-,-,-,-,3. Sem.,1
ET,9999 b.03,NQR 3,P,LN 4,BE,MEM 05 02,"Sie wählen die für ihre Arbeit benötigen Materialen, Hilfsstoffe und Arbeitsmittel aus und stellen diese bereit.",LFB_9999_b.03_3,-,-,-,-,-,-,3. Sem.,1
ET,9999 b.03,NQR 3,P,LN 4,BE,MEM 05 05,Sie beschaffen Material und Waren fachgerecht gemäss betrieblichen und rechtlichen Vorgaben/Anforderungen.,LFB_9999_b.03_3,-,-,-,-,-,-,3. Sem.,1
ET,9999 b.03,NQR 3,P,LN 4,BE,MEM 05 06,"Sie bewirtschaften auftragsbezogenes Material, Ersatzteile, Waren oder Dienstleistungen und stellen diese bereit.",LFB_9999_b.03_3,-,-,-,-,-,-,3. Sem.,1
ET,9999 b.03,NQR 3,P,LN 3,BE,MEM 11 03,Sie setzen die Vorgaben zur Arbeitssicherheit in ihrer Arbeit um und stellen die Einhaltung in ihrem Umfeld sicher.,LFB_9999_b.03_3,-,-,-,-,-,-,3. Sem.,1
ET,9999 b.03,NQR 3,P,LN 3,BE,MEM 11 04,Sie dokumentieren die Einhaltung von Arbeitssicherheit und Umweltschutz nach betrieblichen Vorgaben.,LFB_9999_b.03_3,-,-,-,-,-,-,3. Sem.,1
ET,9999 b.03,NQR 3,P,LN 3,BE,MEM 11 05 1-2,Sie halten im eigenen Arbeitsumfeld die gesetzlichen Vorschriften und betrieblichen Vorgaben zum Schutz der Umwelt ein.,LFB_9999_b.03_3,-,-,-,-,-,-,3. Sem.,1
ET,9999 b.03,NQR 3,P,LN 3,BE,MEM 11 05 2-2,Sie dokumentieren deren Einhaltung nach betrieblichen Vorgaben.,LFB_9999_b.03_3,-,-,-,-,-,-,3. Sem.,1
ET,9999 b.03,NQR 3,P,LN 3,BE,MEM 11 07,Sie lassen in ihrem Handeln und Entscheiden ökologische Aspekte einfliessen.,LFB_9999_b.03_3,-,-,-,-,-,-,3. Sem.,1
ET,9999 b.03,NQR 3,P,LN 5,BE,MEM 11 08,Sie erkennen die ökologischen Gefahren in ihrem Arbeitsbereich und leiten zielführende Massnahmen zum Schutz von Umwelt und Mensch ein.,LFB_9999_b.03_3,-,-,-,-,-,-,3. Sem.,1
ET,9999 b.03,NQR 3,P,LN 3,BE,ET b3 06,Sie bestücken und löten Leiterplatten.,LFB_9999_b.03_4,-,-,-,-,-,-,4. Sem.,1
ET,9999 b.03,NQR 3,P,LN 3,BE,ET b3 07,Sie modifizieren bestehende Leiterplatten oder Baugruppen.,LFB_9999_b.03_4,-,-,-,-,-,-,4. Sem.,1
ET,9999 b.03,NQR 3,P,LN 3,BE,ET b3 08,Sie korrigieren fehlende oder falsche Angaben in den Unterlagen.,LFB_9999_b.03_4,-,-,-,-,-,-,4. Sem.,1
ET,9999 b.03,NQR 3,P,LN 4,BE,MEM 05 02,"Sie wählen die für ihre Arbeit benötigen Materialen, Hilfsstoffe und Arbeitsmittel aus und stellen diese bereit.",LFB_9999_b.03_4,-,-,-,-,-,-,4. Sem.,1
ET,9999 b.03,NQR 3,P,LN 4,BE,MEM 05 05,Sie beschaffen Material und Waren fachgerecht gemäss betrieblichen und rechtlichen Vorgaben/Anforderungen.,LFB_9999_b.03_4,-,-,-,-,-,-,4. Sem.,1
ET,9999 b.03,NQR 3,P,LN 4,BE,MEM 05 06,"Sie bewirtschaften auftragsbezogenes Material, Ersatzteile, Waren oder Dienstleistungen und stellen diese bereit.",LFB_9999_b.03_4,-,-,-,-,-,-,4. Sem.,1
ET,9999 b.03,NQR 3,P,LN 3,BE,MEM 11 03,Sie setzen die Vorgaben zur Arbeitssicherheit in ihrer Arbeit um und stellen die Einhaltung in ihrem Umfeld sicher.,LFB_9999_b.03_4,-,-,-,-,-,-,4. Sem.,1
ET,9999 b.03,NQR 3,P,LN 3,BE,MEM 11 04,Sie dokumentieren die Einhaltung von Arbeitssicherheit und Umweltschutz nach betrieblichen Vorgaben.,LFB_9999_b.03_4,-,-,-,-,-,-,4. Sem.,1
ET,9999 b.03,NQR 3,P,LN 3,BE,MEM 11 05 1-2,Sie halten im eigenen Arbeitsumfeld die gesetzlichen Vorschriften und betrieblichen Vorgaben zum Schutz der Umwelt ein.,LFB_9999_b.03_4,-,-,-,-,-,-,4. Sem.,1
ET,9999 b.03,NQR 3,P,LN 3,BE,MEM 11 05 2-2,Sie dokumentieren deren Einhaltung nach betrieblichen Vorgaben.,LFB_9999_b.03_4,-,-,-,-,-,-,4. Sem.,1
ET,9999 b.03,NQR 3,P,LN 3,BE,MEM 11 07,Sie lassen in ihrem Handeln und Entscheiden ökologische Aspekte einfliessen.,LFB_9999_b.03_4,-,-,-,-,-,-,4. Sem.,1
ET,9999 b.03,NQR 3,P,LN 5,BE,MEM 11 08,Sie erkennen die ökologischen Gefahren in ihrem Arbeitsbereich und leiten zielführende Massnahmen zum Schutz von Umwelt und Mensch ein.,LFB_9999_b.03_4,-,-,-,-,-,-,4. Sem.,1
ET,9999 b.03,NQR 3,P,LN 4,BE,MEM 05 06,"Sie bewirtschaften auftragsbezogenes Material, Ersatzteile, Waren oder Dienstleistungen und stellen diese bereit.",LFB_9999_b.03_5,-,-,-,-,-,-,5. Sem.,1
ET,9999 b.03,NQR 3,P,LN 5,BE,MEM 11 01,Sie decken durch Kontrollen der Arbeitssicherheit Defizite auf und leiten korrigierende Massnahmen ein.,LFB_9999_b.03_5,-,-,-,-,-,-,5. Sem.,1
ET,9999 b.03,NQR 3,P,LN 3,BE,MEM 11 02,Sie leisten einen Beitrag zur laufenden Weiterentwicklung der Arbeitssicherheit.,LFB_9999_b.03_5,-,-,-,-,-,-,5. Sem.,1
ET,9999 b.03,NQR 3,P,LN 3,BE,MEM 11 07,Sie lassen in ihrem Handeln und Entscheiden ökologische Aspekte einfliessen.,LFB_9999_b.03_5,-,-,-,-,-,-,5. Sem.,1
ET,9999 b.03,NQR 3,P,LN 5,BE,MEM 11 08,Sie erkennen die ökologischen Gefahren in ihrem Arbeitsbereich und leiten zielführende Massnahmen zum Schutz von Umwelt und Mensch ein.,LFB_9999_b.03_5,-,-,-,-,-,-,5. Sem.,1
ET,9999 b.03,NQR 3,P,LN 4,BE,MEM 05 06,"Sie bewirtschaften auftragsbezogenes Material, Ersatzteile, Waren oder Dienstleistungen und stellen diese bereit.",LFB_9999_b.03_6,-,-,-,-,-,-,6. Sem.,1
ET,9999 b.03,NQR 3,P,LN 5,BE,MEM 11 01,Sie decken durch Kontrollen der Arbeitssicherheit Defizite auf und leiten korrigierende Massnahmen ein.,LFB_9999_b.03_6,-,-,-,-,-,-,6. Sem.,1
ET,9999 b.03,NQR 3,P,LN 3,BE,MEM 11 02,Sie leisten einen Beitrag zur laufenden Weiterentwicklung der Arbeitssicherheit.,LFB_9999_b.03_6,-,-,-,-,-,-,6. Sem.,1
ET,9999 b.03,NQR 3,P,LN 3,BE,MEM 11 07,Sie lassen in ihrem Handeln und Entscheiden ökologische Aspekte einfliessen.,LFB_9999_b.03_6,-,-,-,-,-,-,6. Sem.,1
ET,9999 b.03,NQR 3,P,LN 5,BE,MEM 11 08,Sie erkennen die ökologischen Gefahren in ihrem Arbeitsbereich und leiten zielführende Massnahmen zum Schutz von Umwelt und Mensch ein.,LFB_9999_b.03_6,-,-,-,-,-,-,6. Sem.,1
ET,9999 b.03,NQR 3,P,LN 5,BE,MEM 11 01,Sie decken durch Kontrollen der Arbeitssicherheit Defizite auf und leiten korrigierende Massnahmen ein.,LFB_9999_b.03_7,-,-,-,-,-,-,7. Sem.,1
ET,9999 b.03,NQR 3,P,LN 3,BE,MEM 11 02,Sie leisten einen Beitrag zur laufenden Weiterentwicklung der Arbeitssicherheit.,LFB_9999_b.03_7,-,-,-,-,-,-,7. Sem.,1
ET,9999 b.03,NQR 3,P,LN 5,BE,MEM 11 01,Sie decken durch Kontrollen der Arbeitssicherheit Defizite auf und leiten korrigierende Massnahmen ein.,LFB_9999_b.03_8,-,-,-,-,-,-,8. Sem.,1
ET,9999 b.03,NQR 3,P,LN 3,BE,MEM 11 02,Sie leisten einen Beitrag zur laufenden Weiterentwicklung der Arbeitssicherheit.,LFB_9999_b.03_8,-,-,-,-,-,-,8. Sem.,1
ET,9999 b.04,NQR 4,P,LN 4,BE,ET b4 02,"Sie bestimmen die Geräte und Hilfsmittel, welche für die durchzuführenden Messungen nötig sind.",LFB_9999_b.04_2,-,-,-,-,-,-,2. Sem.,1
ET,9999 b.04,NQR 4,P,LN 3,BE,ET b4 03,Sie treffen situationsgerechte Maßnahmen zum Schutz von Personen und Gerät.,LFB_9999_b.04_2,-,-,-,-,-,-,2. Sem.,1
ET,9999 b.04,NQR 4,P,LN 3,BE,ET b4 04,"Sie messen Schaltungen und achten darauf, deren ursprünglichen Funktion nicht zu beeinflussen.",LFB_9999_b.04_2,-,-,-,-,-,-,2. Sem.,1
ET,9999 b.04,NQR 4,P,LN 3,BE,ET b4 05,Sie notieren alle Messparameter und alle gemessenen Werte in einem Messprotokoll gemäss Firmenvorgaben.,LFB_9999_b.04_2,-,-,-,-,-,-,2. Sem.,1
ET,9999 b.04,NQR 4,P,LN 4,BE,ET b4 01,Sie legen anhand des Schemas oder der Funktion die Messpunkte fest.,LFB_9999_b.04_3,-,-,-,-,-,-,3. Sem.,1
ET,9999 b.04,NQR 4,P,LN 4,BE,ET b4 02,"Sie bestimmen die Geräte und Hilfsmittel, welche für die durchzuführenden Messungen nötig sind.",LFB_9999_b.04_3,-,-,-,-,-,-,3. Sem.,1
ET,9999 b.04,NQR 4,P,LN 3,BE,ET b4 03,Sie treffen situationsgerechte Maßnahmen zum Schutz von Personen und Gerät.,LFB_9999_b.04_3,-,-,-,-,-,-,3. Sem.,1
ET,9999 b.04,NQR 4,P,LN 3,BE,ET b4 04,"Sie messen Schaltungen und achten darauf, deren ursprünglichen Funktion nicht zu beeinflussen.",LFB_9999_b.04_3,-,-,-,-,-,-,3. Sem.,1
ET,9999 b.04,NQR 4,P,LN 3,BE,ET b4 05,Sie notieren alle Messparameter und alle gemessenen Werte in einem Messprotokoll gemäss Firmenvorgaben.,LFB_9999_b.04_3,-,-,-,-,-,-,3. Sem.,1
ET,9999 b.04,NQR 4,P,LN 4,BE,ET b4 06,Sie sammeln für eine Störungsbehebung die nötigen Unterlagen und grenzen die Fehlfunktion der Schaltung systematisch ein.,LFB_9999_b.04_3,-,-,-,-,-,-,3. Sem.,1
ET,9999 b.04,NQR 4,P,LN 4,BE,ET b4 07,Sie validieren die gemachten Messungen gemäss dem Pflichtenheft.,LFB_9999_b.04_3,-,-,-,-,-,-,3. Sem.,1
ET,9999 b.04,NQR 4,P,LN 3,BE,ET b6 04,Sie halten während der Inbetriebnahme alle Schritte gemäss Protokoll in der richtigen Abfolge ein.,LFB_9999_b.04_3,-,-,-,-,-,-,3. Sem.,1
ET,9999 b.04,NQR 4,P,LN 3,BE,ET b6 05,Sie protokollieren bei Abweichungen vom Sollwert ihre Vermutungen.,LFB_9999_b.04_3,-,-,-,-,-,-,3. Sem.,1
ET,9999 b.04,NQR 4,P,LN 4,BE,ET b4 01,Sie legen anhand des Schemas oder der Funktion die Messpunkte fest.,LFB_9999_b.04_4,-,-,-,-,-,-,4. Sem.,1
ET,9999 b.04,NQR 4,P,LN 4,BE,ET b4 02,"Sie bestimmen die Geräte und Hilfsmittel, welche für die durchzuführenden Messungen nötig sind.",LFB_9999_b.04_4,-,-,-,-,-,-,4. Sem.,1
ET,9999 b.04,NQR 4,P,LN 3,BE,ET b4 03,Sie treffen situationsgerechte Maßnahmen zum Schutz von Personen und Gerät.,LFB_9999_b.04_4,-,-,-,-,-,-,4. Sem.,1
ET,9999 b.04,NQR 4,P,LN 3,BE,ET b4 04,"Sie messen Schaltungen und achten darauf, deren ursprünglichen Funktion nicht zu beeinflussen.",LFB_9999_b.04_4,-,-,-,-,-,-,4. Sem.,1
ET,9999 b.04,NQR 4,P,LN 3,BE,ET b4 05,Sie notieren alle Messparameter und alle gemessenen Werte in einem Messprotokoll gemäss Firmenvorgaben.,LFB_9999_b.04_4,-,-,-,-,-,-,4. Sem.,1
ET,9999 b.04,NQR 4,P,LN 4,BE,ET b4 06,Sie sammeln für eine Störungsbehebung die nötigen Unterlagen und grenzen die Fehlfunktion der Schaltung systematisch ein.,LFB_9999_b.04_4,-,-,-,-,-,-,4. Sem.,1
ET,9999 b.04,NQR 4,P,LN 4,BE,ET b4 07,Sie validieren die gemachten Messungen gemäss dem Pflichtenheft.,LFB_9999_b.04_4,-,-,-,-,-,-,4. Sem.,1
ET,9999 b.04,NQR 4,P,LN 3,BE,ET b6 04,Sie halten während der Inbetriebnahme alle Schritte gemäss Protokoll in der richtigen Abfolge ein.,LFB_9999_b.04_4,-,-,-,-,-,-,4. Sem.,1
ET,9999 b.04,NQR 4,P,LN 3,BE,ET b6 05,Sie protokollieren bei Abweichungen vom Sollwert ihre Vermutungen.,LFB_9999_b.04_4,-,-,-,-,-,-,4. Sem.,1
ET,9999 b.05,NQR 4,P,LN 3,BE,ET b5 03,Sie führen die Teilschritte gemäss Testkonzept durch.,LFB_9999_b.05_3,-,-,-,-,-,-,3. Sem.,1
ET,9999 b.05,NQR 4,P,LN 3,BE,ET b5 04,Sie protokollieren die Testergebnisse vollständig.,LFB_9999_b.05_3,-,-,-,-,-,-,3. Sem.,1
ET,9999 b.05,NQR 4,P,LN 3,BE,ET b5 03,Sie führen die Teilschritte gemäss Testkonzept durch.,LFB_9999_b.05_4,-,-,-,-,-,-,4. Sem.,1
ET,9999 b.05,NQR 4,P,LN 3,BE,ET b5 04,Sie protokollieren die Testergebnisse vollständig.,LFB_9999_b.05_4,-,-,-,-,-,-,4. Sem.,1
ET,9999 b.05,NQR 4,P,LN 4,BE,ET b5 01,Sie leiten aufgrund der Spezifikationen Prüfkriterien ab.,LFB_9999_b.05_5,-,-,-,-,-,-,5. Sem.,1
ET,9999 b.05,NQR 4,P,LN 4,BE,ET b5 02,Sie definieren für die Prüfung einer Schaltung sinnvolle Teilschritte und Testkonzepte.,LFB_9999_b.05_5,-,-,-,-,-,-,5. Sem.,1
ET,9999 b.05,NQR 4,P,LN 3,BE,ET b5 03,Sie führen die Teilschritte gemäss Testkonzept durch.,LFB_9999_b.05_5,-,-,-,-,-,-,5. Sem.,1
ET,9999 b.05,NQR 4,P,LN 3,BE,ET b5 04,Sie protokollieren die Testergebnisse vollständig.,LFB_9999_b.05_5,-,-,-,-,-,-,5. Sem.,1
ET,9999 b.05,NQR 4,P,LN 4,BE,ET b5 05,Bei unbefriedigenden Testergebnissen initiieren sie nötige Änderungen.,LFB_9999_b.05_5,-,-,-,-,-,-,5. Sem.,1
ET,9999 b.05,NQR 4,P,LN 4,BE,ET b5 06,Sie überprüfen die Auswirkungen gemachter Änderungen auf die gesamte Schaltung.,LFB_9999_b.05_5,-,-,-,-,-,-,5. Sem.,1
ET,9999 b.05,NQR 4,P,LN 4,BE,ET b5 01,Sie leiten aufgrund der Spezifikationen Prüfkriterien ab.,LFB_9999_b.05_6,-,-,-,-,-,-,6. Sem.,1
ET,9999 b.05,NQR 4,P,LN 4,BE,ET b5 02,Sie definieren für die Prüfung einer Schaltung sinnvolle Teilschritte und Testkonzepte.,LFB_9999_b.05_6,-,-,-,-,-,-,6. Sem.,1
ET,9999 b.05,NQR 4,P,LN 3,BE,ET b5 03,Sie führen die Teilschritte gemäss Testkonzept durch.,LFB_9999_b.05_6,-,-,-,-,-,-,6. Sem.,1
ET,9999 b.05,NQR 4,P,LN 3,BE,ET b5 04,Sie protokollieren die Testergebnisse vollständig.,LFB_9999_b.05_6,-,-,-,-,-,-,6. Sem.,1
ET,9999 b.05,NQR 4,P,LN 4,BE,ET b5 05,Bei unbefriedigenden Testergebnissen initiieren sie nötige Änderungen.,LFB_9999_b.05_6,-,-,-,-,-,-,6. Sem.,1
ET,9999 b.05,NQR 4,P,LN 4,BE,ET b5 06,Sie überprüfen die Auswirkungen gemachter Änderungen auf die gesamte Schaltung.,LFB_9999_b.05_6,-,-,-,-,-,-,6. Sem.,1
ET,9999 b.05,NQR 4,P,LN 4,BE,ET b5 01,Sie leiten aufgrund der Spezifikationen Prüfkriterien ab.,LFB_9999_b.05_7,-,-,-,-,-,-,7. Sem.,1
ET,9999 b.05,NQR 4,P,LN 4,BE,ET b5 02,Sie definieren für die Prüfung einer Schaltung sinnvolle Teilschritte und Testkonzepte.,LFB_9999_b.05_7,-,-,-,-,-,-,7. Sem.,1
ET,9999 b.05,NQR 4,P,LN 3,BE,ET b5 03,Sie führen die Teilschritte gemäss Testkonzept durch.,LFB_9999_b.05_7,-,-,-,-,-,-,7. Sem.,1
ET,9999 b.05,NQR 4,P,LN 3,BE,ET b5 04,Sie protokollieren die Testergebnisse vollständig.,LFB_9999_b.05_7,-,-,-,-,-,-,7. Sem.,1
ET,9999 b.05,NQR 4,P,LN 4,BE,ET b5 05,Bei unbefriedigenden Testergebnissen initiieren sie nötige Änderungen.,LFB_9999_b.05_7,-,-,-,-,-,-,7. Sem.,1
ET,9999 b.05,NQR 4,P,LN 4,BE,ET b5 06,Sie überprüfen die Auswirkungen gemachter Änderungen auf die gesamte Schaltung.,LFB_9999_b.05_7,-,-,-,-,-,-,7. Sem.,1
ET,9999 b.05,NQR 4,P,LN 4,BE,ET b5 01,Sie leiten aufgrund der Spezifikationen Prüfkriterien ab.,LFB_9999_b.05_8,-,-,-,-,-,-,8. Sem.,1
ET,9999 b.05,NQR 4,P,LN 4,BE,ET b5 02,Sie definieren für die Prüfung einer Schaltung sinnvolle Teilschritte und Testkonzepte.,LFB_9999_b.05_8,-,-,-,-,-,-,8. Sem.,1
ET,9999 b.05,NQR 4,P,LN 3,BE,ET b5 03,Sie führen die Teilschritte gemäss Testkonzept durch.,LFB_9999_b.05_8,-,-,-,-,-,-,8. Sem.,1
ET,9999 b.05,NQR 4,P,LN 3,BE,ET b5 04,Sie protokollieren die Testergebnisse vollständig.,LFB_9999_b.05_8,-,-,-,-,-,-,8. Sem.,1
ET,9999 b.05,NQR 4,P,LN 4,BE,ET b5 05,Bei unbefriedigenden Testergebnissen initiieren sie nötige Änderungen.,LFB_9999_b.05_8,-,-,-,-,-,-,8. Sem.,1
ET,9999 b.05,NQR 4,P,LN 4,BE,ET b5 06,Sie überprüfen die Auswirkungen gemachter Änderungen auf die gesamte Schaltung.,LFB_9999_b.05_8,-,-,-,-,-,-,8. Sem.,1
ET,9999 b.06,NQR 4,W,LN 3,BE,ET b6 01,Sie klären ihre Kompetenzen und holen bei der zuständigen Fachperson Unterstützung ab.,LFB_9999_b.06_5,-,-,-,-,-,-,5. Sem.,1
ET,9999 b.06,NQR 4,W,LN 3,BE,ET b6 02,Sie halten die Personenschutzmassnahmen ein.,LFB_9999_b.06_5,-,-,-,-,-,-,5. Sem.,1
ET,9999 b.06,NQR 4,W,LN 3,BE,ET b3 04,Sie halten zum Schutz von Personen und Betriebsmittel die Sicherheitsmassnahmen ein.,LFB_9999_b.06_5,-,-,-,-,-,-,5. Sem.,1
ET,9999 b.06,NQR 4,W,LN 3,BE,ET b6 04,Sie halten während der Inbetriebnahme alle Schritte gemäss Protokoll in der richtigen Abfolge ein.,LFB_9999_b.06_5,-,-,-,-,-,-,5. Sem.,1
ET,9999 b.06,NQR 4,W,LN 4,BE,ET b6 05,Sie protokollieren bei Abweichungen vom Sollwert ihre Vermutungen.,LFB_9999_b.06_5,-,-,-,-,-,-,5. Sem.,1
ET,9999 b.06,NQR 4,W,LN 4,BE,ET b6 06,Sie analysieren die Schaltung und zugehörige Unterlagen und leiten dabei das Soll Verhalten ab.,LFB_9999_b.06_5,-,-,-,-,-,-,5. Sem.,1
ET,9999 b.06,NQR 4,W,LN 4,BE,ET b6 07,Sie definieren für die Inbetriebnahme die dazu nötigen Mess- und Prüfmittel.,LFB_9999_b.06_5,-,-,-,-,-,-,5. Sem.,1
ET,9999 b.06,NQR 4,W,LN 4,BE,ET b6 08,Sie erstellen für ihre Inbetriebnahme übersichtliche Messschemas.,LFB_9999_b.06_5,-,-,-,-,-,-,5. Sem.,1
ET,9999 b.06,NQR 4,W,LN 3,BE,ET b6 09,Sie erstellen ein nachvollziehbares Inbetriebnahmeprotokoll für die elektronische Schaltung.,LFB_9999_b.06_5,-,-,-,-,-,-,5. Sem.,1
ET,9999 b.06,NQR 4,W,LN 3,BE,ET b6 11,Sie schliessen ihre Inbetriebnahme gemäss den internen Vorgaben ab.,LFB_9999_b.06_5,-,-,-,-,-,-,5. Sem.,1
ET,9999 b.06,NQR 4,W,LN 3,BE,ET b6 01,Sie klären ihre Kompetenzen und holen bei der zuständigen Fachperson Unterstützung ab.,LFB_9999_b.06_6,-,-,-,-,-,-,6. Sem.,1
ET,9999 b.06,NQR 4,W,LN 3,BE,ET b6 02,Sie halten die Personenschutzmassnahmen ein.,LFB_9999_b.06_6,-,-,-,-,-,-,6. Sem.,1
ET,9999 b.06,NQR 4,W,LN 3,BE,ET b3 04,Sie halten zum Schutz von Personen und Betriebsmittel die Sicherheitsmassnahmen ein.,LFB_9999_b.06_6,-,-,-,-,-,-,6. Sem.,1
ET,9999 b.06,NQR 4,W,LN 3,BE,ET b6 04,Sie halten während der Inbetriebnahme alle Schritte gemäss Protokoll in der richtigen Abfolge ein.,LFB_9999_b.06_6,-,-,-,-,-,-,6. Sem.,1
ET,9999 b.06,NQR 4,W,LN 4,BE,ET b6 05,Sie protokollieren bei Abweichungen vom Sollwert ihre Vermutungen.,LFB_9999_b.06_6,-,-,-,-,-,-,6. Sem.,1
ET,9999 b.06,NQR 4,W,LN 4,BE,ET b6 06,Sie analysieren die Schaltung und zugehörige Unterlagen und leiten dabei das Soll Verhalten ab.,LFB_9999_b.06_6,-,-,-,-,-,-,6. Sem.,1
ET,9999 b.06,NQR 4,W,LN 4,BE,ET b6 07,Sie definieren für die Inbetriebnahme die dazu nötigen Mess- und Prüfmittel.,LFB_9999_b.06_6,-,-,-,-,-,-,6. Sem.,1
ET,9999 b.06,NQR 4,W,LN 4,BE,ET b6 08,Sie erstellen für ihre Inbetriebnahme übersichtliche Messschemas.,LFB_9999_b.06_6,-,-,-,-,-,-,6. Sem.,1
ET,9999 b.06,NQR 4,W,LN 3,BE,ET b6 09,Sie erstellen ein nachvollziehbares Inbetriebnahmeprotokoll für die elektronische Schaltung.,LFB_9999_b.06_6,-,-,-,-,-,-,6. Sem.,1
ET,9999 b.06,NQR 4,W,LN 3,BE,ET b6 11,Sie schliessen ihre Inbetriebnahme gemäss den internen Vorgaben ab.,LFB_9999_b.06_6,-,-,-,-,-,-,6. Sem.,1
ET,9999 b.06,NQR 4,W,LN 3,BE,ET b6 01,Sie klären ihre Kompetenzen und holen bei der zuständigen Fachperson Unterstützung ab.,LFB_9999_b.06_7,-,-,-,-,-,-,7. Sem.,1
ET,9999 b.06,NQR 4,W,LN 3,BE,ET b6 02,Sie halten die Personenschutzmassnahmen ein.,LFB_9999_b.06_7,-,-,-,-,-,-,7. Sem.,1
ET,9999 b.06,NQR 4,W,LN 3,BE,ET b3 04,Sie halten zum Schutz von Personen und Betriebsmittel die Sicherheitsmassnahmen ein.,LFB_9999_b.06_7,-,-,-,-,-,-,7. Sem.,1
ET,9999 b.06,NQR 4,W,LN 3,BE,ET b6 04,Sie halten während der Inbetriebnahme alle Schritte gemäss Protokoll in der richtigen Abfolge ein.,LFB_9999_b.06_7,-,-,-,-,-,-,7. Sem.,1
ET,9999 b.06,NQR 4,W,LN 4,BE,ET b6 05,Sie protokollieren bei Abweichungen vom Sollwert ihre Vermutungen.,LFB_9999_b.06_7,-,-,-,-,-,-,7. Sem.,1
ET,9999 b.06,NQR 4,W,LN 4,BE,ET b6 06,Sie analysieren die Schaltung und zugehörige Unterlagen und leiten dabei das Soll Verhalten ab.,LFB_9999_b.06_7,-,-,-,-,-,-,7. Sem.,1
ET,9999 b.06,NQR 4,W,LN 4,BE,ET b6 07,Sie definieren für die Inbetriebnahme die dazu nötigen Mess- und Prüfmittel.,LFB_9999_b.06_7,-,-,-,-,-,-,7. Sem.,1
ET,9999 b.06,NQR 4,W,LN 4,BE,ET b6 08,Sie erstellen für ihre Inbetriebnahme übersichtliche Messschemas.,LFB_9999_b.06_7,-,-,-,-,-,-,7. Sem.,1
ET,9999 b.06,NQR 4,W,LN 3,BE,ET b6 09,Sie erstellen ein nachvollziehbares Inbetriebnahmeprotokoll für die elektronische Schaltung.,LFB_9999_b.06_7,-,-,-,-,-,-,7. Sem.,1
ET,9999 b.06,NQR 4,W,LN 5,BE,ET b6 10,"Sie definieren nach der Analyse der Abweichungen, mögliche Lösungswege, um das Problem zu beheben.",LFB_9999_b.06_7,-,-,-,-,-,-,7. Sem.,1
ET,9999 b.06,NQR 4,W,LN 3,BE,ET b6 11,Sie schliessen ihre Inbetriebnahme gemäss den internen Vorgaben ab.,LFB_9999_b.06_7,-,-,-,-,-,-,7. Sem.,1
ET,9999 b.06,NQR 4,W,LN 3,BE,ET b6 01,Sie klären ihre Kompetenzen und holen bei der zuständigen Fachperson Unterstützung ab.,LFB_9999_b.06_8,-,-,-,-,-,-,8. Sem.,1
ET,9999 b.06,NQR 4,W,LN 3,BE,ET b6 02,Sie halten die Personenschutzmassnahmen ein.,LFB_9999_b.06_8,-,-,-,-,-,-,8. Sem.,1
ET,9999 b.06,NQR 4,W,LN 3,BE,ET b3 04,Sie halten zum Schutz von Personen und Betriebsmittel die Sicherheitsmassnahmen ein.,LFB_9999_b.06_8,-,-,-,-,-,-,8. Sem.,1
ET,9999 b.06,NQR 4,W,LN 3,BE,ET b6 04,Sie halten während der Inbetriebnahme alle Schritte gemäss Protokoll in der richtigen Abfolge ein.,LFB_9999_b.06_8,-,-,-,-,-,-,8. Sem.,1
ET,9999 b.06,NQR 4,W,LN 4,BE,ET b6 05,Sie protokollieren bei Abweichungen vom Sollwert ihre Vermutungen.,LFB_9999_b.06_8,-,-,-,-,-,-,8. Sem.,1
ET,9999 b.06,NQR 4,W,LN 4,BE,ET b6 06,Sie analysieren die Schaltung und zugehörige Unterlagen und leiten dabei das Soll Verhalten ab.,LFB_9999_b.06_8,-,-,-,-,-,-,8. Sem.,1
ET,9999 b.06,NQR 4,W,LN 4,BE,ET b6 07,Sie definieren für die Inbetriebnahme die dazu nötigen Mess- und Prüfmittel.,LFB_9999_b.06_8,-,-,-,-,-,-,8. Sem.,1
ET,9999 b.06,NQR 4,W,LN 4,BE,ET b6 08,Sie erstellen für ihre Inbetriebnahme übersichtliche Messschemas.,LFB_9999_b.06_8,-,-,-,-,-,-,8. Sem.,1
ET,9999 b.06,NQR 4,W,LN 3,BE,ET b6 09,Sie erstellen ein nachvollziehbares Inbetriebnahmeprotokoll für die elektronische Schaltung.,LFB_9999_b.06_8,-,-,-,-,-,-,8. Sem.,1
ET,9999 b.06,NQR 4,W,LN 5,BE,ET b6 10,"Sie definieren nach der Analyse der Abweichungen, mögliche Lösungswege, um das Problem zu beheben.",LFB_9999_b.06_8,-,-,-,-,-,-,8. Sem.,1
ET,9999 b.06,NQR 4,W,LN 3,BE,ET b6 11,Sie schliessen ihre Inbetriebnahme gemäss den internen Vorgaben ab.,LFB_9999_b.06_8,-,-,-,-,-,-,8. Sem.,1
ET,9999 b.07,NQR 3,W,LN 3,BE,KR c1 01,Sie erstellen Skizzen von Hand.,LFB_9999_b.07_5,-,-,-,-,-,-,5. Sem.,1
ET,9999 b.07,NQR 3,W,LN 3,BE,KR c1 02,Sie erstellen Skizzen für die Fertigung.,LFB_9999_b.07_5,-,-,-,-,-,-,5. Sem.,1
ET,9999 b.07,NQR 3,W,LN 3,BE,KR c1 03,Sie skizzieren für die technische Kommunikation Produkte zwei- und dreidimensional.,LFB_9999_b.07_5,-,-,-,-,-,-,5. Sem.,1
ET,9999 b.07,NQR 3,W,LN 3,BE,PM b1 01 2-3,Sie stellen aufgrund der Auftragsdokumente und der Fertigungsunterlagen das Rohmaterial bereit.,LFB_9999_b.07_5,-,-,-,-,-,-,5. Sem.,1
ET,9999 b.07,NQR 3,W,LN 3,BE,PM b1 01 3-3,Sie kontrollieren aufgrund der Auftragsdokumente und der Fertigungsunterlagen das Rohmaterial.,LFB_9999_b.07_5,-,-,-,-,-,-,5. Sem.,1
ET,9999 b.07,NQR 3,W,LN 3,BE,PM b2 02 2-2,Sie planen die Fertigung von Produkten und erstellen die Fertigungsunterlagen.,LFB_9999_b.07_5,-,-,-,-,-,-,5. Sem.,1
ET,9999 b.07,NQR 3,W,LN 3,BE,PM b2 03,Sie bestimmen geeignete Handwerkzeuge oder handgeführte Maschinen für die Fertigung von Produkten.,LFB_9999_b.07_5,-,-,-,-,-,-,5. Sem.,1
ET,9999 b.07,NQR 3,W,LN 3,BE,PM b2 04,Sie bestimmen geeignete Prüfmittel.,LFB_9999_b.07_5,-,-,-,-,-,-,5. Sem.,1
ET,9999 b.07,NQR 3,W,LN 3,BE,PM b2 05,Sie fertigen Produkte mit Handwerkzeugen oder handgeführten Maschinen.,LFB_9999_b.07_5,-,-,-,-,-,-,5. Sem.,1
ET,9999 b.07,NQR 3,W,LN 3,BE,PM b4 04,Sie kontrollieren das Produkt während des Produktionsprozesses.,LFB_9999_b.07_5,-,-,-,-,-,-,5. Sem.,1
ET,9999 b.07,NQR 3,W,LN 4,BE,ET b7 01,Sie modellieren für additive Verfahren Prototypen von einfachen mechanischen Bauteilen.,LFB_9999_b.07_5,-,-,-,-,-,-,5. Sem.,1
ET,9999 b.07,NQR 3,W,LN 3,BE,ET b7 02,Sie stellen Prototypen von einfachen mechanischen Bauteilen mit additiven Verfahren her.,LFB_9999_b.07_5,-,-,-,-,-,-,5. Sem.,1
ET,9999 b.07,NQR 3,W,LN 3,BE,KR c1 01,Sie erstellen Skizzen von Hand.,LFB_9999_b.07_6,-,-,-,-,-,-,6. Sem.,1
ET,9999 b.07,NQR 3,W,LN 3,BE,KR c1 02,Sie erstellen Skizzen für die Fertigung.,LFB_9999_b.07_6,-,-,-,-,-,-,6. Sem.,1
ET,9999 b.07,NQR 3,W,LN 3,BE,KR c1 03,Sie skizzieren für die technische Kommunikation Produkte zwei- und dreidimensional.,LFB_9999_b.07_6,-,-,-,-,-,-,6. Sem.,1
ET,9999 b.07,NQR 3,W,LN 3,BE,PM b1 01 2-3,Sie stellen aufgrund der Auftragsdokumente und der Fertigungsunterlagen das Rohmaterial bereit.,LFB_9999_b.07_6,-,-,-,-,-,-,6. Sem.,1
ET,9999 b.07,NQR 3,W,LN 3,BE,PM b1 01 3-3,Sie kontrollieren aufgrund der Auftragsdokumente und der Fertigungsunterlagen das Rohmaterial.,LFB_9999_b.07_6,-,-,-,-,-,-,6. Sem.,1
ET,9999 b.07,NQR 3,W,LN 3,BE,PM b2 02 2-2,Sie planen die Fertigung von Produkten und erstellen die Fertigungsunterlagen.,LFB_9999_b.07_6,-,-,-,-,-,-,6. Sem.,1
ET,9999 b.07,NQR 3,W,LN 3,BE,PM b2 03,Sie bestimmen geeignete Handwerkzeuge oder handgeführte Maschinen für die Fertigung von Produkten.,LFB_9999_b.07_6,-,-,-,-,-,-,6. Sem.,1
ET,9999 b.07,NQR 3,W,LN 3,BE,PM b2 04,Sie bestimmen geeignete Prüfmittel.,LFB_9999_b.07_6,-,-,-,-,-,-,6. Sem.,1
ET,9999 b.07,NQR 3,W,LN 3,BE,PM b2 05,Sie fertigen Produkte mit Handwerkzeugen oder handgeführten Maschinen.,LFB_9999_b.07_6,-,-,-,-,-,-,6. Sem.,1
ET,9999 b.07,NQR 3,W,LN 3,BE,PM b4 04,Sie kontrollieren das Produkt während des Produktionsprozesses.,LFB_9999_b.07_6,-,-,-,-,-,-,6. Sem.,1
ET,9999 b.07,NQR 3,W,LN 4,BE,ET b7 01,Sie modellieren für additive Verfahren Prototypen von einfachen mechanischen Bauteilen.,LFB_9999_b.07_6,-,-,-,-,-,-,6. Sem.,1
ET,9999 b.07,NQR 3,W,LN 3,BE,ET b7 02,Sie stellen Prototypen von einfachen mechanischen Bauteilen mit additiven Verfahren her.,LFB_9999_b.07_6,-,-,-,-,-,-,6. Sem.,1
ET,9999 b.07,NQR 3,W,LN 4,BE,ET b7 01,Sie modellieren für additive Verfahren Prototypen von einfachen mechanischen Bauteilen.,LFB_9999_b.07_7,-,-,-,-,-,-,7. Sem.,1
ET,9999 b.07,NQR 3,W,LN 3,BE,ET b7 02,Sie stellen Prototypen von einfachen mechanischen Bauteilen mit additiven Verfahren her.,LFB_9999_b.07_7,-,-,-,-,-,-,7. Sem.,1
ET,9999 b.07,NQR 3,W,LN 4,BE,ET b7 01,Sie modellieren für additive Verfahren Prototypen von einfachen mechanischen Bauteilen.,LFB_9999_b.07_8,-,-,-,-,-,-,8. Sem.,1
ET,9999 b.07,NQR 3,W,LN 3,BE,ET b7 02,Sie stellen Prototypen von einfachen mechanischen Bauteilen mit additiven Verfahren her.,LFB_9999_b.07_8,-,-,-,-,-,-,8. Sem.,1
ET,9999 c.01,NQR 4,P,LN 5,BE,ET c1 01,Sie entwickeln eine Software Struktur gemäss dem Pflichtenheft und stellen diese graphisch dar.,LFB_9999_c.01_3,-,-,-,-,-,-,3. Sem.,1
ET,9999 c.01,NQR 4,P,LN 3,BE,ET c1 02,Sie definieren die Schnittstellen zur verwendeten Hardware.,LFB_9999_c.01_3,-,-,-,-,-,-,3. Sem.,1
ET,9999 c.01,NQR 4,P,LN 3,BE,ET c1 03,Sie sichern den Entwicklungsstand der Software nachvollziehbar laufend in einer Versionsverwaltung.,LFB_9999_c.01_3,-,-,-,-,-,-,3. Sem.,1
ET,9999 c.01,NQR 4,P,LN 4,BE,ET c1 05,Sie programmieren Mikrocontroller gemäss Software Struktur in einer Hochsprache.,LFB_9999_c.01_3,-,-,-,-,-,-,3. Sem.,1
ET,9999 c.01,NQR 4,P,LN 4,BE,ET c1 06,Sie finden und beheben Fehler in der Software.,LFB_9999_c.01_3,-,-,-,-,-,-,3. Sem.,1
ET,9999 c.01,NQR 4,P,LN 2,BE,ET c1 09,"Sie kompilieren Software, laden diese auf das Zielsystem und nehmen das Programm in Betrieb.",LFB_9999_c.01_3,-,-,-,-,-,-,3. Sem.,1
ET,9999 c.01,NQR 4,P,LN 5,BE,ET c1 01,Sie entwickeln eine Software Struktur gemäss dem Pflichtenheft und stellen diese graphisch dar.,LFB_9999_c.01_4,-,-,-,-,-,-,4. Sem.,1
ET,9999 c.01,NQR 4,P,LN 3,BE,ET c1 02,Sie definieren die Schnittstellen zur verwendeten Hardware.,LFB_9999_c.01_4,-,-,-,-,-,-,4. Sem.,1
ET,9999 c.01,NQR 4,P,LN 3,BE,ET c1 03,Sie sichern den Entwicklungsstand der Software nachvollziehbar laufend in einer Versionsverwaltung.,LFB_9999_c.01_4,-,-,-,-,-,-,4. Sem.,1
ET,9999 c.01,NQR 4,P,LN 4,BE,ET c1 05,Sie programmieren Mikrocontroller gemäss Software Struktur in einer Hochsprache.,LFB_9999_c.01_4,-,-,-,-,-,-,4. Sem.,1
ET,9999 c.01,NQR 4,P,LN 4,BE,ET c1 06,Sie finden und beheben Fehler in der Software.,LFB_9999_c.01_4,-,-,-,-,-,-,4. Sem.,1
ET,9999 c.01,NQR 4,P,LN 2,BE,ET c1 09,"Sie kompilieren Software, laden diese auf das Zielsystem und nehmen das Programm in Betrieb.",LFB_9999_c.01_4,-,-,-,-,-,-,4. Sem.,1
ET,9999 c.01,NQR 4,P,LN 5,BE,ET c1 01,Sie entwickeln eine Software Struktur gemäss dem Pflichtenheft und stellen diese graphisch dar.,LFB_9999_c.01_5,-,-,-,-,-,-,5. Sem.,1
ET,9999 c.01,NQR 4,P,LN 3,BE,ET c1 02,Sie definieren die Schnittstellen zur verwendeten Hardware.,LFB_9999_c.01_5,-,-,-,-,-,-,5. Sem.,1
ET,9999 c.01,NQR 4,P,LN 3,BE,ET c1 03,Sie sichern den Entwicklungsstand der Software nachvollziehbar laufend in einer Versionsverwaltung.,LFB_9999_c.01_5,-,-,-,-,-,-,5. Sem.,1
ET,9999 c.01,NQR 4,P,LN 3,BE,ET c1 04,Sie konfigurieren unter Berücksichtigung möglicher Energiesparoptionen Mikrokontroller und die umliegende Hardware.,LFB_9999_c.01_5,-,-,-,-,-,-,5. Sem.,1
ET,9999 c.01,NQR 4,P,LN 4,BE,ET c1 05,Sie programmieren Mikrocontroller gemäss Software Struktur in einer Hochsprache.,LFB_9999_c.01_5,-,-,-,-,-,-,5. Sem.,1
ET,9999 c.01,NQR 4,P,LN 4,BE,ET c1 06,Sie finden und beheben Fehler in der Software.,LFB_9999_c.01_5,-,-,-,-,-,-,5. Sem.,1
ET,9999 c.01,NQR 4,P,LN 3,BE,ET c1 07,Sie steuern mittels Software über Schnittstellen interne und externe Hardware an.,LFB_9999_c.01_5,-,-,-,-,-,-,5. Sem.,1
ET,9999 c.01,NQR 4,P,LN 4,BE,ET c1 08,Sie erweitern oder ändern bestehende Software oder suchen Fehler darin.,LFB_9999_c.01_5,-,-,-,-,-,-,5. Sem.,1
ET,9999 c.01,NQR 4,P,LN 2,BE,ET c1 09,"Sie kompilieren Software, laden diese auf das Zielsystem und nehmen das Programm in Betrieb.",LFB_9999_c.01_5,-,-,-,-,-,-,5. Sem.,1
ET,9999 c.01,NQR 4,P,LN 2,BE,MEM 10 01,Sie passen auftragsbezogene schriftliche Inhalte von technischen Dokumenten in englischer Sprache an.,LFB_9999_c.01_5,-,-,-,-,-,-,5. Sem.,1
ET,9999 c.01,NQR 4,P,LN 2,BE,MEM 10 02,Sie kommunizieren über auftragsbezogene technische Dokumentationen in englischer Sprache auf dem Niveau A2.,LFB_9999_c.01_5,-,-,-,-,-,-,5. Sem.,1
ET,9999 c.01,NQR 4,P,LN 2,BE,MEM 10 03,Sie interpretieren technische Dokumentation in englischer Sprache und setzen deren Inhalte am Arbeitsplatz um.,LFB_9999_c.01_5,-,-,-,-,-,-,5. Sem.,1
ET,9999 c.01,NQR 4,P,LN 5,BE,ET c1 01,Sie entwickeln eine Software Struktur gemäss dem Pflichtenheft und stellen diese graphisch dar.,LFB_9999_c.01_6,-,-,-,-,-,-,6. Sem.,1
ET,9999 c.01,NQR 4,P,LN 3,BE,ET c1 02,Sie definieren die Schnittstellen zur verwendeten Hardware.,LFB_9999_c.01_6,-,-,-,-,-,-,6. Sem.,1
ET,9999 c.01,NQR 4,P,LN 3,BE,ET c1 03,Sie sichern den Entwicklungsstand der Software nachvollziehbar laufend in einer Versionsverwaltung.,LFB_9999_c.01_6,-,-,-,-,-,-,6. Sem.,1
ET,9999 c.01,NQR 4,P,LN 3,BE,ET c1 04,Sie konfigurieren unter Berücksichtigung möglicher Energiesparoptionen Mikrokontroller und die umliegende Hardware.,LFB_9999_c.01_6,-,-,-,-,-,-,6. Sem.,1
ET,9999 c.01,NQR 4,P,LN 4,BE,ET c1 05,Sie programmieren Mikrocontroller gemäss Software Struktur in einer Hochsprache.,LFB_9999_c.01_6,-,-,-,-,-,-,6. Sem.,1
ET,9999 c.01,NQR 4,P,LN 4,BE,ET c1 06,Sie finden und beheben Fehler in der Software.,LFB_9999_c.01_6,-,-,-,-,-,-,6. Sem.,1
ET,9999 c.01,NQR 4,P,LN 3,BE,ET c1 07,Sie steuern mittels Software über Schnittstellen interne und externe Hardware an.,LFB_9999_c.01_6,-,-,-,-,-,-,6. Sem.,1
ET,9999 c.01,NQR 4,P,LN 4,BE,ET c1 08,Sie erweitern oder ändern bestehende Software oder suchen Fehler darin.,LFB_9999_c.01_6,-,-,-,-,-,-,6. Sem.,1
ET,9999 c.01,NQR 4,P,LN 2,BE,ET c1 09,"Sie kompilieren Software, laden diese auf das Zielsystem und nehmen das Programm in Betrieb.",LFB_9999_c.01_6,-,-,-,-,-,-,6. Sem.,1
ET,9999 c.01,NQR 4,P,LN 2,BE,MEM 10 01,Sie passen auftragsbezogene schriftliche Inhalte von technischen Dokumenten in englischer Sprache an.,LFB_9999_c.01_6,-,-,-,-,-,-,6. Sem.,1
ET,9999 c.01,NQR 4,P,LN 2,BE,MEM 10 02,Sie kommunizieren über auftragsbezogene technische Dokumentationen in englischer Sprache auf dem Niveau A2.,LFB_9999_c.01_6,-,-,-,-,-,-,6. Sem.,1
ET,9999 c.01,NQR 4,P,LN 2,BE,MEM 10 03,Sie interpretieren technische Dokumentation in englischer Sprache und setzen deren Inhalte am Arbeitsplatz um.,LFB_9999_c.01_6,-,-,-,-,-,-,6. Sem.,1
ET,9999 c.01,NQR 4,P,LN 5,BE,ET c1 01,Sie entwickeln eine Software Struktur gemäss dem Pflichtenheft und stellen diese graphisch dar.,LFB_9999_c.01_7,-,-,-,-,-,-,7. Sem.,1
ET,9999 c.01,NQR 4,P,LN 3,BE,ET c1 02,Sie definieren die Schnittstellen zur verwendeten Hardware.,LFB_9999_c.01_7,-,-,-,-,-,-,7. Sem.,1
ET,9999 c.01,NQR 4,P,LN 3,BE,ET c1 03,Sie sichern den Entwicklungsstand der Software nachvollziehbar laufend in einer Versionsverwaltung.,LFB_9999_c.01_7,-,-,-,-,-,-,7. Sem.,1
ET,9999 c.01,NQR 4,P,LN 3,BE,ET c1 04,Sie konfigurieren unter Berücksichtigung möglicher Energiesparoptionen Mikrokontroller und die umliegende Hardware.,LFB_9999_c.01_7,-,-,-,-,-,-,7. Sem.,1
ET,9999 c.01,NQR 4,P,LN 4,BE,ET c1 05,Sie programmieren Mikrocontroller gemäss Software Struktur in einer Hochsprache.,LFB_9999_c.01_7,-,-,-,-,-,-,7. Sem.,1
ET,9999 c.01,NQR 4,P,LN 4,BE,ET c1 06,Sie finden und beheben Fehler in der Software.,LFB_9999_c.01_7,-,-,-,-,-,-,7. Sem.,1
ET,9999 c.01,NQR 4,P,LN 3,BE,ET c1 07,Sie steuern mittels Software über Schnittstellen interne und externe Hardware an.,LFB_9999_c.01_7,-,-,-,-,-,-,7. Sem.,1
ET,9999 c.01,NQR 4,P,LN 4,BE,ET c1 08,Sie erweitern oder ändern bestehende Software oder suchen Fehler darin.,LFB_9999_c.01_7,-,-,-,-,-,-,7. Sem.,1
ET,9999 c.01,NQR 4,P,LN 2,BE,ET c1 09,"Sie kompilieren Software, laden diese auf das Zielsystem und nehmen das Programm in Betrieb.",LFB_9999_c.01_7,-,-,-,-,-,-,7. Sem.,1
ET,9999 c.01,NQR 4,P,LN 2,BE,MEM 10 01,Sie passen auftragsbezogene schriftliche Inhalte von technischen Dokumenten in englischer Sprache an.,LFB_9999_c.01_7,-,-,-,-,-,-,7. Sem.,1
ET,9999 c.01,NQR 4,P,LN 2,BE,MEM 10 02,Sie kommunizieren über auftragsbezogene technische Dokumentationen in englischer Sprache auf dem Niveau A2.,LFB_9999_c.01_7,-,-,-,-,-,-,7. Sem.,1
ET,9999 c.01,NQR 4,P,LN 2,BE,MEM 10 03,Sie interpretieren technische Dokumentation in englischer Sprache und setzen deren Inhalte am Arbeitsplatz um.,LFB_9999_c.01_7,-,-,-,-,-,-,7. Sem.,1
ET,9999 c.01,NQR 4,P,LN 5,BE,ET c1 01,Sie entwickeln eine Software Struktur gemäss dem Pflichtenheft und stellen diese graphisch dar.,LFB_9999_c.01_8,-,-,-,-,-,-,8. Sem.,1
ET,9999 c.01,NQR 4,P,LN 3,BE,ET c1 02,Sie definieren die Schnittstellen zur verwendeten Hardware.,LFB_9999_c.01_8,-,-,-,-,-,-,8. Sem.,1
ET,9999 c.01,NQR 4,P,LN 3,BE,ET c1 03,Sie sichern den Entwicklungsstand der Software nachvollziehbar laufend in einer Versionsverwaltung.,LFB_9999_c.01_8,-,-,-,-,-,-,8. Sem.,1
ET,9999 c.01,NQR 4,P,LN 3,BE,ET c1 04,Sie konfigurieren unter Berücksichtigung möglicher Energiesparoptionen Mikrokontroller und die umliegende Hardware.,LFB_9999_c.01_8,-,-,-,-,-,-,8. Sem.,1
ET,9999 c.01,NQR 4,P,LN 4,BE,ET c1 05,Sie programmieren Mikrocontroller gemäss Software Struktur in einer Hochsprache.,LFB_9999_c.01_8,-,-,-,-,-,-,8. Sem.,1
ET,9999 c.01,NQR 4,P,LN 4,BE,ET c1 06,Sie finden und beheben Fehler in der Software.,LFB_9999_c.01_8,-,-,-,-,-,-,8. Sem.,1
ET,9999 c.01,NQR 4,P,LN 3,BE,ET c1 07,Sie steuern mittels Software über Schnittstellen interne und externe Hardware an.,LFB_9999_c.01_8,-,-,-,-,-,-,8. Sem.,1
ET,9999 c.01,NQR 4,P,LN 4,BE,ET c1 08,Sie erweitern oder ändern bestehende Software oder suchen Fehler darin.,LFB_9999_c.01_8,-,-,-,-,-,-,8. Sem.,1
ET,9999 c.01,NQR 4,P,LN 2,BE,ET c1 09,"Sie kompilieren Software, laden diese auf das Zielsystem und nehmen das Programm in Betrieb.",LFB_9999_c.01_8,-,-,-,-,-,-,8. Sem.,1
ET,9999 c.01,NQR 4,P,LN 2,BE,MEM 10 01,Sie passen auftragsbezogene schriftliche Inhalte von technischen Dokumenten in englischer Sprache an.,LFB_9999_c.01_8,-,-,-,-,-,-,8. Sem.,1
ET,9999 c.01,NQR 4,P,LN 2,BE,MEM 10 02,Sie kommunizieren über auftragsbezogene technische Dokumentationen in englischer Sprache auf dem Niveau A2.,LFB_9999_c.01_8,-,-,-,-,-,-,8. Sem.,1
ET,9999 c.01,NQR 4,P,LN 2,BE,MEM 10 03,Sie interpretieren technische Dokumentation in englischer Sprache und setzen deren Inhalte am Arbeitsplatz um.,LFB_9999_c.01_8,-,-,-,-,-,-,8. Sem.,1
ET,9999 c.02,NQR 4,P,LN 3,BE,ET c2 01,Sie überprüfen laufend die Anforderungen während der Entwicklung.,LFB_9999_c.02_3,-,-,-,-,-,-,3. Sem.,1
ET,9999 c.02,NQR 4,P,LN 4,BE,ET b5 01,Sie leiten aufgrund der Spezifikationen Prüfkriterien ab.,LFB_9999_c.02_3,-,-,-,-,-,-,3. Sem.,1
ET,9999 c.02,NQR 4,P,LN 3,BE,ET c2 01,Sie überprüfen laufend die Anforderungen während der Entwicklung.,LFB_9999_c.02_4,-,-,-,-,-,-,4. Sem.,1
ET,9999 c.02,NQR 4,P,LN 4,BE,ET b5 01,Sie leiten aufgrund der Spezifikationen Prüfkriterien ab.,LFB_9999_c.02_4,-,-,-,-,-,-,4. Sem.,1
ET,9999 c.02,NQR 4,P,LN 4,BE,ET c2 03,Sie erstellen auf Grund der Prüfkriterien die Testfälle.,LFB_9999_c.02_4,-,-,-,-,-,-,4. Sem.,1
ET,9999 c.02,NQR 4,P,LN 3,BE,ET c2 04,Sie führen die Tests durch.,LFB_9999_c.02_4,-,-,-,-,-,-,4. Sem.,1
ET,9999 c.02,NQR 4,P,LN 3,BE,ET c2 05,Sie dokumentieren die Testresultate.,LFB_9999_c.02_4,-,-,-,-,-,-,4. Sem.,1
ET,9999 c.02,NQR 4,P,LN 4,BE,ET c2 06,Sie analysieren die Testresultate und bei unbefriedigenden Testresultaten initiieren sie passende Änderungen.,LFB_9999_c.02_4,-,-,-,-,-,-,4. Sem.,1
ET,9999 c.02,NQR 4,P,LN 4,BE,ET c2 07,Sie schlagen aufgrund der Testresultate Optimierungen vor.,LFB_9999_c.02_4,-,-,-,-,-,-,4. Sem.,1
ET,9999 c.02,NQR 4,P,LN 3,BE,ET c2 08,Sie überprüfen die Auswirkungen gemachter Änderungen auf die Software.,LFB_9999_c.02_4,-,-,-,-,-,-,4. Sem.,1
ET,9999 c.02,NQR 4,P,LN 3,BE,ET c2 01,Sie überprüfen laufend die Anforderungen während der Entwicklung.,LFB_9999_c.02_5,-,-,-,-,-,-,5. Sem.,1
ET,9999 c.02,NQR 4,P,LN 4,BE,ET b5 01,Sie leiten aufgrund der Spezifikationen Prüfkriterien ab.,LFB_9999_c.02_5,-,-,-,-,-,-,5. Sem.,1
ET,9999 c.02,NQR 4,P,LN 4,BE,ET c2 03,Sie erstellen auf Grund der Prüfkriterien die Testfälle.,LFB_9999_c.02_5,-,-,-,-,-,-,5. Sem.,1
ET,9999 c.02,NQR 4,P,LN 3,BE,ET c2 04,Sie führen die Tests durch.,LFB_9999_c.02_5,-,-,-,-,-,-,5. Sem.,1
ET,9999 c.02,NQR 4,P,LN 3,BE,ET c2 05,Sie dokumentieren die Testresultate.,LFB_9999_c.02_5,-,-,-,-,-,-,5. Sem.,1
ET,9999 c.02,NQR 4,P,LN 4,BE,ET c2 06,Sie analysieren die Testresultate und bei unbefriedigenden Testresultaten initiieren sie passende Änderungen.,LFB_9999_c.02_5,-,-,-,-,-,-,5. Sem.,1
ET,9999 c.02,NQR 4,P,LN 4,BE,ET c2 07,Sie schlagen aufgrund der Testresultate Optimierungen vor.,LFB_9999_c.02_5,-,-,-,-,-,-,5. Sem.,1
ET,9999 c.02,NQR 4,P,LN 3,BE,ET c2 08,Sie überprüfen die Auswirkungen gemachter Änderungen auf die Software.,LFB_9999_c.02_5,-,-,-,-,-,-,5. Sem.,1
ET,9999 c.02,NQR 4,P,LN 3,BE,ET c2 01,Sie überprüfen laufend die Anforderungen während der Entwicklung.,LFB_9999_c.02_6,-,-,-,-,-,-,6. Sem.,1
ET,9999 c.02,NQR 4,P,LN 4,BE,ET b5 01,Sie leiten aufgrund der Spezifikationen Prüfkriterien ab.,LFB_9999_c.02_6,-,-,-,-,-,-,6. Sem.,1
ET,9999 c.02,NQR 4,P,LN 4,BE,ET c2 03,Sie erstellen auf Grund der Prüfkriterien die Testfälle.,LFB_9999_c.02_6,-,-,-,-,-,-,6. Sem.,1
ET,9999 c.02,NQR 4,P,LN 3,BE,ET c2 04,Sie führen die Tests durch.,LFB_9999_c.02_6,-,-,-,-,-,-,6. Sem.,1
ET,9999 c.02,NQR 4,P,LN 3,BE,ET c2 05,Sie dokumentieren die Testresultate.,LFB_9999_c.02_6,-,-,-,-,-,-,6. Sem.,1
ET,9999 c.02,NQR 4,P,LN 4,BE,ET c2 06,Sie analysieren die Testresultate und bei unbefriedigenden Testresultaten initiieren sie passende Änderungen.,LFB_9999_c.02_6,-,-,-,-,-,-,6. Sem.,1
ET,9999 c.02,NQR 4,P,LN 4,BE,ET c2 07,Sie schlagen aufgrund der Testresultate Optimierungen vor.,LFB_9999_c.02_6,-,-,-,-,-,-,6. Sem.,1
ET,9999 c.02,NQR 4,P,LN 3,BE,ET c2 08,Sie überprüfen die Auswirkungen gemachter Änderungen auf die Software.,LFB_9999_c.02_6,-,-,-,-,-,-,6. Sem.,1
ET,9999 c.02,NQR 4,P,LN 3,BE,ET c2 01,Sie überprüfen laufend die Anforderungen während der Entwicklung.,LFB_9999_c.02_7,-,-,-,-,-,-,7. Sem.,1
ET,9999 c.02,NQR 4,P,LN 4,BE,ET b5 01,Sie leiten aufgrund der Spezifikationen Prüfkriterien ab.,LFB_9999_c.02_7,-,-,-,-,-,-,7. Sem.,1
ET,9999 c.02,NQR 4,P,LN 4,BE,ET c2 03,Sie erstellen auf Grund der Prüfkriterien die Testfälle.,LFB_9999_c.02_7,-,-,-,-,-,-,7. Sem.,1
ET,9999 c.02,NQR 4,P,LN 3,BE,ET c2 04,Sie führen die Tests durch.,LFB_9999_c.02_7,-,-,-,-,-,-,7. Sem.,1
ET,9999 c.02,NQR 4,P,LN 3,BE,ET c2 05,Sie dokumentieren die Testresultate.,LFB_9999_c.02_7,-,-,-,-,-,-,7. Sem.,1
ET,9999 c.02,NQR 4,P,LN 4,BE,ET c2 06,Sie analysieren die Testresultate und bei unbefriedigenden Testresultaten initiieren sie passende Änderungen.,LFB_9999_c.02_7,-,-,-,-,-,-,7. Sem.,1
ET,9999 c.02,NQR 4,P,LN 4,BE,ET c2 07,Sie schlagen aufgrund der Testresultate Optimierungen vor.,LFB_9999_c.02_7,-,-,-,-,-,-,7. Sem.,1
ET,9999 c.02,NQR 4,P,LN 3,BE,ET c2 08,Sie überprüfen die Auswirkungen gemachter Änderungen auf die Software.,LFB_9999_c.02_7,-,-,-,-,-,-,7. Sem.,1
ET,9999 c.02,NQR 4,P,LN 3,BE,ET c2 01,Sie überprüfen laufend die Anforderungen während der Entwicklung.,LFB_9999_c.02_8,-,-,-,-,-,-,8. Sem.,1
ET,9999 c.02,NQR 4,P,LN 4,BE,ET b5 01,Sie leiten aufgrund der Spezifikationen Prüfkriterien ab.,LFB_9999_c.02_8,-,-,-,-,-,-,8. Sem.,1
ET,9999 c.02,NQR 4,P,LN 4,BE,ET c2 03,Sie erstellen auf Grund der Prüfkriterien die Testfälle.,LFB_9999_c.02_8,-,-,-,-,-,-,8. Sem.,1
ET,9999 c.02,NQR 4,P,LN 3,BE,ET c2 04,Sie führen die Tests durch.,LFB_9999_c.02_8,-,-,-,-,-,-,8. Sem.,1
ET,9999 c.02,NQR 4,P,LN 3,BE,ET c2 05,Sie dokumentieren die Testresultate.,LFB_9999_c.02_8,-,-,-,-,-,-,8. Sem.,1
ET,9999 c.02,NQR 4,P,LN 4,BE,ET c2 06,Sie analysieren die Testresultate und bei unbefriedigenden Testresultaten initiieren sie passende Änderungen.,LFB_9999_c.02_8,-,-,-,-,-,-,8. Sem.,1
ET,9999 c.02,NQR 4,P,LN 4,BE,ET c2 07,Sie schlagen aufgrund der Testresultate Optimierungen vor.,LFB_9999_c.02_8,-,-,-,-,-,-,8. Sem.,1
ET,9999 c.02,NQR 4,P,LN 3,BE,ET c2 08,Sie überprüfen die Auswirkungen gemachter Änderungen auf die Software.,LFB_9999_c.02_8,-,-,-,-,-,-,8. Sem.,1
ET,9999 c.03,NQR 4,W,LN 3,BE,ET c3 01,"Sie integrieren Geräte, Sensoren oder Aktoren in einem Netzwerk oder Bussystem und konfigurieren diese, um die Kommunikation zu ermöglichen.",LFB_9999_c.03_5,-,-,-,-,-,-,5. Sem.,1
ET,9999 c.03,NQR 4,W,LN 5,BE,AU a1 10,"Sie bestimmen Betriebsmittel, Sensoren oder Aktoren, welche den Kundenbedürfnissen entsprechen.",LFB_9999_c.03_5,-,-,-,-,-,-,5. Sem.,1
ET,9999 c.03,NQR 4,W,LN 3,BE,ET c3 02,"Sie binden Geräte, Sensoren oder Aktoren in die Cloud ein.",LFB_9999_c.03_5,-,-,-,-,-,-,5. Sem.,1
ET,9999 c.03,NQR 4,W,LN 5,BE,AU b5 11,Sie erstellen einen Prototypen Aufbau zum Testen des Zusammenspiels der verschiedenen Komponenten.,LFB_9999_c.03_5,-,-,-,-,-,-,5. Sem.,1
ET,9999 c.03,NQR 4,W,LN 3,BE,ET c3 03,Sie dokumentieren die Netz- oder Bustopologie zusammen mit den gemachten Konfigurationen in der Entwicklungsdokumentation.,LFB_9999_c.03_5,-,-,-,-,-,-,5. Sem.,1
ET,9999 c.03,NQR 4,W,LN 4,BE,ET c3 10,Sie entwickeln netzwerkfähige elektronische Hardware.,LFB_9999_c.03_5,-,-,-,-,-,-,5. Sem.,1
ET,9999 c.03,NQR 4,W,LN 3,BE,ET c3 01,"Sie integrieren Geräte, Sensoren oder Aktoren in einem Netzwerk oder Bussystem und konfigurieren diese, um die Kommunikation zu ermöglichen.",LFB_9999_c.03_6,-,-,-,-,-,-,6. Sem.,1
ET,9999 c.03,NQR 4,W,LN 5,BE,AU a1 10,"Sie bestimmen Betriebsmittel, Sensoren oder Aktoren, welche den Kundenbedürfnissen entsprechen.",LFB_9999_c.03_6,-,-,-,-,-,-,6. Sem.,1
ET,9999 c.03,NQR 4,W,LN 3,BE,ET c3 02,"Sie binden Geräte, Sensoren oder Aktoren in die Cloud ein.",LFB_9999_c.03_6,-,-,-,-,-,-,6. Sem.,1
ET,9999 c.03,NQR 4,W,LN 5,BE,AU b5 11,Sie erstellen einen Prototypen Aufbau zum Testen des Zusammenspiels der verschiedenen Komponenten.,LFB_9999_c.03_6,-,-,-,-,-,-,6. Sem.,1
ET,9999 c.03,NQR 4,W,LN 3,BE,ET c3 03,Sie dokumentieren die Netz- oder Bustopologie zusammen mit den gemachten Konfigurationen in der Entwicklungsdokumentation.,LFB_9999_c.03_6,-,-,-,-,-,-,6. Sem.,1
ET,9999 c.03,NQR 4,W,LN 4,BE,ET c3 10,Sie entwickeln netzwerkfähige elektronische Hardware.,LFB_9999_c.03_6,-,-,-,-,-,-,6. Sem.,1
ET,9999 c.03,NQR 4,W,LN 3,BE,ET c3 01,"Sie integrieren Geräte, Sensoren oder Aktoren in einem Netzwerk oder Bussystem und konfigurieren diese, um die Kommunikation zu ermöglichen.",LFB_9999_c.03_7,-,-,-,-,-,-,7. Sem.,1
ET,9999 c.03,NQR 4,W,LN 5,BE,AU a1 10,"Sie bestimmen Betriebsmittel, Sensoren oder Aktoren, welche den Kundenbedürfnissen entsprechen.",LFB_9999_c.03_7,-,-,-,-,-,-,7. Sem.,1
ET,9999 c.03,NQR 4,W,LN 5,BE,AU b5 11,Sie erstellen einen Prototypen Aufbau zum Testen des Zusammenspiels der verschiedenen Komponenten.,LFB_9999_c.03_7,-,-,-,-,-,-,7. Sem.,1
ET,9999 c.03,NQR 4,W,LN 4,BE,ET c3 10,Sie entwickeln netzwerkfähige elektronische Hardware.,LFB_9999_c.03_7,-,-,-,-,-,-,7. Sem.,1
ET,9999 c.03,NQR 4,W,LN 3,BE,ET c3 01,"Sie integrieren Geräte, Sensoren oder Aktoren in einem Netzwerk oder Bussystem und konfigurieren diese, um die Kommunikation zu ermöglichen.",LFB_9999_c.03_8,-,-,-,-,-,-,8. Sem.,1
ET,9999 c.03,NQR 4,W,LN 5,BE,AU a1 10,"Sie bestimmen Betriebsmittel, Sensoren oder Aktoren, welche den Kundenbedürfnissen entsprechen.",LFB_9999_c.03_8,-,-,-,-,-,-,8. Sem.,1
ET,9999 c.03,NQR 4,W,LN 5,BE,AU b5 11,Sie erstellen einen Prototypen Aufbau zum Testen des Zusammenspiels der verschiedenen Komponenten.,LFB_9999_c.03_8,-,-,-,-,-,-,8. Sem.,1
ET,9999 c.03,NQR 4,W,LN 4,BE,ET c3 10,Sie entwickeln netzwerkfähige elektronische Hardware.,LFB_9999_c.03_8,-,-,-,-,-,-,8. Sem.,1
ET,9999 c.04,NQR 4,W,LN 3,BE,ET c1 03,Sie sichern den Entwicklungsstand der Software nachvollziehbar laufend in einer Versionsverwaltung.,LFB_9999_c.04_5,-,-,-,-,-,-,5. Sem.,1
ET,9999 c.04,NQR 4,W,LN 3,BE,ET c4 02,Sie dokumentieren die relevanten Aspekte der Applikation.,LFB_9999_c.04_5,-,-,-,-,-,-,5. Sem.,1
ET,9999 c.04,NQR 4,W,LN 3,BE,ET c4 03,Sie beschaffen die nötigen Informationen über anzusteuernde Hardware.,LFB_9999_c.04_5,-,-,-,-,-,-,5. Sem.,1
ET,9999 c.04,NQR 4,W,LN 5,BE,ET c4 04,Sie erstellen ein detailliertes Konzept aufgrund des Pflichtenheftes.,LFB_9999_c.04_5,-,-,-,-,-,-,5. Sem.,1
ET,9999 c.04,NQR 4,W,LN 5,BE,ET c4 05,Sie programmieren eine Applikation in einer Hochsprache.,LFB_9999_c.04_5,-,-,-,-,-,-,5. Sem.,1
ET,9999 c.04,NQR 4,W,LN 3,BE,ET c4 06,Sie nehmen die Hardware und die Applikation in Betrieb.,LFB_9999_c.04_5,-,-,-,-,-,-,5. Sem.,1
ET,9999 c.04,NQR 4,W,LN 3,BE,ET c1 03,Sie sichern den Entwicklungsstand der Software nachvollziehbar laufend in einer Versionsverwaltung.,LFB_9999_c.04_6,-,-,-,-,-,-,6. Sem.,1
ET,9999 c.04,NQR 4,W,LN 3,BE,ET c4 02,Sie dokumentieren die relevanten Aspekte der Applikation.,LFB_9999_c.04_6,-,-,-,-,-,-,6. Sem.,1
ET,9999 c.04,NQR 4,W,LN 3,BE,ET c4 03,Sie beschaffen die nötigen Informationen über anzusteuernde Hardware.,LFB_9999_c.04_6,-,-,-,-,-,-,6. Sem.,1
ET,9999 c.04,NQR 4,W,LN 5,BE,ET c4 04,Sie erstellen ein detailliertes Konzept aufgrund des Pflichtenheftes.,LFB_9999_c.04_6,-,-,-,-,-,-,6. Sem.,1
ET,9999 c.04,NQR 4,W,LN 5,BE,ET c4 05,Sie programmieren eine Applikation in einer Hochsprache.,LFB_9999_c.04_6,-,-,-,-,-,-,6. Sem.,1
ET,9999 c.04,NQR 4,W,LN 3,BE,ET c4 06,Sie nehmen die Hardware und die Applikation in Betrieb.,LFB_9999_c.04_6,-,-,-,-,-,-,6. Sem.,1
ET,9999 c.04,NQR 4,W,LN 5,BE,ET c4 07,Sie erweitern oder verbessern bestehende Applikationen.,LFB_9999_c.04_6,-,-,-,-,-,-,6. Sem.,1
ET,9999 c.04,NQR 4,W,LN 5,BE,ET c4 04,Sie erstellen ein detailliertes Konzept aufgrund des Pflichtenheftes.,LFB_9999_c.04_7,-,-,-,-,-,-,7. Sem.,1
ET,9999 c.04,NQR 4,W,LN 5,BE,ET c4 05,Sie programmieren eine Applikation in einer Hochsprache.,LFB_9999_c.04_7,-,-,-,-,-,-,7. Sem.,1
ET,9999 c.04,NQR 4,W,LN 5,BE,ET c4 07,Sie erweitern oder verbessern bestehende Applikationen.,LFB_9999_c.04_7,-,-,-,-,-,-,7. Sem.,1
ET,9999 c.04,NQR 4,W,LN 5,BE,ET c4 08,Sie optimieren die Applikation bezüglich Energieeffizienz und Langlebigkeit der eingesetzten Hardware.,LFB_9999_c.04_7,-,-,-,-,-,-,7. Sem.,1
ET,9999 c.04,NQR 4,W,LN 5,BE,ET c4 04,Sie erstellen ein detailliertes Konzept aufgrund des Pflichtenheftes.,LFB_9999_c.04_8,-,-,-,-,-,-,8. Sem.,1
ET,9999 c.04,NQR 4,W,LN 5,BE,ET c4 05,Sie programmieren eine Applikation in einer Hochsprache.,LFB_9999_c.04_8,-,-,-,-,-,-,8. Sem.,1
ET,9999 c.04,NQR 4,W,LN 5,BE,ET c4 07,Sie erweitern oder verbessern bestehende Applikationen.,LFB_9999_c.04_8,-,-,-,-,-,-,8. Sem.,1
ET,9999 c.04,NQR 4,W,LN 5,BE,ET c4 08,Sie optimieren die Applikation bezüglich Energieeffizienz und Langlebigkeit der eingesetzten Hardware.,LFB_9999_c.04_8,-,-,-,-,-,-,8. Sem.,1
ET,9999 c.05,NQR 4,W,LN 4,BE,ET c5 01,Sie erstellen für eine Lösung mit Logikschaltungen gemäss dem Pflichtenheft eine grafische Analyse der Problemstellung.,LFB_9999_c.05_5,-,-,-,-,-,-,5. Sem.,1
ET,9999 c.05,NQR 4,W,LN 4,BE,ET c1 02,Sie definieren die Schnittstellen zur verwendeten Hardware.,LFB_9999_c.05_5,-,-,-,-,-,-,5. Sem.,1
ET,9999 c.05,NQR 4,W,LN 3,BE,ET c1 03,Sie sichern den Entwicklungsstand der Software nachvollziehbar laufend in einer Versionsverwaltung.,LFB_9999_c.05_5,-,-,-,-,-,-,5. Sem.,1
ET,9999 c.05,NQR 4,W,LN 5,BE,ET c5 06,Sie entwickeln gemäss Pflichtenheft Logikschaltungen in einer Hardware-Beschreibungssprache oder mit grafischen Entwicklungswerkzeugen.,LFB_9999_c.05_5,-,-,-,-,-,-,5. Sem.,1
ET,9999 c.05,NQR 4,W,LN 4,BE,ET c5 01,Sie erstellen für eine Lösung mit Logikschaltungen gemäss dem Pflichtenheft eine grafische Analyse der Problemstellung.,LFB_9999_c.05_6,-,-,-,-,-,-,6. Sem.,1
ET,9999 c.05,NQR 4,W,LN 4,BE,ET c1 02,Sie definieren die Schnittstellen zur verwendeten Hardware.,LFB_9999_c.05_6,-,-,-,-,-,-,6. Sem.,1
ET,9999 c.05,NQR 4,W,LN 3,BE,ET c1 03,Sie sichern den Entwicklungsstand der Software nachvollziehbar laufend in einer Versionsverwaltung.,LFB_9999_c.05_6,-,-,-,-,-,-,6. Sem.,1
ET,9999 c.05,NQR 4,W,LN 5,BE,ET c5 06,Sie entwickeln gemäss Pflichtenheft Logikschaltungen in einer Hardware-Beschreibungssprache oder mit grafischen Entwicklungswerkzeugen.,LFB_9999_c.05_6,-,-,-,-,-,-,6. Sem.,1
ET,9999 c.05,NQR 4,W,LN 4,BE,ET c5 07,Sie finden und beheben Fehler in den Logikschaltungen.,LFB_9999_c.05_6,-,-,-,-,-,-,6. Sem.,1
ET,9999 c.05,NQR 4,W,LN 4,BE,ET c5 08,"Sie erweitern, ändern oder suchen Fehler in bestehenden Logikschaltungen.",LFB_9999_c.05_6,-,-,-,-,-,-,6. Sem.,1
ET,9999 c.05,NQR 4,W,LN 5,BE,ET c5 05,Sie beschreiben unter Berücksichtigung möglicher Energiesparoptionen Logikschaltungen und die umliegende Hardware.,LFB_9999_c.05_7,-,-,-,-,-,-,7. Sem.,1
ET,9999 c.05,NQR 4,W,LN 5,BE,ET c5 06,Sie entwickeln gemäss Pflichtenheft Logikschaltungen in einer Hardware-Beschreibungssprache oder mit grafischen Entwicklungswerkzeugen.,LFB_9999_c.05_7,-,-,-,-,-,-,7. Sem.,1
ET,9999 c.05,NQR 4,W,LN 4,BE,ET c5 07,Sie finden und beheben Fehler in den Logikschaltungen.,LFB_9999_c.05_7,-,-,-,-,-,-,7. Sem.,1
ET,9999 c.05,NQR 4,W,LN 4,BE,ET c5 08,"Sie erweitern, ändern oder suchen Fehler in bestehenden Logikschaltungen.",LFB_9999_c.05_7,-,-,-,-,-,-,7. Sem.,1
ET,9999 c.05,NQR 4,W,LN 3,BE,ET c5 09,"Sie synthetisieren Logikschaltungen, laden diese auf das Zielsystem und nehmen die Schaltung in Betrieb.",LFB_9999_c.05_7,-,-,-,-,-,-,7. Sem.,1
ET,9999 c.05,NQR 4,W,LN 5,BE,ET c5 05,Sie beschreiben unter Berücksichtigung möglicher Energiesparoptionen Logikschaltungen und die umliegende Hardware.,LFB_9999_c.05_8,-,-,-,-,-,-,8. Sem.,1
ET,9999 c.05,NQR 4,W,LN 5,BE,ET c5 06,Sie entwickeln gemäss Pflichtenheft Logikschaltungen in einer Hardware-Beschreibungssprache oder mit grafischen Entwicklungswerkzeugen.,LFB_9999_c.05_8,-,-,-,-,-,-,8. Sem.,1
ET,9999 c.05,NQR 4,W,LN 4,BE,ET c5 07,Sie finden und beheben Fehler in den Logikschaltungen.,LFB_9999_c.05_8,-,-,-,-,-,-,8. Sem.,1
ET,9999 c.05,NQR 4,W,LN 4,BE,ET c5 08,"Sie erweitern, ändern oder suchen Fehler in bestehenden Logikschaltungen.",LFB_9999_c.05_8,-,-,-,-,-,-,8. Sem.,1
ET,9999 c.05,NQR 4,W,LN 3,BE,ET c5 09,"Sie synthetisieren Logikschaltungen, laden diese auf das Zielsystem und nehmen die Schaltung in Betrieb.",LFB_9999_c.05_8,-,-,-,-,-,-,8. Sem.,1
ET,9999 d.01,NQR 4,P,LN 2,BE,xx d1 01,"Sie unterscheiden zwischen Projekt, projektorientiertem Auftrag und Aufgabe.",LFB_9999_d.01_2,-,-,-,-,-,-,2. Sem.,1
ET,9999 d.01,NQR 4,P,LN 2,BE,xx d1 03,Sie nehmen Aufträge/Anliegen von Kunden oder Lieferanten entgegen und interpretieren die Auftragsdokumente.,LFB_9999_d.01_2,-,-,-,-,-,-,2. Sem.,1
ET,9999 d.01,NQR 4,P,LN 2,BE,xx d1 07,Sie erstellen aufgrund der Anliegen von Kunden und Lieferanten die Anforderungsliste für den Auftrag.,LFB_9999_d.01_2,-,-,-,-,-,-,2. Sem.,1
ET,9999 d.01,NQR 4,P,LN 2,BE,xx d1 10,Sie erläutern in der internen Kommunikation die technischen Begriffe anderen Beteiligten.,LFB_9999_d.01_2,-,-,-,-,-,-,2. Sem.,1
ET,9999 d.01,NQR 4,P,LN 2,BE,xx d1 01,"Sie unterscheiden zwischen Projekt, projektorientiertem Auftrag und Aufgabe.",LFB_9999_d.01_3,-,-,-,-,-,-,3. Sem.,1
ET,9999 d.01,NQR 4,P,LN 3,BE,xx d1 02,Sie stellen bei Aufträgen/Anliegen von Kunden oder Lieferanten aufgrund der Dokumentenanalyse relevante Fragen.,LFB_9999_d.01_3,-,-,-,-,-,-,3. Sem.,1
ET,9999 d.01,NQR 4,P,LN 2,BE,xx d1 03,Sie nehmen Aufträge/Anliegen von Kunden oder Lieferanten entgegen und interpretieren die Auftragsdokumente.,LFB_9999_d.01_3,-,-,-,-,-,-,3. Sem.,1
ET,9999 d.01,NQR 4,P,LN 2,BE,xx d1 07,Sie erstellen aufgrund der Anliegen von Kunden und Lieferanten die Anforderungsliste für den Auftrag.,LFB_9999_d.01_3,-,-,-,-,-,-,3. Sem.,1
ET,9999 d.01,NQR 4,P,LN 3,BE,xx d1 09,Sie recherchieren die relevanten technischen Informationen zum Auftrag und informieren entsprechend.,LFB_9999_d.01_3,-,-,-,-,-,-,3. Sem.,1
ET,9999 d.01,NQR 4,P,LN 2,BE,xx d1 10,Sie erläutern in der internen Kommunikation die technischen Begriffe anderen Beteiligten.,LFB_9999_d.01_3,-,-,-,-,-,-,3. Sem.,1
ET,9999 d.01,NQR 4,P,LN 3,BE,xx d1 22,Sie validieren die erarbeitete Planung und treffen die Entscheidung über die weitere Vorgehensweise.,LFB_9999_d.01_3,-,-,-,-,-,-,3. Sem.,1
ET,9999 d.01,NQR 4,P,LN 4,BE,MEM 01 01,Sie entwickeln innovative Ideen.,LFB_9999_d.01_3,-,-,-,-,-,-,3. Sem.,1
ET,9999 d.01,NQR 4,P,LN 3,BE,xx d1 02,Sie stellen bei Aufträgen/Anliegen von Kunden oder Lieferanten aufgrund der Dokumentenanalyse relevante Fragen.,LFB_9999_d.01_4,-,-,-,-,-,-,4. Sem.,1
ET,9999 d.01,NQR 4,P,LN 2,BE,xx d1 03,Sie nehmen Aufträge/Anliegen von Kunden oder Lieferanten entgegen und interpretieren die Auftragsdokumente.,LFB_9999_d.01_4,-,-,-,-,-,-,4. Sem.,1
ET,9999 d.01,NQR 4,P,LN 3,BE,xx d1 04,Sie nehmen Aufträge/Anliegen von Kunden oder Lieferanten entgegen und kommunizieren dabei aktiv.,LFB_9999_d.01_4,-,-,-,-,-,-,4. Sem.,1
ET,9999 d.01,NQR 4,P,LN 2,BE,xx d1 05,Sie definieren im projektorientierten Auftrag aufgrund der Anliegen von Kunden und Lieferanten die Abgrenzungen zu anderen Projekten und Aufträgen.,LFB_9999_d.01_4,-,-,-,-,-,-,4. Sem.,1
ET,9999 d.01,NQR 4,P,LN 2,BE,xx d1 07,Sie erstellen aufgrund der Anliegen von Kunden und Lieferanten die Anforderungsliste für den Auftrag.,LFB_9999_d.01_4,-,-,-,-,-,-,4. Sem.,1
ET,9999 d.01,NQR 4,P,LN 2,BE,xx d1 08,Sie ergänzen in der Anforderungsliste die relevanten technischen Informationen für den Auftrag.,LFB_9999_d.01_4,-,-,-,-,-,-,4. Sem.,1
ET,9999 d.01,NQR 4,P,LN 3,BE,xx d1 09,Sie recherchieren die relevanten technischen Informationen zum Auftrag und informieren entsprechend.,LFB_9999_d.01_4,-,-,-,-,-,-,4. Sem.,1
ET,9999 d.01,NQR 4,P,LN 2,BE,xx d1 10,Sie erläutern in der internen Kommunikation die technischen Begriffe anderen Beteiligten.,LFB_9999_d.01_4,-,-,-,-,-,-,4. Sem.,1
ET,9999 d.01,NQR 4,P,LN 3,BE,xx d1 11,Sie setzen in der internen Kommunikation die richtigen technischen Begriffe ein.,LFB_9999_d.01_4,-,-,-,-,-,-,4. Sem.,1
ET,9999 d.01,NQR 4,P,LN 3,BE,xx d1 14,Sie optimieren aufgrund von Rückmeldungen Auftragsplanungen.,LFB_9999_d.01_4,-,-,-,-,-,-,4. Sem.,1
ET,9999 d.01,NQR 4,P,LN 2,BE,xx d1 17,Sie stellen Kundentermine sowie den Einsatz von Mitarbeitenden sicher.,LFB_9999_d.01_4,-,-,-,-,-,-,4. Sem.,1
ET,9999 d.01,NQR 4,P,LN 3,BE,xx d1 22,Sie validieren die erarbeitete Planung und treffen die Entscheidung über die weitere Vorgehensweise.,LFB_9999_d.01_4,-,-,-,-,-,-,4. Sem.,1
ET,9999 d.01,NQR 4,P,LN 3,BE,xx d1 26,Sie nehmen ihre verschiedenen spezifischen Rollen im Arbeitsprozess wahr und handeln ihren Kompetenzen entsprechend.,LFB_9999_d.01_4,-,-,-,-,-,-,4. Sem.,1
ET,9999 d.01,NQR 4,P,LN 4,BE,MEM 01 01,Sie entwickeln innovative Ideen.,LFB_9999_d.01_4,-,-,-,-,-,-,4. Sem.,1
ET,9999 d.01,NQR 4,P,LN 3,BE,MEM 09 01,Sie nehmen Aufträge/Anliegen von Kunden oder Lieferanten entgegen und stellen aufgrund der Dokumentenanalyse die relevanten Fragen.,LFB_9999_d.01_4,-,-,-,-,-,-,4. Sem.,1
ET,9999 d.01,NQR 4,P,LN 3,BE,xx d1 02,Sie stellen bei Aufträgen/Anliegen von Kunden oder Lieferanten aufgrund der Dokumentenanalyse relevante Fragen.,LFB_9999_d.01_5,-,-,-,-,-,-,5. Sem.,1
ET,9999 d.01,NQR 4,P,LN 3,BE,xx d1 04,Sie nehmen Aufträge/Anliegen von Kunden oder Lieferanten entgegen und kommunizieren dabei aktiv.,LFB_9999_d.01_5,-,-,-,-,-,-,5. Sem.,1
ET,9999 d.01,NQR 4,P,LN 2,BE,xx d1 05,Sie definieren im projektorientierten Auftrag aufgrund der Anliegen von Kunden und Lieferanten die Abgrenzungen zu anderen Projekten und Aufträgen.,LFB_9999_d.01_5,-,-,-,-,-,-,5. Sem.,1
ET,9999 d.01,NQR 4,P,LN 2,BE,xx d1 06,Sie definieren im projektorientierten Auftrag aufgrund der Anliegen von Kunden und Lieferanten die Rahmenbedingungen zum Projektauftrag.,LFB_9999_d.01_5,-,-,-,-,-,-,5. Sem.,1
ET,9999 d.01,NQR 4,P,LN 2,BE,xx d1 07,Sie erstellen aufgrund der Anliegen von Kunden und Lieferanten die Anforderungsliste für den Auftrag.,LFB_9999_d.01_5,-,-,-,-,-,-,5. Sem.,1
ET,9999 d.01,NQR 4,P,LN 2,BE,xx d1 08,Sie ergänzen in der Anforderungsliste die relevanten technischen Informationen für den Auftrag.,LFB_9999_d.01_5,-,-,-,-,-,-,5. Sem.,1
ET,9999 d.01,NQR 4,P,LN 3,BE,xx d1 09,Sie recherchieren die relevanten technischen Informationen zum Auftrag und informieren entsprechend.,LFB_9999_d.01_5,-,-,-,-,-,-,5. Sem.,1
ET,9999 d.01,NQR 4,P,LN 3,BE,xx d1 11,Sie setzen in der internen Kommunikation die richtigen technischen Begriffe ein.,LFB_9999_d.01_5,-,-,-,-,-,-,5. Sem.,1
ET,9999 d.01,NQR 4,P,LN 2,BE,xx d1 13,Sie kommunizieren den Kunden und Lieferanten die relevanten Auftragsdaten (Sie pflegen den Informationsaustausch).,LFB_9999_d.01_5,-,-,-,-,-,-,5. Sem.,1
ET,9999 d.01,NQR 4,P,LN 3,BE,xx d1 14,Sie optimieren aufgrund von Rückmeldungen Auftragsplanungen.,LFB_9999_d.01_5,-,-,-,-,-,-,5. Sem.,1
ET,9999 d.01,NQR 4,P,LN 2,BE,xx d1 16,Sie koordinieren im Auftrag Arbeitsabläufe und Termine.,LFB_9999_d.01_5,-,-,-,-,-,-,5. Sem.,1
ET,9999 d.01,NQR 4,P,LN 2,BE,xx d1 17,Sie stellen Kundentermine sowie den Einsatz von Mitarbeitenden sicher.,LFB_9999_d.01_5,-,-,-,-,-,-,5. Sem.,1
ET,9999 d.01,NQR 4,P,LN 4,BE,xx d1 18,Sie planen eine optimale Auslastung der Betriebsmittel und Materialien.,LFB_9999_d.01_5,-,-,-,-,-,-,5. Sem.,1
ET,9999 d.01,NQR 4,P,LN 4,BE,xx d1 19,Sie identifizieren sich gegenseitig beeinflussende Faktoren.,LFB_9999_d.01_5,-,-,-,-,-,-,5. Sem.,1
ET,9999 d.01,NQR 4,P,LN 3,BE,xx d1 22,Sie validieren die erarbeitete Planung und treffen die Entscheidung über die weitere Vorgehensweise.,LFB_9999_d.01_5,-,-,-,-,-,-,5. Sem.,1
ET,9999 d.01,NQR 4,P,LN 3,BE,xx d1 24,Sie setzen Methoden zur Planung adäquat ein.,LFB_9999_d.01_5,-,-,-,-,-,-,5. Sem.,1
ET,9999 d.01,NQR 4,P,LN 3,BE,xx d1 26,Sie nehmen ihre verschiedenen spezifischen Rollen im Arbeitsprozess wahr und handeln ihren Kompetenzen entsprechend.,LFB_9999_d.01_5,-,-,-,-,-,-,5. Sem.,1
ET,9999 d.01,NQR 4,P,LN 4,BE,MEM 01 01,Sie entwickeln innovative Ideen.,LFB_9999_d.01_5,-,-,-,-,-,-,5. Sem.,1
ET,9999 d.01,NQR 4,P,LN 3,BE,MEM 01 02,Sie treiben innovative Ideen voran.,LFB_9999_d.01_5,-,-,-,-,-,-,5. Sem.,1
ET,9999 d.01,NQR 4,P,LN 2,BE,MEM 03 02,Sie setzen technologische Trends betriebsspezifisch in ihrem Arbeitsbereich um.,LFB_9999_d.01_5,-,-,-,-,-,-,5. Sem.,1
ET,9999 d.01,NQR 4,P,LN 3,BE,MEM 09 01,Sie nehmen Aufträge/Anliegen von Kunden oder Lieferanten entgegen und stellen aufgrund der Dokumentenanalyse die relevanten Fragen.,LFB_9999_d.01_5,-,-,-,-,-,-,5. Sem.,1
ET,9999 d.01,NQR 4,P,LN 3,BE,MEM 09 02,Sie setzen die richtigen technischen Begriffe in der internen Kommunikation ein und erläutern diese anderen Beteiligten.,LFB_9999_d.01_5,-,-,-,-,-,-,5. Sem.,1
ET,9999 d.01,NQR 4,P,LN 3,BE,xx d1 04,Sie nehmen Aufträge/Anliegen von Kunden oder Lieferanten entgegen und kommunizieren dabei aktiv.,LFB_9999_d.01_6,-,-,-,-,-,-,6. Sem.,1
ET,9999 d.01,NQR 4,P,LN 2,BE,xx d1 05,Sie definieren im projektorientierten Auftrag aufgrund der Anliegen von Kunden und Lieferanten die Abgrenzungen zu anderen Projekten und Aufträgen.,LFB_9999_d.01_6,-,-,-,-,-,-,6. Sem.,1
ET,9999 d.01,NQR 4,P,LN 2,BE,xx d1 06,Sie definieren im projektorientierten Auftrag aufgrund der Anliegen von Kunden und Lieferanten die Rahmenbedingungen zum Projektauftrag.,LFB_9999_d.01_6,-,-,-,-,-,-,6. Sem.,1
ET,9999 d.01,NQR 4,P,LN 2,BE,xx d1 07,Sie erstellen aufgrund der Anliegen von Kunden und Lieferanten die Anforderungsliste für den Auftrag.,LFB_9999_d.01_6,-,-,-,-,-,-,6. Sem.,1
ET,9999 d.01,NQR 4,P,LN 2,BE,xx d1 08,Sie ergänzen in der Anforderungsliste die relevanten technischen Informationen für den Auftrag.,LFB_9999_d.01_6,-,-,-,-,-,-,6. Sem.,1
ET,9999 d.01,NQR 4,P,LN 3,BE,xx d1 11,Sie setzen in der internen Kommunikation die richtigen technischen Begriffe ein.,LFB_9999_d.01_6,-,-,-,-,-,-,6. Sem.,1
ET,9999 d.01,NQR 4,P,LN 2,BE,xx d1 13,Sie kommunizieren den Kunden und Lieferanten die relevanten Auftragsdaten (Sie pflegen den Informationsaustausch).,LFB_9999_d.01_6,-,-,-,-,-,-,6. Sem.,1
ET,9999 d.01,NQR 4,P,LN 3,BE,xx d1 14,Sie optimieren aufgrund von Rückmeldungen Auftragsplanungen.,LFB_9999_d.01_6,-,-,-,-,-,-,6. Sem.,1
ET,9999 d.01,NQR 4,P,LN 4,BE,xx d1 15,Sie erstellen gemäss Kundenauftrag Auftragsplanungen.,LFB_9999_d.01_6,-,-,-,-,-,-,6. Sem.,1
ET,9999 d.01,NQR 4,P,LN 2,BE,xx d1 16,Sie koordinieren im Auftrag Arbeitsabläufe und Termine.,LFB_9999_d.01_6,-,-,-,-,-,-,6. Sem.,1
ET,9999 d.01,NQR 4,P,LN 2,BE,xx d1 17,Sie stellen Kundentermine sowie den Einsatz von Mitarbeitenden sicher.,LFB_9999_d.01_6,-,-,-,-,-,-,6. Sem.,1
ET,9999 d.01,NQR 4,P,LN 4,BE,xx d1 18,Sie planen eine optimale Auslastung der Betriebsmittel und Materialien.,LFB_9999_d.01_6,-,-,-,-,-,-,6. Sem.,1
ET,9999 d.01,NQR 4,P,LN 4,BE,xx d1 20,Sie antizipieren mögliche unvorhersehbare Veränderungen.,LFB_9999_d.01_6,-,-,-,-,-,-,6. Sem.,1
ET,9999 d.01,NQR 4,P,LN 4,BE,xx d1 19,Sie identifizieren sich gegenseitig beeinflussende Faktoren.,LFB_9999_d.01_6,-,-,-,-,-,-,6. Sem.,1
ET,9999 d.01,NQR 4,P,LN 3,BE,xx d1 22,Sie validieren die erarbeitete Planung und treffen die Entscheidung über die weitere Vorgehensweise.,LFB_9999_d.01_6,-,-,-,-,-,-,6. Sem.,1
ET,9999 d.01,NQR 4,P,LN 3,BE,xx d1 24,Sie setzen Methoden zur Planung adäquat ein.,LFB_9999_d.01_6,-,-,-,-,-,-,6. Sem.,1
ET,9999 d.01,NQR 4,P,LN 2,BE,xx d1 25,"Sie reflektieren gegenüber Mitarbeitern, Vorgesetzten und im Team ihre Rollenwahrnehmung.",LFB_9999_d.01_6,-,-,-,-,-,-,6. Sem.,1
ET,9999 d.01,NQR 4,P,LN 3,BE,xx d1 26,Sie nehmen ihre verschiedenen spezifischen Rollen im Arbeitsprozess wahr und handeln ihren Kompetenzen entsprechend.,LFB_9999_d.01_6,-,-,-,-,-,-,6. Sem.,1
ET,9999 d.01,NQR 4,P,LN 4,BE,MEM 01 01,Sie entwickeln innovative Ideen.,LFB_9999_d.01_6,-,-,-,-,-,-,6. Sem.,1
ET,9999 d.01,NQR 4,P,LN 3,BE,MEM 01 02,Sie treiben innovative Ideen voran.,LFB_9999_d.01_6,-,-,-,-,-,-,6. Sem.,1
ET,9999 d.01,NQR 4,P,LN 2,BE,MEM 03 02,Sie setzen technologische Trends betriebsspezifisch in ihrem Arbeitsbereich um.,LFB_9999_d.01_6,-,-,-,-,-,-,6. Sem.,1
ET,9999 d.01,NQR 4,P,LN 4,BE,MEM 03 03,Sie treiben erfolgsversprechende Veränderungen voran.,LFB_9999_d.01_6,-,-,-,-,-,-,6. Sem.,1
ET,9999 d.01,NQR 4,P,LN 3,BE,MEM 09 01,Sie nehmen Aufträge/Anliegen von Kunden oder Lieferanten entgegen und stellen aufgrund der Dokumentenanalyse die relevanten Fragen.,LFB_9999_d.01_6,-,-,-,-,-,-,6. Sem.,1
ET,9999 d.01,NQR 4,P,LN 3,BE,MEM 09 02,Sie setzen die richtigen technischen Begriffe in der internen Kommunikation ein und erläutern diese anderen Beteiligten.,LFB_9999_d.01_6,-,-,-,-,-,-,6. Sem.,1
ET,9999 d.01,NQR 4,P,LN 4,BE,MEM 09 03,Sie kommunizieren in Verhandlungssituationen den Kunden und Lieferanten die relevanten Projektdaten (Sie pflegen den Informationsaustausch).,LFB_9999_d.01_6,-,-,-,-,-,-,6. Sem.,1
ET,9999 d.01,NQR 4,P,LN 3,BE,xx d1 04,Sie nehmen Aufträge/Anliegen von Kunden oder Lieferanten entgegen und kommunizieren dabei aktiv.,LFB_9999_d.01_7,-,-,-,-,-,-,7. Sem.,1
ET,9999 d.01,NQR 4,P,LN 3,BE,xx d1 11,Sie setzen in der internen Kommunikation die richtigen technischen Begriffe ein.,LFB_9999_d.01_7,-,-,-,-,-,-,7. Sem.,1
ET,9999 d.01,NQR 4,P,LN 2,BE,xx d1 13,Sie kommunizieren den Kunden und Lieferanten die relevanten Auftragsdaten (Sie pflegen den Informationsaustausch).,LFB_9999_d.01_7,-,-,-,-,-,-,7. Sem.,1
ET,9999 d.01,NQR 4,P,LN 3,BE,xx d1 14,Sie optimieren aufgrund von Rückmeldungen Auftragsplanungen.,LFB_9999_d.01_7,-,-,-,-,-,-,7. Sem.,1
ET,9999 d.01,NQR 4,P,LN 4,BE,xx d1 15,Sie erstellen gemäss Kundenauftrag Auftragsplanungen.,LFB_9999_d.01_7,-,-,-,-,-,-,7. Sem.,1
ET,9999 d.01,NQR 4,P,LN 2,BE,xx d1 16,Sie koordinieren im Auftrag Arbeitsabläufe und Termine.,LFB_9999_d.01_7,-,-,-,-,-,-,7. Sem.,1
ET,9999 d.01,NQR 4,P,LN 4,BE,xx d1 18,Sie planen eine optimale Auslastung der Betriebsmittel und Materialien.,LFB_9999_d.01_7,-,-,-,-,-,-,7. Sem.,1
ET,9999 d.01,NQR 4,P,LN 4,BE,xx d1 20,Sie antizipieren mögliche unvorhersehbare Veränderungen.,LFB_9999_d.01_7,-,-,-,-,-,-,7. Sem.,1
ET,9999 d.01,NQR 4,P,LN 4,BE,xx d1 19,Sie identifizieren sich gegenseitig beeinflussende Faktoren.,LFB_9999_d.01_7,-,-,-,-,-,-,7. Sem.,1
ET,9999 d.01,NQR 4,P,LN 3,BE,xx d1 24,Sie setzen Methoden zur Planung adäquat ein.,LFB_9999_d.01_7,-,-,-,-,-,-,7. Sem.,1
ET,9999 d.01,NQR 4,P,LN 2,BE,xx d1 25,"Sie reflektieren gegenüber Mitarbeitern, Vorgesetzten und im Team ihre Rollenwahrnehmung.",LFB_9999_d.01_7,-,-,-,-,-,-,7. Sem.,1
ET,9999 d.01,NQR 4,P,LN 3,BE,xx d1 26,Sie nehmen ihre verschiedenen spezifischen Rollen im Arbeitsprozess wahr und handeln ihren Kompetenzen entsprechend.,LFB_9999_d.01_7,-,-,-,-,-,-,7. Sem.,1
ET,9999 d.01,NQR 4,P,LN 4,BE,MEM 01 01,Sie entwickeln innovative Ideen.,LFB_9999_d.01_7,-,-,-,-,-,-,7. Sem.,1
ET,9999 d.01,NQR 4,P,LN 3,BE,MEM 01 02,Sie treiben innovative Ideen voran.,LFB_9999_d.01_7,-,-,-,-,-,-,7. Sem.,1
ET,9999 d.01,NQR 4,P,LN 2,BE,MEM 01 03,Sie unterstützen andere bei der Umsetzung innovativer Ideen und richten ihre Tätigkeiten an den Zielen und der Strategie des Unternehmens aus.,LFB_9999_d.01_7,-,-,-,-,-,-,7. Sem.,1
ET,9999 d.01,NQR 4,P,LN 3,BE,MEM 01 04,Sie nehmen eine Führungsrolle wahr.,LFB_9999_d.01_7,-,-,-,-,-,-,7. Sem.,1
ET,9999 d.01,NQR 4,P,LN 2,BE,MEM 03 02,Sie setzen technologische Trends betriebsspezifisch in ihrem Arbeitsbereich um.,LFB_9999_d.01_7,-,-,-,-,-,-,7. Sem.,1
ET,9999 d.01,NQR 4,P,LN 4,BE,MEM 03 03,Sie treiben erfolgsversprechende Veränderungen voran.,LFB_9999_d.01_7,-,-,-,-,-,-,7. Sem.,1
ET,9999 d.01,NQR 4,P,LN 3,BE,MEM 09 01,Sie nehmen Aufträge/Anliegen von Kunden oder Lieferanten entgegen und stellen aufgrund der Dokumentenanalyse die relevanten Fragen.,LFB_9999_d.01_7,-,-,-,-,-,-,7. Sem.,1
ET,9999 d.01,NQR 4,P,LN 3,BE,MEM 09 02,Sie setzen die richtigen technischen Begriffe in der internen Kommunikation ein und erläutern diese anderen Beteiligten.,LFB_9999_d.01_7,-,-,-,-,-,-,7. Sem.,1
ET,9999 d.01,NQR 4,P,LN 4,BE,MEM 09 03,Sie kommunizieren in Verhandlungssituationen den Kunden und Lieferanten die relevanten Projektdaten (Sie pflegen den Informationsaustausch).,LFB_9999_d.01_7,-,-,-,-,-,-,7. Sem.,1
ET,9999 d.01,NQR 4,P,LN 2,BE,xx d1 13,Sie kommunizieren den Kunden und Lieferanten die relevanten Auftragsdaten (Sie pflegen den Informationsaustausch).,LFB_9999_d.01_8,-,-,-,-,-,-,8. Sem.,1
ET,9999 d.01,NQR 4,P,LN 3,BE,xx d1 14,Sie optimieren aufgrund von Rückmeldungen Auftragsplanungen.,LFB_9999_d.01_8,-,-,-,-,-,-,8. Sem.,1
ET,9999 d.01,NQR 4,P,LN 4,BE,xx d1 15,Sie erstellen gemäss Kundenauftrag Auftragsplanungen.,LFB_9999_d.01_8,-,-,-,-,-,-,8. Sem.,1
ET,9999 d.01,NQR 4,P,LN 4,BE,xx d1 18,Sie planen eine optimale Auslastung der Betriebsmittel und Materialien.,LFB_9999_d.01_8,-,-,-,-,-,-,8. Sem.,1
ET,9999 d.01,NQR 4,P,LN 4,BE,xx d1 20,Sie antizipieren mögliche unvorhersehbare Veränderungen.,LFB_9999_d.01_8,-,-,-,-,-,-,8. Sem.,1
ET,9999 d.01,NQR 4,P,LN 2,BE,xx d1 25,"Sie reflektieren gegenüber Mitarbeitern, Vorgesetzten und im Team ihre Rollenwahrnehmung.",LFB_9999_d.01_8,-,-,-,-,-,-,8. Sem.,1
ET,9999 d.01,NQR 4,P,LN 3,BE,xx d1 26,Sie nehmen ihre verschiedenen spezifischen Rollen im Arbeitsprozess wahr und handeln ihren Kompetenzen entsprechend.,LFB_9999_d.01_8,-,-,-,-,-,-,8. Sem.,1
ET,9999 d.01,NQR 4,P,LN 4,BE,MEM 01 01,Sie entwickeln innovative Ideen.,LFB_9999_d.01_8,-,-,-,-,-,-,8. Sem.,1
ET,9999 d.01,NQR 4,P,LN 3,BE,MEM 01 02,Sie treiben innovative Ideen voran.,LFB_9999_d.01_8,-,-,-,-,-,-,8. Sem.,1
ET,9999 d.01,NQR 4,P,LN 2,BE,MEM 01 03,Sie unterstützen andere bei der Umsetzung innovativer Ideen und richten ihre Tätigkeiten an den Zielen und der Strategie des Unternehmens aus.,LFB_9999_d.01_8,-,-,-,-,-,-,8. Sem.,1
ET,9999 d.01,NQR 4,P,LN 3,BE,MEM 01 04,Sie nehmen eine Führungsrolle wahr.,LFB_9999_d.01_8,-,-,-,-,-,-,8. Sem.,1
ET,9999 d.01,NQR 4,P,LN 2,BE,MEM 03 02,Sie setzen technologische Trends betriebsspezifisch in ihrem Arbeitsbereich um.,LFB_9999_d.01_8,-,-,-,-,-,-,8. Sem.,1
ET,9999 d.01,NQR 4,P,LN 4,BE,MEM 03 03,Sie treiben erfolgsversprechende Veränderungen voran.,LFB_9999_d.01_8,-,-,-,-,-,-,8. Sem.,1
ET,9999 d.01,NQR 4,P,LN 3,BE,MEM 09 01,Sie nehmen Aufträge/Anliegen von Kunden oder Lieferanten entgegen und stellen aufgrund der Dokumentenanalyse die relevanten Fragen.,LFB_9999_d.01_8,-,-,-,-,-,-,8. Sem.,1
ET,9999 d.01,NQR 4,P,LN 3,BE,MEM 09 02,Sie setzen die richtigen technischen Begriffe in der internen Kommunikation ein und erläutern diese anderen Beteiligten.,LFB_9999_d.01_8,-,-,-,-,-,-,8. Sem.,1
ET,9999 d.01,NQR 4,P,LN 4,BE,MEM 09 03,Sie kommunizieren in Verhandlungssituationen den Kunden und Lieferanten die relevanten Projektdaten (Sie pflegen den Informationsaustausch).,LFB_9999_d.01_8,-,-,-,-,-,-,8. Sem.,1
ET,9999 d.02,NQR 3,P,LN 2,BE,xx d2 05,Sie kommunizieren Auftragsabweichungen gegenüber den betroffenen Personen.,LFB_9999_d.02_2,-,-,-,-,-,-,2. Sem.,1
ET,9999 d.02,NQR 3,P,LN 2,BE,xx d2 01,Sie setzen Methoden zur Kontrolle in einem projektorientierten Auftrag adäquat ein.,LFB_9999_d.02_3,-,-,-,-,-,-,3. Sem.,1
ET,9999 d.02,NQR 3,P,LN 2,BE,xx d2 04,Sie ergreifen bei Auftragsabweichungen zielführende Massnahmen.,LFB_9999_d.02_3,-,-,-,-,-,-,3. Sem.,1
ET,9999 d.02,NQR 3,P,LN 2,BE,xx d2 05,Sie kommunizieren Auftragsabweichungen gegenüber den betroffenen Personen.,LFB_9999_d.02_3,-,-,-,-,-,-,3. Sem.,1
ET,9999 d.02,NQR 3,P,LN 3,BE,xx d2 06,Sie bewerten Auftragsänderungen.,LFB_9999_d.02_3,-,-,-,-,-,-,3. Sem.,1
ET,9999 d.02,NQR 3,P,LN 2,BE,xx d2 01,Sie setzen Methoden zur Kontrolle in einem projektorientierten Auftrag adäquat ein.,LFB_9999_d.02_4,-,-,-,-,-,-,4. Sem.,1
ET,9999 d.02,NQR 3,P,LN 2,BE,xx d2 04,Sie ergreifen bei Auftragsabweichungen zielführende Massnahmen.,LFB_9999_d.02_4,-,-,-,-,-,-,4. Sem.,1
ET,9999 d.02,NQR 3,P,LN 2,BE,xx d2 05,Sie kommunizieren Auftragsabweichungen gegenüber den betroffenen Personen.,LFB_9999_d.02_4,-,-,-,-,-,-,4. Sem.,1
ET,9999 d.02,NQR 3,P,LN 3,BE,xx d2 06,Sie bewerten Auftragsänderungen.,LFB_9999_d.02_4,-,-,-,-,-,-,4. Sem.,1
ET,9999 d.02,NQR 3,P,LN 2,BE,xx d2 07,Sie stellen die Nachverfolgung von auftragsrelevanten Dokumenten sicher.,LFB_9999_d.02_4,-,-,-,-,-,-,4. Sem.,1
ET,9999 d.02,NQR 3,P,LN 4,BE,MEM 04 03,"Sie planen, wenn nötig, nachvollziehbare Korrekturmassnahmen und setzen diese um.",LFB_9999_d.02_4,-,-,-,-,-,-,4. Sem.,1
ET,9999 d.02,NQR 3,P,LN 2,BE,xx d2 01,Sie setzen Methoden zur Kontrolle in einem projektorientierten Auftrag adäquat ein.,LFB_9999_d.02_5,-,-,-,-,-,-,5. Sem.,1
ET,9999 d.02,NQR 3,P,LN 2,BE,xx d2 02,Sie überprüfen laufend die Zielerreichung des projektorientierten Auftrages bezüglich der Termine (Meilensteine) und Kosten.,LFB_9999_d.02_5,-,-,-,-,-,-,5. Sem.,1
ET,9999 d.02,NQR 3,P,LN 2,BE,xx d2 03,"Sie überprüfen laufend die Zielerreichung des projektorientierten Auftrages bezüglich der Qualität, Quantität und Verantwortlichkeiten.",LFB_9999_d.02_5,-,-,-,-,-,-,5. Sem.,1
ET,9999 d.02,NQR 3,P,LN 2,BE,xx d2 04,Sie ergreifen bei Auftragsabweichungen zielführende Massnahmen.,LFB_9999_d.02_5,-,-,-,-,-,-,5. Sem.,1
ET,9999 d.02,NQR 3,P,LN 3,BE,xx d2 06,Sie bewerten Auftragsänderungen.,LFB_9999_d.02_5,-,-,-,-,-,-,5. Sem.,1
ET,9999 d.02,NQR 3,P,LN 2,BE,xx d2 07,Sie stellen die Nachverfolgung von auftragsrelevanten Dokumenten sicher.,LFB_9999_d.02_5,-,-,-,-,-,-,5. Sem.,1
ET,9999 d.02,NQR 3,P,LN 3,BE,MEM 04 01,"Sie setzen bei der Arbeitsausführung die Vorgaben der Arbeitsprozesse, die Branchennormen und betrieblichen Qualitätsvorgaben um.",LFB_9999_d.02_5,-,-,-,-,-,-,5. Sem.,1
ET,9999 d.02,NQR 3,P,LN 4,BE,MEM 04 03,"Sie planen, wenn nötig, nachvollziehbare Korrekturmassnahmen und setzen diese um.",LFB_9999_d.02_5,-,-,-,-,-,-,5. Sem.,1
ET,9999 d.02,NQR 3,P,LN 2,BE,xx d2 02,Sie überprüfen laufend die Zielerreichung des projektorientierten Auftrages bezüglich der Termine (Meilensteine) und Kosten.,LFB_9999_d.02_6,-,-,-,-,-,-,6. Sem.,1
ET,9999 d.02,NQR 3,P,LN 2,BE,xx d2 03,"Sie überprüfen laufend die Zielerreichung des projektorientierten Auftrages bezüglich der Qualität, Quantität und Verantwortlichkeiten.",LFB_9999_d.02_6,-,-,-,-,-,-,6. Sem.,1
ET,9999 d.02,NQR 3,P,LN 2,BE,xx d2 07,Sie stellen die Nachverfolgung von auftragsrelevanten Dokumenten sicher.,LFB_9999_d.02_6,-,-,-,-,-,-,6. Sem.,1
ET,9999 d.02,NQR 3,P,LN 3,BE,MEM 04 01,"Sie setzen bei der Arbeitsausführung die Vorgaben der Arbeitsprozesse, die Branchennormen und betrieblichen Qualitätsvorgaben um.",LFB_9999_d.02_6,-,-,-,-,-,-,6. Sem.,1
ET,9999 d.02,NQR 3,P,LN 3,BE,MEM 04 02,Sie überprüfen Arbeiten im Entstehungsprozess und führen entsprechende Kontrollen nach betrieblichen Vorgaben durch.,LFB_9999_d.02_6,-,-,-,-,-,-,6. Sem.,1
ET,9999 d.02,NQR 3,P,LN 4,BE,MEM 04 03,"Sie planen, wenn nötig, nachvollziehbare Korrekturmassnahmen und setzen diese um.",LFB_9999_d.02_6,-,-,-,-,-,-,6. Sem.,1
ET,9999 d.02,NQR 3,P,LN 3,BE,MEM 04 01,"Sie setzen bei der Arbeitsausführung die Vorgaben der Arbeitsprozesse, die Branchennormen und betrieblichen Qualitätsvorgaben um.",LFB_9999_d.02_7,-,-,-,-,-,-,7. Sem.,1
ET,9999 d.02,NQR 3,P,LN 3,BE,MEM 04 02,Sie überprüfen Arbeiten im Entstehungsprozess und führen entsprechende Kontrollen nach betrieblichen Vorgaben durch.,LFB_9999_d.02_7,-,-,-,-,-,-,7. Sem.,1
ET,9999 d.02,NQR 3,P,LN 3,BE,MEM 04 02,Sie überprüfen Arbeiten im Entstehungsprozess und führen entsprechende Kontrollen nach betrieblichen Vorgaben durch.,LFB_9999_d.02_8,-,-,-,-,-,-,8. Sem.,1
ET,9999 d.03,NQR 3,P,LN 2,BE,xx d3 02,Sie dokumentieren die Auftragserfüllung auf Basis der Erreichung der Auftragsziele.,LFB_9999_d.03_1,-,-,-,-,-,-,1. Sem.,1
ET,9999 d.03,NQR 3,P,LN 3,BE,xx d3 03,"Sie dokumentieren ihre persönliche Entwicklung, in dem Sie mittels Selbstreflexion ihre Arbeit am Auftrag auswerten.",LFB_9999_d.03_1,-,-,-,-,-,-,1. Sem.,1
ET,9999 d.03,NQR 3,P,LN 2,BE,xx d3 02,Sie dokumentieren die Auftragserfüllung auf Basis der Erreichung der Auftragsziele.,LFB_9999_d.03_2,-,-,-,-,-,-,2. Sem.,1
ET,9999 d.03,NQR 3,P,LN 3,BE,xx d3 03,"Sie dokumentieren ihre persönliche Entwicklung, in dem Sie mittels Selbstreflexion ihre Arbeit am Auftrag auswerten.",LFB_9999_d.03_2,-,-,-,-,-,-,2. Sem.,1
ET,9999 d.03,NQR 3,P,LN 3,BE,xx d3 07,Sie analysieren den Auftragsablauf und die Auftragserfüllung.,LFB_9999_d.03_2,-,-,-,-,-,-,2. Sem.,1
ET,9999 d.03,NQR 3,P,LN 3,BE,xx d3 01,Sie werten den projektorientierten Auftrag aufgrund der Erreichung der Auftragsziele aus.,LFB_9999_d.03_3,-,-,-,-,-,-,3. Sem.,1
ET,9999 d.03,NQR 3,P,LN 2,BE,xx d3 02,Sie dokumentieren die Auftragserfüllung auf Basis der Erreichung der Auftragsziele.,LFB_9999_d.03_3,-,-,-,-,-,-,3. Sem.,1
ET,9999 d.03,NQR 3,P,LN 3,BE,xx d3 03,"Sie dokumentieren ihre persönliche Entwicklung, in dem Sie mittels Selbstreflexion ihre Arbeit am Auftrag auswerten.",LFB_9999_d.03_3,-,-,-,-,-,-,3. Sem.,1
ET,9999 d.03,NQR 3,P,LN 3,BE,xx d3 04,Sie reflektieren und dokumentieren ihre persönliche Entwicklung während des Auftrags.,LFB_9999_d.03_3,-,-,-,-,-,-,3. Sem.,1
ET,9999 d.03,NQR 3,P,LN 3,BE,xx d3 07,Sie analysieren den Auftragsablauf und die Auftragserfüllung.,LFB_9999_d.03_3,-,-,-,-,-,-,3. Sem.,1
ET,9999 d.03,NQR 3,P,LN 3,BE,xx d3 06,Sie bewerten den Auftragsablauf und die Auftragserfüllung.,LFB_9999_d.03_3,-,-,-,-,-,-,3. Sem.,1
ET,9999 d.03,NQR 3,P,LN 3,BE,xx d3 01,Sie werten den projektorientierten Auftrag aufgrund der Erreichung der Auftragsziele aus.,LFB_9999_d.03_4,-,-,-,-,-,-,4. Sem.,1
ET,9999 d.03,NQR 3,P,LN 3,BE,xx d3 03,"Sie dokumentieren ihre persönliche Entwicklung, in dem Sie mittels Selbstreflexion ihre Arbeit am Auftrag auswerten.",LFB_9999_d.03_4,-,-,-,-,-,-,4. Sem.,1
ET,9999 d.03,NQR 3,P,LN 3,BE,xx d3 04,Sie reflektieren und dokumentieren ihre persönliche Entwicklung während des Auftrags.,LFB_9999_d.03_4,-,-,-,-,-,-,4. Sem.,1
ET,9999 d.03,NQR 3,P,LN 3,BE,xx d3 07,Sie analysieren den Auftragsablauf und die Auftragserfüllung.,LFB_9999_d.03_4,-,-,-,-,-,-,4. Sem.,1
ET,9999 d.03,NQR 3,P,LN 3,BE,xx d3 06,Sie bewerten den Auftragsablauf und die Auftragserfüllung.,LFB_9999_d.03_4,-,-,-,-,-,-,4. Sem.,1
ET,9999 d.03,NQR 3,P,LN 3,BE,xx d3 08,Sie entwickeln neue Ideen für zukünftige projektorientierte Aufträge.,LFB_9999_d.03_4,-,-,-,-,-,-,4. Sem.,1
ET,9999 d.03,NQR 3,P,LN 3,BE,xx d3 01,Sie werten den projektorientierten Auftrag aufgrund der Erreichung der Auftragsziele aus.,LFB_9999_d.03_5,-,-,-,-,-,-,5. Sem.,1
ET,9999 d.03,NQR 3,P,LN 3,BE,xx d3 04,Sie reflektieren und dokumentieren ihre persönliche Entwicklung während des Auftrags.,LFB_9999_d.03_5,-,-,-,-,-,-,5. Sem.,1
ET,9999 d.03,NQR 3,P,LN 3,BE,xx d3 06,Sie bewerten den Auftragsablauf und die Auftragserfüllung.,LFB_9999_d.03_5,-,-,-,-,-,-,5. Sem.,1
ET,9999 d.03,NQR 3,P,LN 3,BE,xx d3 08,Sie entwickeln neue Ideen für zukünftige projektorientierte Aufträge.,LFB_9999_d.03_5,-,-,-,-,-,-,5. Sem.,1
ET,9999 d.03,NQR 3,P,LN 2,BE,xx d3 10,Sie präsentieren die Auswertung des Auftrages den relevanten Personen in ihrem Betrieb.,LFB_9999_d.03_5,-,-,-,-,-,-,5. Sem.,1
ET,9999 d.03,NQR 3,P,LN 3,BE,xx d3 04,Sie reflektieren und dokumentieren ihre persönliche Entwicklung während des Auftrags.,LFB_9999_d.03_6,-,-,-,-,-,-,6. Sem.,1
ET,9999 d.03,NQR 3,P,LN 3,BE,xx d3 05,"Sie reflektieren ihr Verhalten, nehmen die zwischenmenschlichen Prozesse wahr und handeln entsprechend.",LFB_9999_d.03_6,-,-,-,-,-,-,6. Sem.,1
ET,9999 d.03,NQR 3,P,LN 3,BE,xx d3 08,Sie entwickeln neue Ideen für zukünftige projektorientierte Aufträge.,LFB_9999_d.03_6,-,-,-,-,-,-,6. Sem.,1
ET,9999 d.03,NQR 3,P,LN 2,BE,xx d3 09,Sie optimieren bestehende Auftragsprozesse aus der eigenen Arbeitserfahrung.,LFB_9999_d.03_6,-,-,-,-,-,-,6. Sem.,1
ET,9999 d.03,NQR 3,P,LN 2,BE,xx d3 10,Sie präsentieren die Auswertung des Auftrages den relevanten Personen in ihrem Betrieb.,LFB_9999_d.03_6,-,-,-,-,-,-,6. Sem.,1
ET,9999 d.03,NQR 3,P,LN 3,BE,xx d3 04,Sie reflektieren und dokumentieren ihre persönliche Entwicklung während des Auftrags.,LFB_9999_d.03_7,-,-,-,-,-,-,7. Sem.,1
ET,9999 d.03,NQR 3,P,LN 3,BE,xx d3 05,"Sie reflektieren ihr Verhalten, nehmen die zwischenmenschlichen Prozesse wahr und handeln entsprechend.",LFB_9999_d.03_7,-,-,-,-,-,-,7. Sem.,1
ET,9999 d.03,NQR 3,P,LN 2,BE,xx d3 09,Sie optimieren bestehende Auftragsprozesse aus der eigenen Arbeitserfahrung.,LFB_9999_d.03_7,-,-,-,-,-,-,7. Sem.,1
ET,9999 d.03,NQR 3,P,LN 2,BE,xx d3 10,Sie präsentieren die Auswertung des Auftrages den relevanten Personen in ihrem Betrieb.,LFB_9999_d.03_7,-,-,-,-,-,-,7. Sem.,1
ET,9999 d.03,NQR 3,P,LN 3,BE,xx d3 04,Sie reflektieren und dokumentieren ihre persönliche Entwicklung während des Auftrags.,LFB_9999_d.03_8,-,-,-,-,-,-,8. Sem.,1
ET,9999 d.03,NQR 3,P,LN 3,BE,xx d3 05,"Sie reflektieren ihr Verhalten, nehmen die zwischenmenschlichen Prozesse wahr und handeln entsprechend.",LFB_9999_d.03_8,-,-,-,-,-,-,8. Sem.,1
ET,9999 d.03,NQR 3,P,LN 2,BE,xx d3 09,Sie optimieren bestehende Auftragsprozesse aus der eigenen Arbeitserfahrung.,LFB_9999_d.03_8,-,-,-,-,-,-,8. Sem.,1
ET,9999 d.04,NQR 5,W,LN 4,BE,xx d6 01,Sie bestimmen den Ausbildungsbedarf und formulieren die nötigen Lernziele.,LFB_9999_d.04_5,-,-,-,-,-,-,5. Sem.,1
ET,9999 d.04,NQR 5,W,LN 3,BE,xx d6 15,Sie klären den Stand der Vorkenntnisse und Vorerfahrungen der Kunden ab.,LFB_9999_d.04_5,-,-,-,-,-,-,5. Sem.,1
ET,9999 d.04,NQR 5,W,LN 3,BE,xx d6 18,Sie setzen lernzieladäquate Methoden ein.,LFB_9999_d.04_5,-,-,-,-,-,-,5. Sem.,1
ET,9999 d.04,NQR 5,W,LN 3,BE,xx d6 04,Sie setzen für den Lernprozess vorhandene Medien ein.,LFB_9999_d.04_5,-,-,-,-,-,-,5. Sem.,1
ET,9999 d.04,NQR 5,W,LN 3,BE,xx d6 05,Sie entwickeln zielgruppenadäquate Schulungsunterlagen.,LFB_9999_d.04_5,-,-,-,-,-,-,5. Sem.,1
ET,9999 d.04,NQR 5,W,LN 3,BE,xx d6 19,Sie leiten unter Anwendung verschiedener Methoden Schulungen oder Ausbildungssequenzen.,LFB_9999_d.04_5,-,-,-,-,-,-,5. Sem.,1
ET,9999 d.04,NQR 5,W,LN 4,BE,xx d6 01,Sie bestimmen den Ausbildungsbedarf und formulieren die nötigen Lernziele.,LFB_9999_d.04_6,-,-,-,-,-,-,6. Sem.,1
ET,9999 d.04,NQR 5,W,LN 4,BE,xx d6 02,Sie planen und organisieren Schulungsanlässe oder Ausbildungssequenzen.,LFB_9999_d.04_6,-,-,-,-,-,-,6. Sem.,1
ET,9999 d.04,NQR 5,W,LN 3,BE,xx d6 15,Sie klären den Stand der Vorkenntnisse und Vorerfahrungen der Kunden ab.,LFB_9999_d.04_6,-,-,-,-,-,-,6. Sem.,1
ET,9999 d.04,NQR 5,W,LN 3,BE,xx d6 03,Sie entwickeln ein Drehbuch für eine Schulung oder eine Ausbildungssequenz.,LFB_9999_d.04_6,-,-,-,-,-,-,6. Sem.,1
ET,9999 d.04,NQR 5,W,LN 4,BE,xx d6 17,Sie planen und instruieren je nach Gefahrenpotential Sicherheitsvorkehrungen und entsprechende Massnahmen.,LFB_9999_d.04_6,-,-,-,-,-,-,6. Sem.,1
ET,9999 d.04,NQR 5,W,LN 3,BE,xx d6 18,Sie setzen lernzieladäquate Methoden ein.,LFB_9999_d.04_6,-,-,-,-,-,-,6. Sem.,1
ET,9999 d.04,NQR 5,W,LN 3,BE,xx d6 04,Sie setzen für den Lernprozess vorhandene Medien ein.,LFB_9999_d.04_6,-,-,-,-,-,-,6. Sem.,1
ET,9999 d.04,NQR 5,W,LN 3,BE,xx d6 05,Sie entwickeln zielgruppenadäquate Schulungsunterlagen.,LFB_9999_d.04_6,-,-,-,-,-,-,6. Sem.,1
ET,9999 d.04,NQR 5,W,LN 3,BE,xx d6 19,Sie leiten unter Anwendung verschiedener Methoden Schulungen oder Ausbildungssequenzen.,LFB_9999_d.04_6,-,-,-,-,-,-,6. Sem.,1
ET,9999 d.04,NQR 5,W,LN 4,BE,xx d6 06,Sie überprüfen die Lernziele resp. die angestrebten Kompetenzen.,LFB_9999_d.04_6,-,-,-,-,-,-,6. Sem.,1
ET,9999 d.04,NQR 5,W,LN 4,BE,xx d6 01,Sie bestimmen den Ausbildungsbedarf und formulieren die nötigen Lernziele.,LFB_9999_d.04_7,-,-,-,-,-,-,7. Sem.,1
ET,9999 d.04,NQR 5,W,LN 4,BE,xx d6 02,Sie planen und organisieren Schulungsanlässe oder Ausbildungssequenzen.,LFB_9999_d.04_7,-,-,-,-,-,-,7. Sem.,1
ET,9999 d.04,NQR 5,W,LN 4,BE,xx d6 16,Sie planen eine Schulung oder eine Ausbildungssequenz zielgruppengerecht und entlang eines Lernprozesses.,LFB_9999_d.04_7,-,-,-,-,-,-,7. Sem.,1
ET,9999 d.04,NQR 5,W,LN 3,BE,xx d6 03,Sie entwickeln ein Drehbuch für eine Schulung oder eine Ausbildungssequenz.,LFB_9999_d.04_7,-,-,-,-,-,-,7. Sem.,1
ET,9999 d.04,NQR 5,W,LN 4,BE,xx d6 17,Sie planen und instruieren je nach Gefahrenpotential Sicherheitsvorkehrungen und entsprechende Massnahmen.,LFB_9999_d.04_7,-,-,-,-,-,-,7. Sem.,1
ET,9999 d.04,NQR 5,W,LN 3,BE,xx d6 18,Sie setzen lernzieladäquate Methoden ein.,LFB_9999_d.04_7,-,-,-,-,-,-,7. Sem.,1
ET,9999 d.04,NQR 5,W,LN 3,BE,xx d6 04,Sie setzen für den Lernprozess vorhandene Medien ein.,LFB_9999_d.04_7,-,-,-,-,-,-,7. Sem.,1
ET,9999 d.04,NQR 5,W,LN 3,BE,xx d6 19,Sie leiten unter Anwendung verschiedener Methoden Schulungen oder Ausbildungssequenzen.,LFB_9999_d.04_7,-,-,-,-,-,-,7. Sem.,1
ET,9999 d.04,NQR 5,W,LN 4,BE,xx d6 06,Sie überprüfen die Lernziele resp. die angestrebten Kompetenzen.,LFB_9999_d.04_7,-,-,-,-,-,-,7. Sem.,1
ET,9999 d.04,NQR 5,W,LN 5,BE,xx d6 07,Sie führen eine abschliessende Teilnehmerumfrage und eine selbstkritische Reflexion durch.,LFB_9999_d.04_7,-,-,-,-,-,-,7. Sem.,1
ET,9999 d.04,NQR 5,W,LN 4,BE,xx d6 02,Sie planen und organisieren Schulungsanlässe oder Ausbildungssequenzen.,LFB_9999_d.04_8,-,-,-,-,-,-,8. Sem.,1
ET,9999 d.04,NQR 5,W,LN 4,BE,xx d6 16,Sie planen eine Schulung oder eine Ausbildungssequenz zielgruppengerecht und entlang eines Lernprozesses.,LFB_9999_d.04_8,-,-,-,-,-,-,8. Sem.,1
ET,9999 d.04,NQR 5,W,LN 3,BE,xx d6 03,Sie entwickeln ein Drehbuch für eine Schulung oder eine Ausbildungssequenz.,LFB_9999_d.04_8,-,-,-,-,-,-,8. Sem.,1
ET,9999 d.04,NQR 5,W,LN 4,BE,xx d6 17,Sie planen und instruieren je nach Gefahrenpotential Sicherheitsvorkehrungen und entsprechende Massnahmen.,LFB_9999_d.04_8,-,-,-,-,-,-,8. Sem.,1
ET,9999 d.04,NQR 5,W,LN 4,BE,xx d6 06,Sie überprüfen die Lernziele resp. die angestrebten Kompetenzen.,LFB_9999_d.04_8,-,-,-,-,-,-,8. Sem.,1
ET,9999 d.04,NQR 5,W,LN 5,BE,xx d6 07,Sie führen eine abschliessende Teilnehmerumfrage und eine selbstkritische Reflexion durch.,LFB_9999_d.04_8,-,-,-,-,-,-,8. Sem.,1
ET,9999 d.05,NQR 3,W,LN 4,BE,ET d5 01,Sie planen und organisieren die Fertigung in der Elektronik.,LFB_9999_d.05_5,-,-,-,-,-,-,5. Sem.,1
ET,9999 d.05,NQR 3,W,LN 3,BE,ET d5 02,Sie beschaffen die nötigen Komponenten.,LFB_9999_d.05_5,-,-,-,-,-,-,5. Sem.,1
ET,9999 d.05,NQR 3,W,LN 3,BE,ET d5 03,Sie organisieren die Produktionsunterlagen.,LFB_9999_d.05_5,-,-,-,-,-,-,5. Sem.,1
ET,9999 d.05,NQR 3,W,LN 3,BE,ET d5 05,Sie organisieren die nötigen Betriebs- und Messmittel.,LFB_9999_d.05_5,-,-,-,-,-,-,5. Sem.,1
ET,9999 d.05,NQR 3,W,LN 3,BE,ET b3 04,Sie halten zum Schutz von Personen und Betriebsmittel die Sicherheitsmassnahmen ein.,LFB_9999_d.05_5,-,-,-,-,-,-,5. Sem.,1
ET,9999 d.05,NQR 3,W,LN 3,BE,ET d5 07,Sie arbeiten in verschiedenen Positionen innerhalb einer Fertigung für elektronische Produkte.,LFB_9999_d.05_5,-,-,-,-,-,-,5. Sem.,1
ET,9999 d.05,NQR 3,W,LN 3,BE,ET d5 08,"Sie überwachen die Produktionsanlagen und treffen, wenn nötig, Massnahmen.",LFB_9999_d.05_5,-,-,-,-,-,-,5. Sem.,1
ET,9999 d.05,NQR 3,W,LN 3,BE,ET d5 09,Sie testen die Funktion der Produkte gemäss den Vorgaben.,LFB_9999_d.05_5,-,-,-,-,-,-,5. Sem.,1
ET,9999 d.05,NQR 3,W,LN 3,BE,ET d5 10,Sie installieren Firmware in den Geräten.,LFB_9999_d.05_5,-,-,-,-,-,-,5. Sem.,1
ET,9999 d.05,NQR 3,W,LN 3,BE,ET d5 11,Sie melden Unregelmässigkeiten beim Auftraggeber.,LFB_9999_d.05_5,-,-,-,-,-,-,5. Sem.,1
ET,9999 d.05,NQR 3,W,LN 3,BE,ET d5 12,Sie bereinigen Fehler in Absprache mit dem Auftraggeber in den Unterlagen und der Betriebsmittel.,LFB_9999_d.05_5,-,-,-,-,-,-,5. Sem.,1
ET,9999 d.05,NQR 3,W,LN 4,BE,ET d5 01,Sie planen und organisieren die Fertigung in der Elektronik.,LFB_9999_d.05_6,-,-,-,-,-,-,6. Sem.,1
ET,9999 d.05,NQR 3,W,LN 3,BE,ET d5 02,Sie beschaffen die nötigen Komponenten.,LFB_9999_d.05_6,-,-,-,-,-,-,6. Sem.,1
ET,9999 d.05,NQR 3,W,LN 3,BE,ET d5 03,Sie organisieren die Produktionsunterlagen.,LFB_9999_d.05_6,-,-,-,-,-,-,6. Sem.,1
ET,9999 d.05,NQR 3,W,LN 3,BE,ET d5 04,Sie überprüfen die Produktionsunterlagen auf offensichtliche Fehler.,LFB_9999_d.05_6,-,-,-,-,-,-,6. Sem.,1
ET,9999 d.05,NQR 3,W,LN 3,BE,ET d5 05,Sie organisieren die nötigen Betriebs- und Messmittel.,LFB_9999_d.05_6,-,-,-,-,-,-,6. Sem.,1
ET,9999 d.05,NQR 3,W,LN 3,BE,ET b3 04,Sie halten zum Schutz von Personen und Betriebsmittel die Sicherheitsmassnahmen ein.,LFB_9999_d.05_6,-,-,-,-,-,-,6. Sem.,1
ET,9999 d.05,NQR 3,W,LN 3,BE,ET d5 07,Sie arbeiten in verschiedenen Positionen innerhalb einer Fertigung für elektronische Produkte.,LFB_9999_d.05_6,-,-,-,-,-,-,6. Sem.,1
ET,9999 d.05,NQR 3,W,LN 3,BE,ET d5 08,"Sie überwachen die Produktionsanlagen und treffen, wenn nötig, Massnahmen.",LFB_9999_d.05_6,-,-,-,-,-,-,6. Sem.,1
ET,9999 d.05,NQR 3,W,LN 3,BE,ET d5 09,Sie testen die Funktion der Produkte gemäss den Vorgaben.,LFB_9999_d.05_6,-,-,-,-,-,-,6. Sem.,1
ET,9999 d.05,NQR 3,W,LN 3,BE,ET d5 10,Sie installieren Firmware in den Geräten.,LFB_9999_d.05_6,-,-,-,-,-,-,6. Sem.,1
ET,9999 d.05,NQR 3,W,LN 3,BE,ET d5 11,Sie melden Unregelmässigkeiten beim Auftraggeber.,LFB_9999_d.05_6,-,-,-,-,-,-,6. Sem.,1
ET,9999 d.05,NQR 3,W,LN 3,BE,ET d5 12,Sie bereinigen Fehler in Absprache mit dem Auftraggeber in den Unterlagen und der Betriebsmittel.,LFB_9999_d.05_6,-,-,-,-,-,-,6. Sem.,1
ET,9999 d.05,NQR 3,W,LN 4,BE,ET d5 01,Sie planen und organisieren die Fertigung in der Elektronik.,LFB_9999_d.05_7,-,-,-,-,-,-,7. Sem.,1
ET,9999 d.05,NQR 3,W,LN 3,BE,ET d5 04,Sie überprüfen die Produktionsunterlagen auf offensichtliche Fehler.,LFB_9999_d.05_7,-,-,-,-,-,-,7. Sem.,1
ET,9999 d.05,NQR 3,W,LN 3,BE,ET d5 08,"Sie überwachen die Produktionsanlagen und treffen, wenn nötig, Massnahmen.",LFB_9999_d.05_7,-,-,-,-,-,-,7. Sem.,1
ET,9999 d.05,NQR 3,W,LN 3,BE,ET d5 09,Sie testen die Funktion der Produkte gemäss den Vorgaben.,LFB_9999_d.05_7,-,-,-,-,-,-,7. Sem.,1
ET,9999 d.05,NQR 3,W,LN 4,BE,ET d5 01,Sie planen und organisieren die Fertigung in der Elektronik.,LFB_9999_d.05_8,-,-,-,-,-,-,8. Sem.,1
ET,9999 d.05,NQR 3,W,LN 3,BE,ET d5 04,Sie überprüfen die Produktionsunterlagen auf offensichtliche Fehler.,LFB_9999_d.05_8,-,-,-,-,-,-,8. Sem.,1
ET,9999 d.06,NQR 4,W,LN 3,BE,ET d6 01,Sie stellen Defekte bei Produktions- und Arbeitsmitteln fest.,LFB_9999_d.06_5,-,-,-,-,-,-,5. Sem.,1
ET,9999 d.06,NQR 4,W,LN 3,BE,ET d6 03,Sie führen die vorgeschriebenen Schritte gemäss Wartungsunterlagen durch.,LFB_9999_d.06_5,-,-,-,-,-,-,5. Sem.,1
ET,9999 d.06,NQR 4,W,LN 3,BE,ET d6 04,Sie dokumentieren die vorliegenden Messwerte im Bezug zum Soll-Wert.,LFB_9999_d.06_5,-,-,-,-,-,-,5. Sem.,1
ET,9999 d.06,NQR 4,W,LN 3,BE,ET d6 05,Sie erfassen in der internen Datenbank den Zustand der Geräte.,LFB_9999_d.06_5,-,-,-,-,-,-,5. Sem.,1
ET,9999 d.06,NQR 4,W,LN 4,BE,ET d6 07,Sie untersuchen systematisch eine Fehlfunktion eines Gerätes.,LFB_9999_d.06_5,-,-,-,-,-,-,5. Sem.,1
ET,9999 d.06,NQR 4,W,LN 3,BE,ET d6 14,Sie stellen mit Hilfe der Bedienungsanleitung ein Gerät gemäss den Anforderungen ein.,LFB_9999_d.06_5,-,-,-,-,-,-,5. Sem.,1
ET,9999 d.06,NQR 4,W,LN 4,BE,ET d6 09,Sie orientieren den Auftraggeber über Umfang und Zeitdauer der Instandhaltung.,LFB_9999_d.06_5,-,-,-,-,-,-,5. Sem.,1
ET,9999 d.06,NQR 4,W,LN 3,BE,ET d6 10,Sie kennzeichnen die gewarteten Geräte.,LFB_9999_d.06_5,-,-,-,-,-,-,5. Sem.,1
ET,9999 d.06,NQR 4,W,LN 3,BE,ET d6 01,Sie stellen Defekte bei Produktions- und Arbeitsmitteln fest.,LFB_9999_d.06_6,-,-,-,-,-,-,6. Sem.,1
ET,9999 d.06,NQR 4,W,LN 3,BE,ET d6 03,Sie führen die vorgeschriebenen Schritte gemäss Wartungsunterlagen durch.,LFB_9999_d.06_6,-,-,-,-,-,-,6. Sem.,1
ET,9999 d.06,NQR 4,W,LN 3,BE,ET d6 04,Sie dokumentieren die vorliegenden Messwerte im Bezug zum Soll-Wert.,LFB_9999_d.06_6,-,-,-,-,-,-,6. Sem.,1
ET,9999 d.06,NQR 4,W,LN 3,BE,ET d6 05,Sie erfassen in der internen Datenbank den Zustand der Geräte.,LFB_9999_d.06_6,-,-,-,-,-,-,6. Sem.,1
ET,9999 d.06,NQR 4,W,LN 4,BE,ET d6 07,Sie untersuchen systematisch eine Fehlfunktion eines Gerätes.,LFB_9999_d.06_6,-,-,-,-,-,-,6. Sem.,1
ET,9999 d.06,NQR 4,W,LN 4,BE,ET d6 08,Sie beheben im Rahmen ihrer Kompetenz die Fehlfunktion.,LFB_9999_d.06_6,-,-,-,-,-,-,6. Sem.,1
ET,9999 d.06,NQR 4,W,LN 3,BE,ET d6 14,Sie stellen mit Hilfe der Bedienungsanleitung ein Gerät gemäss den Anforderungen ein.,LFB_9999_d.06_6,-,-,-,-,-,-,6. Sem.,1
ET,9999 d.06,NQR 4,W,LN 4,BE,ET d6 09,Sie orientieren den Auftraggeber über Umfang und Zeitdauer der Instandhaltung.,LFB_9999_d.06_6,-,-,-,-,-,-,6. Sem.,1
ET,9999 d.06,NQR 4,W,LN 3,BE,ET d6 10,Sie kennzeichnen die gewarteten Geräte.,LFB_9999_d.06_6,-,-,-,-,-,-,6. Sem.,1
ET,9999 d.06,NQR 4,W,LN 3,BE,ET d6 13,Sie interpretieren Qualitätssicherungsmerkmale an Produktions- und Arbeitsmittel.,LFB_9999_d.06_7,-,-,-,-,-,-,7. Sem.,1
ET,9999 d.06,NQR 4,W,LN 3,BE,ET d6 02,Sie klären vorhandene Garantieansprüche ab.,LFB_9999_d.06_7,-,-,-,-,-,-,7. Sem.,1
ET,9999 d.06,NQR 4,W,LN 3,BE,ET d6 03,Sie führen die vorgeschriebenen Schritte gemäss Wartungsunterlagen durch.,LFB_9999_d.06_7,-,-,-,-,-,-,7. Sem.,1
ET,9999 d.06,NQR 4,W,LN 3,BE,ET d6 04,Sie dokumentieren die vorliegenden Messwerte im Bezug zum Soll-Wert.,LFB_9999_d.06_7,-,-,-,-,-,-,7. Sem.,1
ET,9999 d.06,NQR 4,W,LN 4,BE,ET d6 06,Sie klären im Falle einer Beanstandung das weitere Vorgehen ab.,LFB_9999_d.06_7,-,-,-,-,-,-,7. Sem.,1
ET,9999 d.06,NQR 4,W,LN 4,BE,ET d6 07,Sie untersuchen systematisch eine Fehlfunktion eines Gerätes.,LFB_9999_d.06_7,-,-,-,-,-,-,7. Sem.,1
ET,9999 d.06,NQR 4,W,LN 4,BE,ET d6 08,Sie beheben im Rahmen ihrer Kompetenz die Fehlfunktion.,LFB_9999_d.06_7,-,-,-,-,-,-,7. Sem.,1
ET,9999 d.06,NQR 4,W,LN 4,BE,ET d6 09,Sie orientieren den Auftraggeber über Umfang und Zeitdauer der Instandhaltung.,LFB_9999_d.06_7,-,-,-,-,-,-,7. Sem.,1
ET,9999 d.06,NQR 4,W,LN 3,BE,ET d6 13,Sie interpretieren Qualitätssicherungsmerkmale an Produktions- und Arbeitsmittel.,LFB_9999_d.06_8,-,-,-,-,-,-,8. Sem.,1
ET,9999 d.06,NQR 4,W,LN 3,BE,ET d6 02,Sie klären vorhandene Garantieansprüche ab.,LFB_9999_d.06_8,-,-,-,-,-,-,8. Sem.,1
ET,9999 d.06,NQR 4,W,LN 4,BE,ET d6 06,Sie klären im Falle einer Beanstandung das weitere Vorgehen ab.,LFB_9999_d.06_8,-,-,-,-,-,-,8. Sem.,1
ET,9999 d.06,NQR 4,W,LN 4,BE,ET d6 07,Sie untersuchen systematisch eine Fehlfunktion eines Gerätes.,LFB_9999_d.06_8,-,-,-,-,-,-,8. Sem.,1
ET,9999 d.06,NQR 4,W,LN 4,BE,ET d6 08,Sie beheben im Rahmen ihrer Kompetenz die Fehlfunktion.,LFB_9999_d.06_8,-,-,-,-,-,-,8. Sem.,1
ET,9999 d.07,NQR 4,W,LN 4,BE,AU b1 01 1-2,Sie interpretieren die Fertigungsunterlagen einer automatisierten Anlage.,LFB_9999_d.07_5,-,-,-,-,-,-,5. Sem.,1
ET,9999 d.07,NQR 4,W,LN 4,BE,AU b1 13,Sie studieren die Fertigungsunterlagen und erkennen die Funktion der Anlage.,LFB_9999_d.07_5,-,-,-,-,-,-,5. Sem.,1
ET,9999 d.07,NQR 4,W,LN 3,BE,AU b8 05,Sie beschaffen sich selbständig Informationen zur Funktion einer automatisierten Anlage.,LFB_9999_d.07_5,-,-,-,-,-,-,5. Sem.,1
ET,9999 d.07,NQR 4,W,LN 3,BE,AU b1 14,Sie erstellen auf der Grundlage der Fertigungsunterlagen einen Arbeitsplan.,LFB_9999_d.07_5,-,-,-,-,-,-,5. Sem.,1
ET,9999 d.07,NQR 4,W,LN 4,BE,AU c5 01,"Sie überwachen Prozessdaten in automatisierten Anlagen und leiten, wenn nötig Massnahmen ein.",LFB_9999_d.07_5,-,-,-,-,-,-,5. Sem.,1
ET,9999 d.07,NQR 4,W,LN 3,BE,AU c5 06,Sie binden zur Auswertung die Prozessdaten in eine Cloud ein.,LFB_9999_d.07_5,-,-,-,-,-,-,5. Sem.,1
ET,9999 d.07,NQR 4,W,LN 2,BE,AU c5 09,Sie lesen vorhandene Prozessdaten aus.,LFB_9999_d.07_5,-,-,-,-,-,-,5. Sem.,1
ET,9999 d.07,NQR 4,W,LN 2,BE,AU c5 10,Sie analysieren die ausgelesenen Prozessdaten und stellen Trendwerte grafisch dar.,LFB_9999_d.07_5,-,-,-,-,-,-,5. Sem.,1
ET,9999 d.07,NQR 4,W,LN 5,BE,AU c5 11,Sie bestimmen aus den Prozessdaten mögliche Optimierungen.,LFB_9999_d.07_5,-,-,-,-,-,-,5. Sem.,1
ET,9999 d.07,NQR 4,W,LN 4,BE,AU b1 01 1-2,Sie interpretieren die Fertigungsunterlagen einer automatisierten Anlage.,LFB_9999_d.07_6,-,-,-,-,-,-,6. Sem.,1
ET,9999 d.07,NQR 4,W,LN 4,BE,AU b1 13,Sie studieren die Fertigungsunterlagen und erkennen die Funktion der Anlage.,LFB_9999_d.07_6,-,-,-,-,-,-,6. Sem.,1
ET,9999 d.07,NQR 4,W,LN 3,BE,AU b8 05,Sie beschaffen sich selbständig Informationen zur Funktion einer automatisierten Anlage.,LFB_9999_d.07_6,-,-,-,-,-,-,6. Sem.,1
ET,9999 d.07,NQR 4,W,LN 3,BE,AU b1 14,Sie erstellen auf der Grundlage der Fertigungsunterlagen einen Arbeitsplan.,LFB_9999_d.07_6,-,-,-,-,-,-,6. Sem.,1
ET,9999 d.07,NQR 4,W,LN 4,BE,AU c5 01,"Sie überwachen Prozessdaten in automatisierten Anlagen und leiten, wenn nötig Massnahmen ein.",LFB_9999_d.07_6,-,-,-,-,-,-,6. Sem.,1
ET,9999 d.07,NQR 4,W,LN 3,BE,AU c5 06,Sie binden zur Auswertung die Prozessdaten in eine Cloud ein.,LFB_9999_d.07_6,-,-,-,-,-,-,6. Sem.,1
ET,9999 d.07,NQR 4,W,LN 2,BE,AU c5 09,Sie lesen vorhandene Prozessdaten aus.,LFB_9999_d.07_6,-,-,-,-,-,-,6. Sem.,1
ET,9999 d.07,NQR 4,W,LN 2,BE,AU c5 10,Sie analysieren die ausgelesenen Prozessdaten und stellen Trendwerte grafisch dar.,LFB_9999_d.07_6,-,-,-,-,-,-,6. Sem.,1
ET,9999 d.07,NQR 4,W,LN 5,BE,AU c5 11,Sie bestimmen aus den Prozessdaten mögliche Optimierungen.,LFB_9999_d.07_6,-,-,-,-,-,-,6. Sem.,1
ET,9999 d.07,NQR 4,W,LN 4,BE,AU b1 01 1-2,Sie interpretieren die Fertigungsunterlagen einer automatisierten Anlage.,LFB_9999_d.07_7,-,-,-,-,-,-,7. Sem.,1
ET,9999 d.07,NQR 4,W,LN 4,BE,AU b1 13,Sie studieren die Fertigungsunterlagen und erkennen die Funktion der Anlage.,LFB_9999_d.07_7,-,-,-,-,-,-,7. Sem.,1
ET,9999 d.07,NQR 4,W,LN 3,BE,AU b8 05,Sie beschaffen sich selbständig Informationen zur Funktion einer automatisierten Anlage.,LFB_9999_d.07_7,-,-,-,-,-,-,7. Sem.,1
ET,9999 d.07,NQR 4,W,LN 3,BE,AU b1 14,Sie erstellen auf der Grundlage der Fertigungsunterlagen einen Arbeitsplan.,LFB_9999_d.07_7,-,-,-,-,-,-,7. Sem.,1
ET,9999 d.07,NQR 4,W,LN 4,BE,AU c5 01,"Sie überwachen Prozessdaten in automatisierten Anlagen und leiten, wenn nötig Massnahmen ein.",LFB_9999_d.07_7,-,-,-,-,-,-,7. Sem.,1
ET,9999 d.07,NQR 4,W,LN 3,BE,AU c5 06,Sie binden zur Auswertung die Prozessdaten in eine Cloud ein.,LFB_9999_d.07_7,-,-,-,-,-,-,7. Sem.,1
ET,9999 d.07,NQR 4,W,LN 2,BE,AU c5 09,Sie lesen vorhandene Prozessdaten aus.,LFB_9999_d.07_7,-,-,-,-,-,-,7. Sem.,1
ET,9999 d.07,NQR 4,W,LN 2,BE,AU c5 10,Sie analysieren die ausgelesenen Prozessdaten und stellen Trendwerte grafisch dar.,LFB_9999_d.07_7,-,-,-,-,-,-,7. Sem.,1
ET,9999 d.07,NQR 4,W,LN 5,BE,AU c5 11,Sie bestimmen aus den Prozessdaten mögliche Optimierungen.,LFB_9999_d.07_7,-,-,-,-,-,-,7. Sem.,1
ET,9999 d.07,NQR 4,W,LN 4,BE,AU b1 01 1-2,Sie interpretieren die Fertigungsunterlagen einer automatisierten Anlage.,LFB_9999_d.07_8,-,-,-,-,-,-,8. Sem.,1
ET,9999 d.07,NQR 4,W,LN 4,BE,AU b1 13,Sie studieren die Fertigungsunterlagen und erkennen die Funktion der Anlage.,LFB_9999_d.07_8,-,-,-,-,-,-,8. Sem.,1
ET,9999 d.07,NQR 4,W,LN 3,BE,AU b8 05,Sie beschaffen sich selbständig Informationen zur Funktion einer automatisierten Anlage.,LFB_9999_d.07_8,-,-,-,-,-,-,8. Sem.,1
ET,9999 d.07,NQR 4,W,LN 3,BE,AU b1 14,Sie erstellen auf der Grundlage der Fertigungsunterlagen einen Arbeitsplan.,LFB_9999_d.07_8,-,-,-,-,-,-,8. Sem.,1
ET,9999 d.07,NQR 4,W,LN 4,BE,AU c5 01,"Sie überwachen Prozessdaten in automatisierten Anlagen und leiten, wenn nötig Massnahmen ein.",LFB_9999_d.07_8,-,-,-,-,-,-,8. Sem.,1
ET,9999 d.07,NQR 4,W,LN 3,BE,AU c5 06,Sie binden zur Auswertung die Prozessdaten in eine Cloud ein.,LFB_9999_d.07_8,-,-,-,-,-,-,8. Sem.,1
ET,9999 d.07,NQR 4,W,LN 2,BE,AU c5 09,Sie lesen vorhandene Prozessdaten aus.,LFB_9999_d.07_8,-,-,-,-,-,-,8. Sem.,1
ET,9999 d.07,NQR 4,W,LN 2,BE,AU c5 10,Sie analysieren die ausgelesenen Prozessdaten und stellen Trendwerte grafisch dar.,LFB_9999_d.07_8,-,-,-,-,-,-,8. Sem.,1
ET,9999 d.07,NQR 4,W,LN 5,BE,AU c5 11,Sie bestimmen aus den Prozessdaten mögliche Optimierungen.,LFB_9999_d.07_8,-,-,-,-,-,-,8. Sem.,1
ET,9999 d.08,NQR 4,W,LN 3,BE,ET d8 01,Sie passen die Vorgehensweise der Gerätesituation an.,LFB_9999_d.08_5,-,-,-,-,-,-,5. Sem.,1
ET,9999 d.08,NQR 4,W,LN 3,BE,ET d8 02,Sie beschaffen die Dokumentationen für die Geräte bei den zuständigen Stellen.,LFB_9999_d.08_5,-,-,-,-,-,-,5. Sem.,1
ET,9999 d.08,NQR 4,W,LN 4,BE,ET d8 03,Sie prüfen die Geräte unter Berücksichtigung derer Funktionen in der Gesamtanlage und im Gesamtprozess.,LFB_9999_d.08_5,-,-,-,-,-,-,5. Sem.,1
ET,9999 d.08,NQR 4,W,LN 3,BE,ET d8 04,Sie berücksichtigen in ihrem Vorgehen in der Gesamtanlage die Sicherheitsaspekte.,LFB_9999_d.08_5,-,-,-,-,-,-,5. Sem.,1
ET,9999 d.08,NQR 4,W,LN 3,BE,ET d8 05,Sie prüfen die Geräte unter Einhaltung der Richtlinien für den Personenschutz.,LFB_9999_d.08_5,-,-,-,-,-,-,5. Sem.,1
ET,9999 d.08,NQR 4,W,LN 4,BE,ET d8 06,Sie planen zusammen mit den verantwortlichen Personen den Prüfablauf.,LFB_9999_d.08_5,-,-,-,-,-,-,5. Sem.,1
ET,9999 d.08,NQR 4,W,LN 4,BE,ET d8 07,Sie besprechen mit den zuständigen Personen auftretende Probleme und nötige Massnahmen bezüglich Wartung und Reparatur.,LFB_9999_d.08_5,-,-,-,-,-,-,5. Sem.,1
ET,9999 d.08,NQR 4,W,LN 3,BE,ET d8 08,Sie erstellen einen Prüfbericht mit den getätigten Messungen und Massnahmen.,LFB_9999_d.08_5,-,-,-,-,-,-,5. Sem.,1
ET,9999 d.08,NQR 4,W,LN 3,BE,ET d8 01,Sie passen die Vorgehensweise der Gerätesituation an.,LFB_9999_d.08_6,-,-,-,-,-,-,6. Sem.,1
ET,9999 d.08,NQR 4,W,LN 3,BE,ET d8 02,Sie beschaffen die Dokumentationen für die Geräte bei den zuständigen Stellen.,LFB_9999_d.08_6,-,-,-,-,-,-,6. Sem.,1
ET,9999 d.08,NQR 4,W,LN 4,BE,ET d8 03,Sie prüfen die Geräte unter Berücksichtigung derer Funktionen in der Gesamtanlage und im Gesamtprozess.,LFB_9999_d.08_6,-,-,-,-,-,-,6. Sem.,1
ET,9999 d.08,NQR 4,W,LN 3,BE,ET d8 04,Sie berücksichtigen in ihrem Vorgehen in der Gesamtanlage die Sicherheitsaspekte.,LFB_9999_d.08_6,-,-,-,-,-,-,6. Sem.,1
ET,9999 d.08,NQR 4,W,LN 3,BE,ET d8 05,Sie prüfen die Geräte unter Einhaltung der Richtlinien für den Personenschutz.,LFB_9999_d.08_6,-,-,-,-,-,-,6. Sem.,1
ET,9999 d.08,NQR 4,W,LN 4,BE,ET d8 06,Sie planen zusammen mit den verantwortlichen Personen den Prüfablauf.,LFB_9999_d.08_6,-,-,-,-,-,-,6. Sem.,1
ET,9999 d.08,NQR 4,W,LN 4,BE,ET d8 07,Sie besprechen mit den zuständigen Personen auftretende Probleme und nötige Massnahmen bezüglich Wartung und Reparatur.,LFB_9999_d.08_6,-,-,-,-,-,-,6. Sem.,1
ET,9999 d.08,NQR 4,W,LN 3,BE,ET d8 08,Sie erstellen einen Prüfbericht mit den getätigten Messungen und Massnahmen.,LFB_9999_d.08_6,-,-,-,-,-,-,6. Sem.,1
ET,9999 d.08,NQR 4,W,LN 3,BE,ET d8 01,Sie passen die Vorgehensweise der Gerätesituation an.,LFB_9999_d.08_7,-,-,-,-,-,-,7. Sem.,1
ET,9999 d.08,NQR 4,W,LN 3,BE,ET d8 02,Sie beschaffen die Dokumentationen für die Geräte bei den zuständigen Stellen.,LFB_9999_d.08_7,-,-,-,-,-,-,7. Sem.,1
ET,9999 d.08,NQR 4,W,LN 4,BE,ET d8 03,Sie prüfen die Geräte unter Berücksichtigung derer Funktionen in der Gesamtanlage und im Gesamtprozess.,LFB_9999_d.08_7,-,-,-,-,-,-,7. Sem.,1
ET,9999 d.08,NQR 4,W,LN 3,BE,ET d8 04,Sie berücksichtigen in ihrem Vorgehen in der Gesamtanlage die Sicherheitsaspekte.,LFB_9999_d.08_7,-,-,-,-,-,-,7. Sem.,1
ET,9999 d.08,NQR 4,W,LN 3,BE,ET d8 05,Sie prüfen die Geräte unter Einhaltung der Richtlinien für den Personenschutz.,LFB_9999_d.08_7,-,-,-,-,-,-,7. Sem.,1
ET,9999 d.08,NQR 4,W,LN 4,BE,ET d8 06,Sie planen zusammen mit den verantwortlichen Personen den Prüfablauf.,LFB_9999_d.08_7,-,-,-,-,-,-,7. Sem.,1
ET,9999 d.08,NQR 4,W,LN 4,BE,ET d8 07,Sie besprechen mit den zuständigen Personen auftretende Probleme und nötige Massnahmen bezüglich Wartung und Reparatur.,LFB_9999_d.08_7,-,-,-,-,-,-,7. Sem.,1
ET,9999 d.08,NQR 4,W,LN 3,BE,ET d8 08,Sie erstellen einen Prüfbericht mit den getätigten Messungen und Massnahmen.,LFB_9999_d.08_7,-,-,-,-,-,-,7. Sem.,1
ET,9999 d.08,NQR 4,W,LN 3,BE,ET d8 01,Sie passen die Vorgehensweise der Gerätesituation an.,LFB_9999_d.08_8,-,-,-,-,-,-,8. Sem.,1
ET,9999 d.08,NQR 4,W,LN 3,BE,ET d8 02,Sie beschaffen die Dokumentationen für die Geräte bei den zuständigen Stellen.,LFB_9999_d.08_8,-,-,-,-,-,-,8. Sem.,1
ET,9999 d.08,NQR 4,W,LN 4,BE,ET d8 03,Sie prüfen die Geräte unter Berücksichtigung derer Funktionen in der Gesamtanlage und im Gesamtprozess.,LFB_9999_d.08_8,-,-,-,-,-,-,8. Sem.,1
ET,9999 d.08,NQR 4,W,LN 3,BE,ET d8 04,Sie berücksichtigen in ihrem Vorgehen in der Gesamtanlage die Sicherheitsaspekte.,LFB_9999_d.08_8,-,-,-,-,-,-,8. Sem.,1
ET,9999 d.08,NQR 4,W,LN 3,BE,ET d8 05,Sie prüfen die Geräte unter Einhaltung der Richtlinien für den Personenschutz.,LFB_9999_d.08_8,-,-,-,-,-,-,8. Sem.,1
ET,9999 d.08,NQR 4,W,LN 4,BE,ET d8 06,Sie planen zusammen mit den verantwortlichen Personen den Prüfablauf.,LFB_9999_d.08_8,-,-,-,-,-,-,8. Sem.,1
ET,9999 d.08,NQR 4,W,LN 4,BE,ET d8 07,Sie besprechen mit den zuständigen Personen auftretende Probleme und nötige Massnahmen bezüglich Wartung und Reparatur.,LFB_9999_d.08_8,-,-,-,-,-,-,8. Sem.,1
ET,9999 d.08,NQR 4,W,LN 3,BE,ET d8 08,Sie erstellen einen Prüfbericht mit den getätigten Messungen und Massnahmen.,LFB_9999_d.08_8,-,-,-,-,-,-,8. Sem.,1
ET,9999 d.09,NQR 4,W,LN 4,BE,ET d9 01,Sie wählen auf Grund des Pflichtenhefts die geeignetsten Geräte.,LFB_9999_d.09_5,-,-,-,-,-,-,5. Sem.,1
ET,9999 d.09,NQR 4,W,LN 4,BE,ET d9 02,Sie verbinden oder vernetzen zur Erfüllung der Anforderungen aus dem Pflichtenheft verschiedene Geräte.,LFB_9999_d.09_5,-,-,-,-,-,-,5. Sem.,1
ET,9999 d.09,NQR 4,W,LN 5,BE,ET d9 03,Sie konfigurieren zur Lösung der gestellten Aufgabe die Geräte.,LFB_9999_d.09_5,-,-,-,-,-,-,5. Sem.,1
ET,9999 d.09,NQR 4,W,LN 3,BE,ET d9 04,Sie nehmen das technische System unter Berücksichtigung von Sicherheitsvorschriften in Betrieb und dokumentieren dies nachvollziehbar.,LFB_9999_d.09_5,-,-,-,-,-,-,5. Sem.,1
ET,9999 d.09,NQR 4,W,LN 4,BE,ET d9 05,Sie beheben Fehler oder Probleme und dokumentieren gemachte Änderungen.,LFB_9999_d.09_5,-,-,-,-,-,-,5. Sem.,1
ET,9999 d.09,NQR 4,W,LN 4,BE,ET d9 01,Sie wählen auf Grund des Pflichtenhefts die geeignetsten Geräte.,LFB_9999_d.09_6,-,-,-,-,-,-,6. Sem.,1
ET,9999 d.09,NQR 4,W,LN 4,BE,ET d9 02,Sie verbinden oder vernetzen zur Erfüllung der Anforderungen aus dem Pflichtenheft verschiedene Geräte.,LFB_9999_d.09_6,-,-,-,-,-,-,6. Sem.,1
ET,9999 d.09,NQR 4,W,LN 5,BE,ET d9 03,Sie konfigurieren zur Lösung der gestellten Aufgabe die Geräte.,LFB_9999_d.09_6,-,-,-,-,-,-,6. Sem.,1
ET,9999 d.09,NQR 4,W,LN 3,BE,ET d9 04,Sie nehmen das technische System unter Berücksichtigung von Sicherheitsvorschriften in Betrieb und dokumentieren dies nachvollziehbar.,LFB_9999_d.09_6,-,-,-,-,-,-,6. Sem.,1
ET,9999 d.09,NQR 4,W,LN 4,BE,ET d9 05,Sie beheben Fehler oder Probleme und dokumentieren gemachte Änderungen.,LFB_9999_d.09_6,-,-,-,-,-,-,6. Sem.,1
ET,9999 d.09,NQR 4,W,LN 4,BE,ET d9 01,Sie wählen auf Grund des Pflichtenhefts die geeignetsten Geräte.,LFB_9999_d.09_7,-,-,-,-,-,-,7. Sem.,1
ET,9999 d.09,NQR 4,W,LN 4,BE,ET d9 02,Sie verbinden oder vernetzen zur Erfüllung der Anforderungen aus dem Pflichtenheft verschiedene Geräte.,LFB_9999_d.09_7,-,-,-,-,-,-,7. Sem.,1
ET,9999 d.09,NQR 4,W,LN 5,BE,ET d9 03,Sie konfigurieren zur Lösung der gestellten Aufgabe die Geräte.,LFB_9999_d.09_7,-,-,-,-,-,-,7. Sem.,1
ET,9999 d.09,NQR 4,W,LN 4,BE,ET d9 05,Sie beheben Fehler oder Probleme und dokumentieren gemachte Änderungen.,LFB_9999_d.09_7,-,-,-,-,-,-,7. Sem.,1
ET,9999 d.09,NQR 4,W,LN 4,BE,ET d9 01,Sie wählen auf Grund des Pflichtenhefts die geeignetsten Geräte.,LFB_9999_d.09_8,-,-,-,-,-,-,8. Sem.,1
ET,9999 d.09,NQR 4,W,LN 4,BE,ET d9 02,Sie verbinden oder vernetzen zur Erfüllung der Anforderungen aus dem Pflichtenheft verschiedene Geräte.,LFB_9999_d.09_8,-,-,-,-,-,-,8. Sem.,1
ET,9999 d.09,NQR 4,W,LN 5,BE,ET d9 03,Sie konfigurieren zur Lösung der gestellten Aufgabe die Geräte.,LFB_9999_d.09_8,-,-,-,-,-,-,8. Sem.,1
ET,9999 d.09,NQR 4,W,LN 4,BE,ET d9 05,Sie beheben Fehler oder Probleme und dokumentieren gemachte Änderungen.,LFB_9999_d.09_8,-,-,-,-,-,-,8. Sem.,1
